2026-05-11 14:18:00,484 WARNING No BioProject found for 'PRJNA1050789'
2026-05-11 14:20:32,422 WARNING No BioProject found for 'PRJNA1190403'
2026-05-11 14:27:13,703 WARNING No BioProject found for '-'
2026-05-11 14:28:00,999 WARNING No BioProject found for 'PRJNA1244410'
2026-05-11 14:28:35,775 WARNING No BioProject found for 'PRJNA1248477'
2026-05-11 14:33:11,843 WARNING No BioProject found for 'PRJNA857927'
2026-05-11 14:37:19,137 WARNING No BioProject found for 'PRJNA1371863'
2026-05-11 14:37:22,337 WARNING No BioProject found for 'PRJNA1372747'
2026-05-11 14:37:52,769 WARNING Retry 1/5 for 'PRJNA531317[PRJNA]': Client error '429 Too Many Requests' for url 'https://eutils.ncbi.nlm.nih.gov/entrez/eutils/esearch.fcgi?db=bioproject&term=PRJNA531317%5BPRJNA%5D&retmode=json&usehistory=y&api_key=61e038518e781de982cddacff077ec29ae09'
For more information check: https://developer.mozilla.org/en-US/docs/Web/HTTP/Status/429
2026-05-11 14:38:00,727 WARNING No BioProject found for 'PRJNA1136968'
2026-05-11 14:38:16,721 WARNING Retry 1/5 for 'PRJNA1012805[PRJNA]': Client error '429 Too Many Requests' for url 'https://eutils.ncbi.nlm.nih.gov/entrez/eutils/esearch.fcgi?db=bioproject&term=PRJNA1012805%5BPRJNA%5D&retmode=json&usehistory=y&api_key=61e038518e781de982cddacff077ec29ae09'
For more information check: https://developer.mozilla.org/en-US/docs/Web/HTTP/Status/429
2026-05-11 14:38:17,008 WARNING Retry 1/5 for 'PRJNA1138785[PRJNA]': Client error '429 Too Many Requests' for url 'https://eutils.ncbi.nlm.nih.gov/entrez/eutils/esearch.fcgi?db=bioproject&term=PRJNA1138785%5BPRJNA%5D&retmode=json&usehistory=y&api_key=61e038518e781de982cddacff077ec29ae09'
For more information check: https://developer.mozilla.org/en-US/docs/Web/HTTP/Status/429
2026-05-11 14:43:36,541 WARNING Retry 1/5 for 'PRJNA1076139' (full chain): elink backend error in linksetdbhistories: 'callMLink: Query failed on MegaLink server'
2026-05-11 14:43:37,570 WARNING Retry 1/5 for 'PRJNA600497' (full chain): elink backend error in linksetdbhistories: 'callMLink: Query failed on MegaLink server'
2026-05-11 14:43:40,828 WARNING Retry 1/5 for 'PRJNA1161661' (full chain): elink backend error in linksetdbhistories: 'callMLink: Query failed on MegaLink server'
2026-05-11 14:43:46,879 WARNING Retry 1/5 for 'PRJNA632602' (full chain): elink backend error in linksetdbhistories: 'callMLink: Query failed on MegaLink server'
2026-05-11 14:43:49,922 WARNING Retry 1/5 for 'PRJNA902656' (full chain): elink backend error in linksetdbhistories: 'callMLink: Query failed on MegaLink server'
2026-05-11 14:43:50,052 WARNING Retry 1/5 for 'PRJNA1088304' (full chain): elink backend error in linksetdbhistories: 'callMLink: Query failed on MegaLink server'
2026-05-11 14:43:50,209 WARNING Retry 1/5 for 'PRJNA769128' (full chain): elink backend error in linksetdbhistories: 'callMLink: Query failed on MegaLink server'
2026-05-11 14:43:50,278 WARNING Retry 1/5 for 'PRJNA1035068' (full chain): elink backend error in linksetdbhistories: 'callMLink: Query failed on MegaLink server'
2026-05-11 14:43:50,322 WARNING Retry 1/5 for 'PRJNA1034615' (full chain): elink backend error in linksetdbhistories: 'callMLink: Query failed on MegaLink server'
2026-05-11 14:43:54,421 WARNING Retry 1/5 for 'PRJNA885816' (full chain): elink backend error in linksetdbhistories: 'callMLink: Query failed on MegaLink server'
2026-05-11 14:43:54,817 WARNING Retry 1/5 for 'PRJNA1090428' (full chain): elink backend error in linksetdbhistories: 'callMLink: Query failed on MegaLink server'
2026-05-11 14:43:57,783 WARNING Retry 1/5 for 'PRJNA770112' (full chain): elink backend error in linksetdbhistories: 'callMLink: Query failed on MegaLink server'
2026-05-11 14:43:57,927 WARNING Retry 1/5 for 'PRJNA1036165' (full chain): elink backend error in linksetdbhistories: 'callMLink: Query failed on MegaLink server'
2026-05-11 14:43:59,281 WARNING Retry 1/5 for 'PRJNA1092677' (full chain): elink backend error in linksetdbhistories: 'callMLink: Query failed on MegaLink server'
2026-05-11 14:44:01,319 WARNING Bad JSON from elink (content-type: application/json; charset=UTF-8): '{"header":{"type":"elink","version":"0.3"},"linksets":[{"dbfrom":"bioproject","ids":["1162800"],"linksetdbhistories":[{"dbto":"sra","linkname":"bioproject_sra","ERROR":"callMLink: Failed MegaLink cal
2026-05-11 14:44:01,319 WARNING Retry 1/5 for 'PRJNA1162800' (full chain): Invalid control character at: line 1 column 236 (char 235)
2026-05-11 14:44:01,925 WARNING Retry 1/5 for 'PRJNA1089797' (full chain): elink backend error in linksetdbhistories: 'callMLink: Query failed on MegaLink server'
2026-05-11 14:44:01,980 WARNING Retry 1/5 for 'PRJNA903139' (full chain): elink backend error in linksetdbhistories: 'callMLink: Query failed on MegaLink server'
2026-05-11 14:44:05,291 WARNING Retry 1/5 for 'PRJNA903151' (full chain): elink backend error in linksetdbhistories: 'callMLink: Query failed on MegaLink server'
2026-05-11 14:44:05,458 WARNING Retry 1/5 for 'PRJNA903159' (full chain): elink backend error in linksetdbhistories: 'callMLink: Query failed on MegaLink server'
2026-05-11 14:44:09,698 WARNING Retry 1/5 for 'PRJNA903168' (full chain): elink backend error in linksetdbhistories: 'callMLink: Query failed on MegaLink server'
2026-05-11 14:44:09,879 WARNING Retry 1/5 for 'PRJNA603542' (full chain): elink backend error in linksetdbhistories: 'callMLink: Query failed on MegaLink server'
2026-05-11 14:44:10,407 WARNING Retry 1/5 for 'PRJNA903394' (full chain): elink backend error in linksetdbhistories: 'callMLink: Query failed on MegaLink server'
2026-05-11 14:44:10,702 WARNING Retry 1/5 for 'PRJNA1037006' (full chain): elink backend error in linksetdbhistories: 'callMLink: Query failed on MegaLink server'
2026-05-11 14:44:11,056 WARNING Retry 1/5 for 'PRJNA976191' (full chain): elink backend error in linksetdbhistories: 'callMLink: Query failed on MegaLink server'
2026-05-11 14:44:14,324 WARNING Retry 1/5 for 'PRJNA903207' (full chain): elink backend error in linksetdbhistories: 'callMLink: Query failed on MegaLink server'
2026-05-11 14:44:14,456 WARNING Retry 1/5 for 'PRJNA1101675' (full chain): elink backend error in linksetdbhistories: 'callMLink: Query failed on MegaLink server'
2026-05-11 14:44:18,563 WARNING Retry 1/5 for 'PRJNA1037699' (full chain): elink backend error in linksetdbhistories: 'callMLink: Query failed on MegaLink server'
2026-05-11 14:44:22,059 WARNING Retry 1/5 for 'PRJNA903913' (full chain): elink backend error in linksetdbhistories: 'callMLink: Query failed on MegaLink server'
2026-05-11 14:44:22,499 WARNING Retry 1/5 for 'PRJNA1112410' (full chain): elink backend error in linksetdbhistories: 'callMLink: Query failed on MegaLink server'
2026-05-11 14:44:22,507 WARNING Retry 1/5 for 'PRJNA605420' (full chain): elink backend error in linksetdbhistories: 'callMLink: Query failed on MegaLink server'
2026-05-11 14:44:22,575 WARNING Retry 1/5 for 'PRJNA1165807' (full chain): elink backend error in linksetdbhistories: 'callMLink: Query failed on MegaLink server'
2026-05-11 14:44:23,118 WARNING Retry 1/5 for 'PRJNA1165780' (full chain): elink backend error in linksetdbhistories: 'callMLink: Query failed on MegaLink server'
2026-05-11 14:44:23,619 WARNING Retry 1/5 for 'PRJNA904275' (full chain): elink backend error in linksetdbhistories: 'callMLink: Query failed on MegaLink server'
2026-05-11 14:44:23,633 WARNING Retry 1/5 for 'PRJNA772759' (full chain): elink backend error in linksetdbhistories: 'callMLink: Query failed on MegaLink server'
2026-05-11 14:44:26,364 WARNING Retry 1/5 for 'PRJNA1166072' (full chain): elink backend error in linksetdbhistories: 'callMLink: Query failed on MegaLink server'
2026-05-11 14:44:28,070 WARNING Retry 1/5 for 'PRJNA606214' (full chain): elink backend error in linksetdbhistories: 'callMLink: Query failed on MegaLink server'
2026-05-11 14:44:29,776 WARNING Retry 1/5 for 'PRJNA904335' (full chain): elink backend error in linksetdbhistories: 'callMLink: Query failed on MegaLink server'
2026-05-11 14:44:29,780 WARNING Retry 1/5 for 'PRJNA1117889' (full chain): elink backend error in linksetdbhistories: 'callMLink: Query failed on MegaLink server'
2026-05-11 14:44:29,781 WARNING Retry 1/5 for 'PRJNA1039248' (full chain): elink backend error in linksetdbhistories: 'callMLink: Query failed on MegaLink server'
2026-05-11 14:44:32,993 WARNING Retry 1/5 for 'PRJNA606213' (full chain): elink backend error in linksetdbhistories: 'callMLink: Query failed on MegaLink server'
2026-05-11 14:44:34,239 WARNING Retry 1/5 for 'PRJNA1117217' (full chain): elink backend error in linksetdbhistories: 'callMLink: Query failed on MegaLink server'
2026-05-11 14:44:34,397 WARNING Retry 1/5 for 'PRJNA1039791' (full chain): elink backend error in linksetdbhistories: 'callMLink: Query failed on MegaLink server'
2026-05-11 14:44:34,998 WARNING Retry 1/5 for 'PRJNA606505' (full chain): elink backend error in linksetdbhistories: 'callMLink: Query failed on MegaLink server'
2026-05-11 14:44:37,779 WARNING Retry 1/5 for 'PRJNA1039810' (full chain): elink backend error in linksetdbhistories: 'callMLink: Query failed on MegaLink server'
2026-05-11 14:44:38,082 WARNING Retry 1/5 for 'PRJNA1040180' (full chain): elink backend error in linksetdbhistories: 'callMLink: Query failed on MegaLink server'
2026-05-11 14:44:38,317 WARNING Retry 1/5 for 'PRJNA1166666' (full chain): elink backend error in linksetdbhistories: 'callMLink: Query failed on MegaLink server'
2026-05-11 14:44:38,327 WARNING Retry 1/5 for 'PRJNA606579' (full chain): elink backend error in linksetdbhistories: 'callMLink: Query failed on MegaLink server'
2026-05-11 14:44:39,564 WARNING Retry 1/5 for 'PRJNA1040140' (full chain): elink backend error in linksetdbhistories: 'callMLink: Query failed on MegaLink server'
2026-05-11 14:44:40,337 WARNING Retry 1/5 for 'PRJNA905446' (full chain): elink backend error in linksetdbhistories: 'callMLink: Query failed on MegaLink server'
2026-05-11 14:44:41,967 WARNING Retry 1/5 for 'PRJNA906018' (full chain): elink backend error in linksetdbhistories: 'callMLink: Query failed on MegaLink server'
2026-05-11 14:44:41,994 WARNING Retry 1/5 for 'PRJNA905813' (full chain): elink backend error in linksetdbhistories: 'callMLink: Query failed on MegaLink server'
2026-05-11 14:44:42,282 WARNING Retry 1/5 for 'PRJNA1040178' (full chain): elink backend error in linksetdbhistories: 'callMLink: Query failed on MegaLink server'
2026-05-11 14:44:45,113 WARNING Retry 1/5 for 'PRJNA606764' (full chain): elink backend error in linksetdbhistories: 'callMLink: Query failed on MegaLink server'
2026-05-11 14:44:46,316 WARNING Retry 1/5 for 'PRJNA607808' (full chain): elink backend error in linksetdbhistories: 'callMLink: Query failed on MegaLink server'
2026-05-11 14:44:46,526 WARNING Retry 1/5 for 'PRJNA1167763' (full chain): elink backend error in linksetdbhistories: 'callMLink: Query failed on MegaLink server'
2026-05-11 14:44:46,829 WARNING Retry 1/5 for 'PRJNA1040756' (full chain): elink backend error in linksetdbhistories: 'callMLink: Query failed on MegaLink server'
2026-05-11 14:44:50,445 WARNING Retry 1/5 for 'PRJNA1040872' (full chain): elink backend error in linksetdbhistories: 'callMLink: Query failed on MegaLink server'
2026-05-11 14:44:51,089 WARNING Retry 1/5 for 'PRJNA1168119' (full chain): elink backend error in linksetdbhistories: 'callMLink: Query failed on MegaLink server'
2026-05-11 14:44:53,029 WARNING Retry 1/5 for 'PRJNA608757' (full chain): elink backend error in linksetdbhistories: 'callMLink: Query failed on MegaLink server'
2026-05-11 14:44:54,411 WARNING Retry 1/5 for 'PRJNA906519' (full chain): elink backend error in linksetdbhistories: 'callMLink: Query failed on MegaLink server'
2026-05-11 14:44:55,139 WARNING Retry 1/5 for 'PRJNA1168537' (full chain): elink backend error in linksetdbhistories: 'callMLink: Query failed on MegaLink server'
2026-05-11 14:44:58,268 WARNING Retry 1/5 for 'PRJNA1041411' (full chain): elink backend error in linksetdbhistories: 'callMLink: Query failed on MegaLink server'
2026-05-11 14:44:58,807 WARNING Retry 1/5 for 'PRJNA1041799' (full chain): elink backend error in linksetdbhistories: 'callMLink: Query failed on MegaLink server'
2026-05-11 14:44:59,044 WARNING Retry 1/5 for 'PRJNA609340' (full chain): elink backend error in linksetdbhistories: 'callMLink: Query failed on MegaLink server'
2026-05-11 14:44:59,705 WARNING Retry 1/5 for 'PRJNA1041815' (full chain): elink backend error in linksetdbhistories: 'callMLink: Query failed on MegaLink server'
2026-05-11 14:44:59,743 WARNING Retry 1/5 for 'PRJNA1168949' (full chain): elink backend error in linksetdbhistories: 'callMLink: Query failed on MegaLink server'
2026-05-11 14:45:02,945 WARNING Retry 1/5 for 'PRJNA1041864' (full chain): elink backend error in linksetdbhistories: 'callMLink: Query failed on MegaLink server'
2026-05-11 14:45:03,270 WARNING Retry 1/5 for 'PRJNA1168979' (full chain): elink backend error in linksetdbhistories: 'callMLink: Query failed on MegaLink server'
2026-05-11 14:45:03,637 WARNING Retry 1/5 for 'PRJNA1168651' (full chain): elink backend error in linksetdbhistories: 'callMLink: Query failed on MegaLink server'
2026-05-11 14:45:07,469 WARNING Retry 1/5 for 'PRJNA1043114' (full chain): elink backend error in linksetdbhistories: 'callMLink: Query failed on MegaLink server'
2026-05-11 14:45:07,473 WARNING Retry 1/5 for 'PRJNA1043147' (full chain): elink backend error in linksetdbhistories: 'callMLink: Query failed on MegaLink server'
2026-05-11 14:45:10,406 WARNING Retry 1/5 for 'PRJNA610608' (full chain): elink backend error in linksetdbhistories: 'callMLink: Query failed on MegaLink server'
2026-05-11 14:45:10,787 WARNING Retry 1/5 for 'PRJNA908874' (full chain): elink backend error in linksetdbhistories: 'callMLink: Query failed on MegaLink server'
2026-05-11 14:45:10,801 WARNING Retry 1/5 for 'PRJNA908847' (full chain): elink backend error in linksetdbhistories: 'callMLink: Query failed on MegaLink server'
2026-05-11 14:45:11,190 WARNING Retry 1/5 for 'PRJNA1042832' (full chain): elink backend error in linksetdbhistories: 'callMLink: Query failed on MegaLink server'
2026-05-11 14:45:11,244 WARNING Retry 1/5 for 'PRJNA1170949' (full chain): elink backend error in linksetdbhistories: 'callMLink: Query failed on MegaLink server'
2026-05-11 14:45:13,826 WARNING Bad JSON from elink (content-type: application/json; charset=UTF-8): '{"header":{"type":"elink","version":"0.3"},"linksets":[{"dbfrom":"bioproject","ids":["611084"],"linksetdbhistories":[{"dbto":"sra","linkname":"bioproject_sra","ERROR":"callMLink: Failed MegaLink call
2026-05-11 14:45:13,827 WARNING Retry 1/5 for 'PRJNA611084' (full chain): Invalid control character at: line 1 column 235 (char 234)
2026-05-11 14:45:14,028 WARNING Bad JSON from elink (content-type: application/json; charset=UTF-8): '{"header":{"type":"elink","version":"0.3"},"linksets":[{"dbfrom":"bioproject","ids":["1043662"],"linksetdbhistories":[{"dbto":"sra","linkname":"bioproject_sra","ERROR":"callMLink: Failed MegaLink cal
2026-05-11 14:45:14,029 WARNING Retry 1/5 for 'PRJNA1043662' (full chain): Invalid control character at: line 1 column 236 (char 235)
2026-05-11 14:45:15,599 WARNING Bad JSON from elink (content-type: application/json; charset=UTF-8): '{"header":{"type":"elink","version":"0.3"},"linksets":[{"dbfrom":"bioproject","ids":["1170290"],"linksetdbhistories":[{"dbto":"sra","linkname":"bioproject_sra","ERROR":"callMLink: Failed MegaLink cal
2026-05-11 14:45:15,600 WARNING Retry 1/5 for 'PRJNA1170290' (full chain): Invalid control character at: line 1 column 236 (char 235)
2026-05-11 14:45:15,746 WARNING Bad JSON from elink (content-type: application/json; charset=UTF-8): '{"header":{"type":"elink","version":"0.3"},"linksets":[{"dbfrom":"bioproject","ids":["1043671"],"linksetdbhistories":[{"dbto":"sra","linkname":"bioproject_sra","querykey":"2"},{"dbto":"sra","linkname
2026-05-11 14:45:15,746 WARNING Retry 1/5 for 'PRJNA1043671' (full chain): Invalid control character at: line 1 column 298 (char 297)
2026-05-11 14:45:15,848 WARNING Retry 1/5 for 'PRJDB9974' (full chain): elink backend error in linksetdbhistories: 'callMLink: Query failed on MegaLink server'
2026-05-11 14:45:16,006 WARNING Retry 1/5 for 'PRJNA909608' (full chain): elink backend error in linksetdbhistories: 'callMLink: Query failed on MegaLink server'
2026-05-11 14:45:17,794 WARNING Bad JSON from elink (content-type: application/json; charset=UTF-8): '{"header":{"type":"elink","version":"0.3"},"linksets":[{"dbfrom":"bioproject","ids":["1044045"],"linksetdbhistories":[{"dbto":"sra","linkname":"bioproject_sra","ERROR":"callMLink: Failed MegaLink cal
2026-05-11 14:45:17,795 WARNING Retry 1/5 for 'PRJNA1044045' (full chain): Invalid control character at: line 1 column 236 (char 235)
2026-05-11 14:45:19,765 WARNING Retry 1/5 for 'PRJNA1123300' (full chain): elink backend error in linksetdbhistories: 'callMLink: Query failed on MegaLink server'
2026-05-11 14:45:20,350 WARNING Retry 1/5 for 'PRJNA910552' (full chain): elink backend error in linksetdbhistories: 'callMLink: Query failed on MegaLink server'
2026-05-11 14:45:20,428 WARNING Retry 1/5 for 'PRJNA909630' (full chain): elink backend error in linksetdbhistories: 'callMLink: Query failed on MegaLink server'
2026-05-11 14:45:23,134 WARNING Retry 1/5 for 'PRJNA1044446' (full chain): elink backend error in linksetdbhistories: 'callMLink: Query failed on MegaLink server'
2026-05-11 14:45:23,888 WARNING Bad JSON from elink (content-type: application/json; charset=UTF-8): '{"header":{"type":"elink","version":"0.3"},"linksets":[{"dbfrom":"bioproject","ids":["926992"],"linksetdbhistories":[{"dbto":"sra","linkname":"bioproject_sra","ERROR":"callMLink: Query failed on Mega
2026-05-11 14:45:23,889 WARNING Retry 1/5 for 'PRJNA926992' (full chain): Invalid control character at: line 1 column 335 (char 334)
2026-05-11 14:45:23,980 WARNING Bad JSON from elink (content-type: application/json; charset=UTF-8): '{"header":{"type":"elink","version":"0.3"},"linksets":[{"dbfrom":"bioproject","ids":["1171841"],"linksetdbhistories":[{"dbto":"sra","linkname":"bioproject_sra","ERROR":"callMLink: Failed MegaLink cal
2026-05-11 14:45:23,981 WARNING Retry 1/5 for 'PRJNA1171841' (full chain): Invalid control character at: line 1 column 236 (char 235)
2026-05-11 14:45:24,342 WARNING Retry 1/5 for 'PRJNA1045531' (full chain): elink backend error in linksetdbhistories: 'callMLink: Query failed on MegaLink server'
2026-05-11 14:45:26,784 WARNING Bad JSON from elink (content-type: application/json; charset=UTF-8): '{"header":{"type":"elink","version":"0.3"},"linksets":[{"dbfrom":"bioproject","ids":["1124364"],"linksetdbhistories":[{"dbto":"sra","linkname":"bioproject_sra","ERROR":"callMLink: Failed MegaLink cal
2026-05-11 14:45:26,785 WARNING Retry 1/5 for 'PRJNA1124364' (full chain): Invalid control character at: line 1 column 236 (char 235)
2026-05-11 14:45:27,902 WARNING Retry 1/5 for 'PRJNA1124428' (full chain): elink backend error in linksetdbhistories: 'callMLink: Query failed on MegaLink server'
2026-05-11 14:45:27,949 WARNING Retry 1/5 for 'PRJNA1044826' (full chain): elink backend error in linksetdbhistories: 'callMLink: Query failed on MegaLink server'
2026-05-11 14:45:28,172 WARNING Retry 1/5 for 'PRJNA613264' (full chain): elink backend error in linksetdbhistories: 'callMLink: Query failed on MegaLink server'
2026-05-11 14:45:28,368 WARNING Retry 1/5 for 'PRJNA910961' (full chain): elink backend error in linksetdbhistories: 'callMLink: Query failed on MegaLink server'
2026-05-11 14:45:31,084 WARNING Retry 1/5 for 'PRJNA1173093' (full chain): 
2026-05-11 14:45:31,565 WARNING Retry 1/5 for 'PRJNA910588' (full chain): elink backend error in linksetdbhistories: 'callMLink: Query failed on MegaLink server'
2026-05-11 14:45:31,767 WARNING Retry 1/5 for 'PRJNA613631' (full chain): elink backend error in linksetdbhistories: 'callMLink: Query failed on MegaLink server'
2026-05-11 14:45:31,769 WARNING Retry 1/5 for 'PRJNA774360' (full chain): elink backend error in linksetdbhistories: 'callMLink: Query failed on MegaLink server'
2026-05-11 14:45:31,894 WARNING Retry 1/5 for 'PRJNA768275' (full chain): elink backend error in linksetdbhistories: 'callMLink: Query failed on MegaLink server'
2026-05-11 14:45:32,059 WARNING Retry 1/5 for 'PRJNA1045693' (full chain): elink backend error in linksetdbhistories: 'callMLink: Query failed on MegaLink server'
2026-05-11 14:45:32,290 WARNING Retry 1/5 for 'PRJNA911164' (full chain): elink backend error in linksetdbhistories: 'callMLink: Query failed on MegaLink server'
2026-05-11 14:45:32,344 WARNING Retry 1/5 for 'PRJNA1173604' (full chain): elink backend error in linksetdbhistories: 'callMLink: Query failed on MegaLink server'
2026-05-11 14:45:32,349 WARNING Retry 1/5 for 'PRJNA1128326' (full chain): elink backend error in linksetdbhistories: 'callMLink: Query failed on MegaLink server'
2026-05-11 14:45:33,442 WARNING Bad JSON from elink (content-type: application/json; charset=UTF-8): '{"header":{"type":"elink","version":"0.3"},"linksets":[{"dbfrom":"bioproject","ids":["613275"],"linksetdbhistories":[{"dbto":"sra","linkname":"bioproject_sra","ERROR":"callMLink: Failed MegaLink call
2026-05-11 14:45:33,444 WARNING Retry 1/5 for 'PRJNA613275' (full chain): Invalid control character at: line 1 column 235 (char 234)
2026-05-11 14:45:35,502 WARNING Retry 1/5 for 'PRJNA1045667' (full chain): elink backend error in linksetdbhistories: 'callMLink: Query failed on MegaLink server'
2026-05-11 14:45:35,606 WARNING Retry 1/5 for 'PRJNA911256' (full chain): elink backend error in linksetdbhistories: 'callMLink: Query failed on MegaLink server'
2026-05-11 14:45:35,841 WARNING Retry 1/5 for 'PRJNA1135709' (full chain): elink backend error in linksetdbhistories: 'callMLink: Query failed on MegaLink server'
2026-05-11 14:45:35,962 WARNING Retry 1/5 for 'PRJNA1174189' (full chain): elink backend error in linksetdbhistories: 'callMLink: Query failed on MegaLink server'
2026-05-11 14:45:37,267 WARNING Bad JSON from elink (content-type: application/json; charset=UTF-8): '{"header":{"type":"elink","version":"0.3"},"linksets":[{"dbfrom":"bioproject","ids":["613632"],"linksetdbhistories":[{"dbto":"sra","linkname":"bioproject_sra","querykey":"2"},{"dbto":"sra","linkname"
2026-05-11 14:45:37,267 WARNING Retry 1/5 for 'PRJNA613632' (full chain): Invalid control character at: line 1 column 297 (char 296)
2026-05-11 14:45:39,269 WARNING Retry 1/5 for 'PRJNA774795' (full chain): elink backend error in linksetdbhistories: 'callMLink: Query failed on MegaLink server'
2026-05-11 14:45:40,200 WARNING Retry 1/5 for 'PRJNA1136828' (full chain): elink backend error in linksetdbhistories: 'callMLink: Query failed on MegaLink server'
2026-05-11 14:45:40,212 WARNING Retry 1/5 for 'PRJNA774881' (full chain): elink backend error in linksetdbhistories: 'callMLink: Query failed on MegaLink server'
2026-05-11 14:45:40,299 WARNING Retry 1/5 for 'PRJNA1174227' (full chain): elink backend error in linksetdbhistories: 'callMLink: Query failed on MegaLink server'
2026-05-11 14:45:40,357 WARNING Retry 1/5 for 'PRJNA911259' (full chain): elink backend error in linksetdbhistories: 'callMLink: Query failed on MegaLink server'
2026-05-11 14:45:40,506 WARNING Retry 1/5 for 'PRJNA1046019' (full chain): elink backend error in linksetdbhistories: 'callMLink: Query failed on MegaLink server'
2026-05-11 14:45:40,519 WARNING Retry 1/5 for 'PRJNA1174146' (full chain): elink backend error in linksetdbhistories: 'callMLink: Query failed on MegaLink server'
2026-05-11 14:45:40,524 WARNING Retry 1/5 for 'PRJNA1136564' (full chain): elink backend error in linksetdbhistories: 'callMLink: Query failed on MegaLink server'
2026-05-11 14:45:40,628 WARNING Retry 1/5 for 'PRJNA911302' (full chain): elink backend error in linksetdbhistories: 'callMLink: Query failed on MegaLink server'
2026-05-11 14:45:41,022 WARNING Retry 1/5 for 'PRJNA774989' (full chain): elink backend error in linksetdbhistories: 'callMLink: Query failed on MegaLink server'
2026-05-11 14:45:41,131 WARNING Retry 1/5 for 'PRJNA613927' (full chain): elink backend error in linksetdbhistories: 'callMLink: Query failed on MegaLink server'
2026-05-11 14:45:47,629 WARNING Retry 1/5 for 'PRJNA1138961' (full chain): elink backend error in linksetdbhistories: 'callMLink: Query failed on MegaLink server'
2026-05-11 14:45:47,767 WARNING Retry 1/5 for 'PRJNA1175026' (full chain): elink backend error in linksetdbhistories: 'callMLink: Query failed on MegaLink server'
2026-05-11 14:45:47,836 WARNING Retry 1/5 for 'PRJNA776330' (full chain): elink backend error in linksetdbhistories: 'callMLink: Query failed on MegaLink server'
2026-05-11 14:45:48,544 WARNING Retry 1/5 for 'PRJNA614539' (full chain): elink backend error in linksetdbhistories: 'callMLink: Query failed on MegaLink server'
2026-05-11 14:45:48,627 WARNING Bad JSON from elink (content-type: application/json; charset=UTF-8): '{"header":{"type":"elink","version":"0.3"},"linksets":[{"dbfrom":"bioproject","ids":["776164"],"linksetdbhistories":[{"dbto":"sra","linkname":"bioproject_sra","ERROR":"callMLink: Failed MegaLink call
2026-05-11 14:45:48,628 WARNING Retry 1/5 for 'PRJNA776164' (full chain): Invalid control character at: line 1 column 235 (char 234)
2026-05-11 14:45:52,153 WARNING Retry 1/5 for 'PRJNA615641' (full chain): elink backend error in linksetdbhistories: 'callMLink: Query failed on MegaLink server'
2026-05-11 14:45:52,741 WARNING Retry 1/5 for 'PRJNA911730' (full chain): 
2026-05-11 14:45:54,568 WARNING Retry 1/5 for 'PRJNA776028' (full chain): elink backend error in linksetdbhistories: 'callMLink: Query failed on MegaLink server'
2026-05-11 14:45:56,163 WARNING Retry 1/5 for 'PRJNA912182' (full chain): elink backend error in linksetdbhistories: 'callMLink: Query failed on MegaLink server'
2026-05-11 14:45:56,304 WARNING Retry 1/5 for 'PRJNA756542' (full chain): elink backend error in linksetdbhistories: 'callMLink: Query failed on MegaLink server'
2026-05-11 14:45:56,355 WARNING Retry 1/5 for 'PRJNA912227' (full chain): elink backend error in linksetdbhistories: 'callMLink: Query failed on MegaLink server'
2026-05-11 14:45:58,414 WARNING Bad JSON from elink (content-type: application/json; charset=UTF-8): '{"header":{"type":"elink","version":"0.3"},"linksets":[{"dbfrom":"bioproject","ids":["1146202"],"linksetdbhistories":[{"dbto":"sra","linkname":"bioproject_sra","ERROR":"callMLink: Failed MegaLink cal
2026-05-11 14:45:58,415 WARNING Retry 1/5 for 'PRJNA1146202' (full chain): Invalid control character at: line 1 column 236 (char 235)
2026-05-11 14:45:59,541 WARNING Retry 1/5 for 'PRJNA622691' (full chain): elink backend error in linksetdbhistories: 'callMLink: Query failed on MegaLink server'
2026-05-11 14:46:00,364 WARNING Retry 1/5 for 'PRJNA912699' (full chain): elink backend error in linksetdbhistories: 'callMLink: Query failed on MegaLink server'
2026-05-11 14:46:00,595 WARNING Retry 1/5 for 'PRJNA622769' (full chain): elink backend error in linksetdbhistories: 'callMLink: Query failed on MegaLink server'
2026-05-11 14:46:01,030 WARNING Retry 1/5 for 'PRJNA1047905' (full chain): elink backend error in linksetdbhistories: 'callMLink: Query failed on MegaLink server'
2026-05-11 14:46:01,040 WARNING Retry 1/5 for 'PRJNA777692' (full chain): elink backend error in linksetdbhistories: 'callMLink: Query failed on MegaLink server'
2026-05-11 14:46:01,067 WARNING Retry 1/5 for 'PRJNA1048387' (full chain): elink backend error in linksetdbhistories: 'callMLink: Query failed on MegaLink server'
2026-05-11 14:46:04,305 WARNING Retry 1/5 for 'PRJNA912745' (full chain): elink backend error in linksetdbhistories: 'callMLink: Query failed on MegaLink server'
2026-05-11 14:46:04,324 WARNING Retry 1/5 for 'PRJNA623361' (full chain): elink backend error in linksetdbhistories: 'callMLink: Query failed on MegaLink server'
2026-05-11 14:46:04,587 WARNING Retry 1/5 for 'PRJNA776426' (full chain): elink backend error in linksetdbhistories: 'callMLink: Query failed on MegaLink server'
2026-05-11 14:46:04,590 WARNING Retry 1/5 for 'PRJNA1176482' (full chain): elink backend error in linksetdbhistories: 'callMLink: Query failed on MegaLink server'
2026-05-11 14:46:04,642 WARNING Retry 1/5 for 'PRJNA1048446' (full chain): elink backend error in linksetdbhistories: 'callMLink: Query failed on MegaLink server'
2026-05-11 14:46:04,647 WARNING Retry 1/5 for 'PRJNA623408' (full chain): elink backend error in linksetdbhistories: 'callMLink: Query failed on MegaLink server'
2026-05-11 14:46:04,851 WARNING Retry 1/5 for 'PRJNA1157582' (full chain): elink backend error in linksetdbhistories: 'callMLink: Query failed on MegaLink server'
2026-05-11 14:46:04,854 WARNING Retry 1/5 for 'PRJNA1176173' (full chain): elink backend error in linksetdbhistories: 'callMLink: Query failed on MegaLink server'
2026-05-11 14:46:04,927 WARNING Retry 1/5 for 'PRJNA622707' (full chain): elink backend error in linksetdbhistories: 'callMLink: Query failed on MegaLink server'
2026-05-11 14:46:05,063 WARNING Retry 1/5 for 'PRJNA778071' (full chain): elink backend error in linksetdbhistories: 'callMLink: Query failed on MegaLink server'
2026-05-11 14:46:07,034 WARNING Bad JSON from elink (content-type: application/json; charset=UTF-8): '{"header":{"type":"elink","version":"0.3"},"linksets":[{"dbfrom":"bioproject","ids":["623424"],"linksetdbhistories":[{"dbto":"sra","linkname":"bioproject_sra","ERROR":"callMLink: Failed MegaLink call
2026-05-11 14:46:07,035 WARNING Retry 1/5 for 'PRJNA623424' (full chain): Invalid control character at: line 1 column 235 (char 234)
2026-05-11 14:46:07,800 WARNING Retry 1/5 for 'PRJNA1048434' (full chain): elink backend error in linksetdbhistories: 'callMLink: Query failed on MegaLink server'
2026-05-11 14:46:08,336 WARNING Retry 1/5 for 'PRJNA1176490' (full chain): elink backend error in linksetdbhistories: 'callMLink: Query failed on MegaLink server'
2026-05-11 14:46:08,370 WARNING Retry 1/5 for 'PRJNA1048821' (full chain): elink backend error in linksetdbhistories: 'callMLink: Query failed on MegaLink server'
2026-05-11 14:46:08,435 WARNING Retry 1/5 for 'PRJNA1071370' (full chain): elink backend error in linksetdbhistories: 'callMLink: Query failed on MegaLink server'
2026-05-11 14:46:08,900 WARNING Bad JSON from elink (content-type: application/json; charset=UTF-8): '{"header":{"type":"elink","version":"0.3"},"linksets":[{"dbfrom":"bioproject","ids":["1176504"],"linksetdbhistories":[{"dbto":"sra","linkname":"bioproject_sra","ERROR":"callMLink: Query failed on Meg
2026-05-11 14:46:08,900 WARNING Retry 1/5 for 'PRJNA1176504' (full chain): Invalid control character at: line 1 column 336 (char 335)
2026-05-11 14:46:08,987 WARNING Bad JSON from elink (content-type: application/json; charset=UTF-8): '{"header":{"type":"elink","version":"0.3"},"linksets":[{"dbfrom":"bioproject","ids":["1152969"],"linksetdbhistories":[{"dbto":"sra","linkname":"bioproject_sra","querykey":"2"},{"dbto":"sra","linkname
2026-05-11 14:46:08,988 WARNING Retry 1/5 for 'PRJNA1152969' (full chain): Invalid control character at: line 1 column 298 (char 297)
2026-05-11 14:46:09,576 WARNING Retry 1/5 for 'PRJNA1156814' (full chain): elink backend error in linksetdbhistories: 'callMLink: Query failed on MegaLink server'
2026-05-11 14:46:10,001 WARNING Retry 1/5 for 'PRJNA778206' (full chain): elink backend error in linksetdbhistories: 'callMLink: Query failed on MegaLink server'
2026-05-11 14:46:10,405 WARNING Bad JSON from elink (content-type: application/json; charset=UTF-8): '{"header":{"type":"elink","version":"0.3"},"linksets":[{"dbfrom":"bioproject","ids":["623522"],"linksetdbhistories":[{"dbto":"sra","linkname":"bioproject_sra","ERROR":"callMLink: Failed MegaLink call
2026-05-11 14:46:10,406 WARNING Retry 1/5 for 'PRJNA623522' (full chain): Invalid control character at: line 1 column 235 (char 234)
2026-05-11 14:46:10,572 WARNING Retry 1/5 for 'PRJNA623935' (full chain): elink backend error in linksetdbhistories: 'callMLink: Query failed on MegaLink server'
2026-05-11 14:46:11,128 WARNING Retry 1/5 for 'PRJNA1177414' (full chain): elink backend error in linksetdbhistories: 'callMLink: Query failed on MegaLink server'
2026-05-11 14:46:11,379 WARNING Retry 1/5 for 'PRJNA1048843' (full chain): elink backend error in linksetdbhistories: 'callMLink: Query failed on MegaLink server'
2026-05-11 14:46:12,228 WARNING Retry 1/5 for 'PRJNA913160' (full chain): elink backend error in linksetdbhistories: 'callMLink: Query failed on MegaLink server'
2026-05-11 14:46:12,624 WARNING Retry 1/5 for 'PRJNA623930' (full chain): elink backend error in linksetdbhistories: 'callMLink: Query failed on MegaLink server'
2026-05-11 14:46:12,636 WARNING Retry 1/5 for 'PRJNA1177465' (full chain): elink backend error in linksetdbhistories: 'callMLink: Query failed on MegaLink server'
2026-05-11 14:46:12,747 WARNING Retry 1/5 for 'PRJNA913433' (full chain): elink backend error in linksetdbhistories: 'callMLink: Query failed on MegaLink server'
2026-05-11 14:46:12,770 WARNING Bad JSON from elink (content-type: application/json; charset=UTF-8): '{"header":{"type":"elink","version":"0.3"},"linksets":[{"dbfrom":"bioproject","ids":["778207"],"linksetdbhistories":[{"dbto":"sra","linkname":"bioproject_sra","ERROR":"callMLink: Failed MegaLink call
2026-05-11 14:46:12,770 WARNING Retry 1/5 for 'PRJNA778207' (full chain): Invalid control character at: line 1 column 235 (char 234)
2026-05-11 14:46:12,965 WARNING Retry 1/5 for 'PRJNA624046' (full chain): elink backend error in linksetdbhistories: 'callMLink: Query failed on MegaLink server'
2026-05-11 14:46:13,035 WARNING Retry 1/5 for 'PRJNA1177493' (full chain): elink backend error in linksetdbhistories: 'callMLink: Query failed on MegaLink server'
2026-05-11 14:46:13,037 WARNING Bad JSON from elink (content-type: application/json; charset=UTF-8): '{"header":{"type":"elink","version":"0.3"},"linksets":[{"dbfrom":"bioproject","ids":["1158762"],"linksetdbhistories":[{"dbto":"sra","linkname":"bioproject_sra","querykey":"2"},{"dbto":"sra","linkname
2026-05-11 14:46:13,038 WARNING Retry 1/5 for 'PRJNA1158762' (full chain): Invalid control character at: line 1 column 298 (char 297)
2026-05-11 14:46:13,123 WARNING Retry 1/5 for 'PRJNA913174' (full chain): elink backend error in linksetdbhistories: 'callMLink: Query failed on MegaLink server'
2026-05-11 14:46:13,153 WARNING Retry 1/5 for 'PRJNA778547' (full chain): elink backend error in linksetdbhistories: 'callMLink: Query failed on MegaLink server'
2026-05-11 14:46:15,238 WARNING Bad JSON from elink (content-type: application/json; charset=UTF-8): '{"header":{"type":"elink","version":"0.3"},"linksets":[{"dbfrom":"bioproject","ids":["624085"],"linksetdbhistories":[{"dbto":"sra","linkname":"bioproject_sra","ERROR":"callMLink: Failed MegaLink call
2026-05-11 14:46:15,238 WARNING Retry 1/5 for 'PRJNA624085' (full chain): Invalid control character at: line 1 column 235 (char 234)
2026-05-11 14:46:16,941 WARNING Retry 1/5 for 'PRJNA1177770' (full chain): elink backend error in linksetdbhistories: 'callMLink: Query failed on MegaLink server'
2026-05-11 14:46:16,958 WARNING Retry 1/5 for 'PRJNA1048866' (full chain): elink backend error in linksetdbhistories: 'callMLink: Query failed on MegaLink server'
2026-05-11 14:46:16,967 WARNING Retry 1/5 for 'PRJNA778781' (full chain): elink backend error in linksetdbhistories: 'callMLink: Query failed on MegaLink server'
2026-05-11 14:46:17,111 WARNING Bad JSON from elink (content-type: application/json; charset=UTF-8): '{"header":{"type":"elink","version":"0.3"},"linksets":[{"dbfrom":"bioproject","ids":["1159010"],"linksetdbhistories":[{"dbto":"sra","linkname":"bioproject_sra","ERROR":"callMLink: Failed MegaLink cal
2026-05-11 14:46:17,111 WARNING Retry 1/5 for 'PRJNA1159010' (full chain): Invalid control character at: line 1 column 236 (char 235)
2026-05-11 14:46:18,009 WARNING Retry 1/5 for 'PRJNA1046517' (full chain): 
2026-05-11 14:46:18,100 WARNING Bad JSON from elink (content-type: application/json; charset=UTF-8): '{"header":{"type":"elink","version":"0.3"},"linksets":[{"dbfrom":"bioproject","ids":["1160311"],"linksetdbhistories":[{"dbto":"sra","linkname":"bioproject_sra","ERROR":"callMLink: Failed MegaLink cal
2026-05-11 14:46:18,101 WARNING Retry 1/5 for 'PRJNA1160311' (full chain): Invalid control character at: line 1 column 236 (char 235)
2026-05-11 14:46:18,307 WARNING Retry 1/5 for 'PRJNA1177882' (full chain): elink backend error in linksetdbhistories: 'callMLink: Query failed on MegaLink server'
2026-05-11 14:46:18,572 WARNING Retry 1/5 for 'PRJNA778775' (full chain): elink backend error in linksetdbhistories: 'callMLink: Query failed on MegaLink server'
2026-05-11 14:46:19,316 WARNING Bad JSON from elink (content-type: application/json; charset=UTF-8): '{"header":{"type":"elink","version":"0.3"},"linksets":[{"dbfrom":"bioproject","ids":["913891"],"linksetdbhistories":[{"dbto":"sra","linkname":"bioproject_sra","ERROR":"callMLink: Failed MegaLink call
2026-05-11 14:46:19,317 WARNING Retry 1/5 for 'PRJNA913891' (full chain): Invalid control character at: line 1 column 235 (char 234)
2026-05-11 14:46:19,429 WARNING Retry 1/5 for 'PRJNA1162743' (full chain): elink backend error in linksetdbhistories: 'callMLink: Query failed on MegaLink server'
2026-05-11 14:46:20,005 WARNING Bad JSON from elink (content-type: application/json; charset=UTF-8): '{"header":{"type":"elink","version":"0.3"},"linksets":[{"dbfrom":"bioproject","ids":["778404"],"linksetdbhistories":[{"dbto":"sra","linkname":"bioproject_sra","ERROR":"callMLink: Failed MegaLink call
2026-05-11 14:46:20,005 WARNING Retry 1/5 for 'PRJNA778404' (full chain): Invalid control character at: line 1 column 235 (char 234)
2026-05-11 14:46:20,125 WARNING Bad JSON from elink (content-type: application/json; charset=UTF-8): '{"header":{"type":"elink","version":"0.3"},"linksets":[{"dbfrom":"bioproject","ids":["1048937"],"linksetdbhistories":[{"dbto":"sra","linkname":"bioproject_sra","ERROR":"callMLink: Failed MegaLink cal
2026-05-11 14:46:20,126 WARNING Retry 1/5 for 'PRJNA1048937' (full chain): Invalid control character at: line 1 column 236 (char 235)
2026-05-11 14:46:20,452 WARNING Retry 1/5 for 'PRJNA1049380' (full chain): elink backend error in linksetdbhistories: 'callMLink: Query failed on MegaLink server'
2026-05-11 14:46:20,698 WARNING Retry 1/5 for 'PRJNA778787' (full chain): elink backend error in linksetdbhistories: 'callMLink: Query failed on MegaLink server'
2026-05-11 14:46:20,813 WARNING Retry 1/5 for 'PRJNA779042' (full chain): elink backend error in linksetdbhistories: 'callMLink: Query failed on MegaLink server'
2026-05-11 14:46:21,147 WARNING Retry 1/5 for 'PRJNA625077' (full chain): elink backend error in linksetdbhistories: 'callMLink: Query failed on MegaLink server'
2026-05-11 14:46:21,148 WARNING Bad JSON from elink (content-type: application/json; charset=UTF-8): '{"header":{"type":"elink","version":"0.3"},"linksets":[{"dbfrom":"bioproject","ids":["624651"],"linksetdbhistories":[{"dbto":"sra","linkname":"bioproject_sra","ERROR":"callMLink: Query failed on Mega
2026-05-11 14:46:21,148 WARNING Retry 1/5 for 'PRJNA624651' (full chain): Invalid control character at: line 1 column 335 (char 334)
2026-05-11 14:46:21,151 WARNING Retry 1/5 for 'PRJNA624779' (full chain): elink backend error in linksetdbhistories: 'callMLink: Query failed on MegaLink server'
2026-05-11 14:46:21,156 WARNING Retry 1/5 for 'PRJNA1168183' (full chain): elink backend error in linksetdbhistories: 'callMLink: Query failed on MegaLink server'
2026-05-11 14:46:21,177 WARNING Retry 1/5 for 'PRJNA913903' (full chain): elink backend error in linksetdbhistories: 'callMLink: Query failed on MegaLink server'
2026-05-11 14:46:21,180 WARNING Retry 1/5 for 'PRJNA1049002' (full chain): elink backend error in linksetdbhistories: 'callMLink: Query failed on MegaLink server'
2026-05-11 14:46:21,182 WARNING Retry 1/5 for 'PRJNA1177904' (full chain): elink backend error in linksetdbhistories: 'callMLink: Query failed on MegaLink server'
2026-05-11 14:46:21,205 WARNING Bad JSON from elink (content-type: application/json; charset=UTF-8): '{"header":{"type":"elink","version":"0.3"},"linksets":[{"dbfrom":"bioproject","ids":["1161027"],"linksetdbhistories":[{"dbto":"sra","linkname":"bioproject_sra","ERROR":"callMLink: Failed MegaLink cal
2026-05-11 14:46:21,205 WARNING Retry 1/5 for 'PRJNA1161027' (full chain): Invalid control character at: line 1 column 236 (char 235)
2026-05-11 14:46:21,299 WARNING Retry 1/5 for 'PRJNA1049436' (full chain): elink backend error in linksetdbhistories: 'callMLink: Query failed on MegaLink server'
2026-05-11 14:46:21,445 WARNING Retry 1/5 for 'PRJNA1049030' (full chain): elink backend error in linksetdbhistories: 'callMLink: Query failed on MegaLink server'
2026-05-11 14:46:22,327 WARNING Bad JSON from elink (content-type: application/json; charset=UTF-8): '{"header":{"type":"elink","version":"0.3"},"linksets":[{"dbfrom":"bioproject","ids":["913849"],"linksetdbhistories":[{"dbto":"sra","linkname":"bioproject_sra","ERROR":"callMLink: Failed MegaLink call
2026-05-11 14:46:22,328 WARNING Retry 1/5 for 'PRJNA913849' (full chain): Invalid control character at: line 1 column 235 (char 234)
2026-05-11 14:46:22,608 WARNING Retry 1/5 for 'PRJNA779152' (full chain): elink backend error in linksetdbhistories: 'callMLink: Query failed on MegaLink server'
2026-05-11 14:46:23,336 WARNING Retry 1/5 for 'PRJNA1049421' (full chain): elink backend error in linksetdbhistories: 'callMLink: Query failed on MegaLink server'
2026-05-11 14:46:23,468 WARNING Retry 1/5 for 'PRJNA1049003' (full chain): 
2026-05-11 14:46:24,707 WARNING Retry 1/5 for 'PRJNA1168541' (full chain): elink backend error in linksetdbhistories: 'callMLink: Query failed on MegaLink server'
2026-05-11 14:46:25,049 WARNING Retry 1/5 for 'PRJNA779392' (full chain): elink backend error in linksetdbhistories: 'callMLink: Query failed on MegaLink server'
2026-05-11 14:46:25,121 WARNING Retry 1/5 for 'PRJNA1171021' (full chain): elink backend error in linksetdbhistories: 'callMLink: Query failed on MegaLink server'
2026-05-11 14:46:25,131 WARNING Retry 1/5 for 'PRJNA779536' (full chain): elink backend error in linksetdbhistories: 'callMLink: Query failed on MegaLink server'
2026-05-11 14:46:25,134 WARNING Retry 1/5 for 'PRJNA779276' (full chain): elink backend error in linksetdbhistories: 'callMLink: Query failed on MegaLink server'
2026-05-11 14:46:26,160 WARNING Bad JSON from elink (content-type: application/json; charset=UTF-8): '{"header":{"type":"elink","version":"0.3"},"linksets":[{"dbfrom":"bioproject","ids":["1049460"],"linksetdbhistories":[{"dbto":"sra","linkname":"bioproject_sra","querykey":"2"},{"dbto":"sra","linkname
2026-05-11 14:46:26,160 WARNING Retry 1/5 for 'PRJNA1049460' (full chain): Invalid control character at: line 1 column 298 (char 297)
2026-05-11 14:46:26,358 WARNING Bad JSON from elink (content-type: application/json; charset=UTF-8): '{"header":{"type":"elink","version":"0.3"},"linksets":[{"dbfrom":"bioproject","ids":["1170298"],"linksetdbhistories":[{"dbto":"sra","linkname":"bioproject_sra","ERROR":"callMLink: Failed MegaLink cal
2026-05-11 14:46:26,358 WARNING Retry 1/5 for 'PRJNA1170298' (full chain): Invalid control character at: line 1 column 236 (char 235)
2026-05-11 14:46:28,982 WARNING Retry 1/5 for 'PRJNA1049739' (full chain): elink backend error in linksetdbhistories: 'callMLink: Query failed on MegaLink server'
2026-05-11 14:46:29,094 WARNING Retry 1/5 for 'PRJNA914698' (full chain): elink backend error in linksetdbhistories: 'callMLink: Query failed on MegaLink server'
2026-05-11 14:46:29,193 WARNING Bad JSON from elink (content-type: application/json; charset=UTF-8): '{"header":{"type":"elink","version":"0.3"},"linksets":[{"dbfrom":"bioproject","ids":["1049792"],"linksetdbhistories":[{"dbto":"sra","linkname":"bioproject_sra","ERROR":"callMLink: Query failed on Meg
2026-05-11 14:46:29,194 WARNING Retry 1/5 for 'PRJNA1049792' (full chain): Invalid control character at: line 1 column 336 (char 335)
2026-05-11 14:46:29,302 WARNING Retry 1/5 for 'PRJNA779540' (full chain): elink backend error in linksetdbhistories: 'callMLink: Query failed on MegaLink server'
2026-05-11 14:46:29,408 WARNING Retry 1/5 for 'PRJNA1175718' (full chain): elink backend error in linksetdbhistories: 'callMLink: Query failed on MegaLink server'
2026-05-11 14:46:29,820 WARNING Retry 1/5 for 'PRJNA914053' (full chain): elink backend error in linksetdbhistories: 'callMLink: Query failed on MegaLink server'
2026-05-11 14:46:30,013 WARNING Retry 1/5 for 'PRJNA1049833' (full chain): elink backend error in linksetdbhistories: 'callMLink: Query failed on MegaLink server'
2026-05-11 14:46:30,492 WARNING Bad JSON from elink (content-type: application/json; charset=UTF-8): '{"header":{"type":"elink","version":"0.3"},"linksets":[{"dbfrom":"bioproject","ids":["914686"],"linksetdbhistories":[{"dbto":"sra","linkname":"bioproject_sra","querykey":"2"},{"dbto":"sra","linkname"
2026-05-11 14:46:30,492 WARNING Retry 1/5 for 'PRJNA914686' (full chain): Invalid control character at: line 1 column 297 (char 296)
2026-05-11 14:46:30,710 WARNING Retry 1/5 for 'PRJNA914729' (full chain): elink backend error in linksetdbhistories: 'callMLink: Query failed on MegaLink server'
2026-05-11 14:46:30,716 WARNING Retry 1/5 for 'PRJNA913972' (full chain): 
2026-05-11 14:46:30,781 WARNING Retry 1/5 for 'PRJNA1050155' (full chain): elink backend error in linksetdbhistories: 'callMLink: Query failed on MegaLink server'
2026-05-11 14:46:30,940 WARNING No SRA links found for 'PRJNA1173491'
2026-05-11 14:46:31,213 WARNING Bad JSON from elink (content-type: application/json; charset=UTF-8): '{"header":{"type":"elink","version":"0.3"},"linksets":[{"dbfrom":"bioproject","ids":["914667"],"linksetdbhistories":[{"dbto":"sra","linkname":"bioproject_sra","querykey":"2"},{"dbto":"sra","linkname"
2026-05-11 14:46:31,213 WARNING Retry 1/5 for 'PRJNA914667' (full chain): Invalid control character at: line 1 column 297 (char 296)
2026-05-11 14:46:32,447 WARNING Bad JSON from elink (content-type: application/json; charset=UTF-8): '{"header":{"type":"elink","version":"0.3"},"linksets":[{"dbfrom":"bioproject","ids":["779733"],"linksetdbhistories":[{"dbto":"sra","linkname":"bioproject_sra","querykey":"2"},{"dbto":"sra","linkname"
2026-05-11 14:46:32,448 WARNING Retry 1/5 for 'PRJNA779733' (full chain): Invalid control character at: line 1 column 297 (char 296)
2026-05-11 14:46:32,497 WARNING Bad JSON from elink (content-type: application/json; charset=UTF-8): '{"header":{"type":"elink","version":"0.3"},"linksets":[{"dbfrom":"bioproject","ids":["779447"],"linksetdbhistories":[{"dbto":"sra","linkname":"bioproject_sra","ERROR":"callMLink: Failed MegaLink call
2026-05-11 14:46:32,498 WARNING Retry 1/5 for 'PRJNA779447' (full chain): Invalid control character at: line 1 column 235 (char 234)
2026-05-11 14:46:33,213 WARNING Retry 1/5 for 'PRJNA779914' (full chain): elink backend error in linksetdbhistories: 'callMLink: Query failed on MegaLink server'
2026-05-11 14:46:33,343 WARNING Retry 1/5 for 'PRJNA779928' (full chain): elink backend error in linksetdbhistories: 'callMLink: Query failed on MegaLink server'
2026-05-11 14:46:33,513 WARNING Bad JSON from elink (content-type: application/json; charset=UTF-8): '{"header":{"type":"elink","version":"0.3"},"linksets":[{"dbfrom":"bioproject","ids":["1049901"],"linksetdbhistories":[{"dbto":"sra","linkname":"bioproject_sra","ERROR":"callMLink: Failed MegaLink cal
2026-05-11 14:46:33,513 WARNING Retry 1/5 for 'PRJNA1049901' (full chain): Invalid control character at: line 1 column 236 (char 235)
2026-05-11 14:46:33,570 WARNING Bad JSON from elink (content-type: application/json; charset=UTF-8): '{"header":{"type":"elink","version":"0.3"},"linksets":[{"dbfrom":"bioproject","ids":["1173099"],"linksetdbhistories":[{"dbto":"sra","linkname":"bioproject_sra","ERROR":"callMLink: Failed MegaLink cal
2026-05-11 14:46:33,571 WARNING Retry 1/5 for 'PRJNA1173099' (full chain): Invalid control character at: line 1 column 236 (char 235)
2026-05-11 14:46:33,571 WARNING Retry 1/5 for 'PRJNA779732' (full chain): elink backend error in linksetdbhistories: 'callMLink: Query failed on MegaLink server'
2026-05-11 14:46:33,753 WARNING Retry 1/5 for 'PRJNA914644' (full chain): elink backend error in linksetdbhistories: 'callMLink: Query failed on MegaLink server'
2026-05-11 14:46:33,822 WARNING Retry 1/5 for 'PRJNA779726' (full chain): elink backend error in linksetdbhistories: 'callMLink: Query failed on MegaLink server'
2026-05-11 14:46:34,335 WARNING Retry 1/5 for 'PRJNA1050242' (full chain): elink backend error in linksetdbhistories: 'callMLink: Query failed on MegaLink server'
2026-05-11 14:46:34,997 WARNING Retry 1/5 for 'PRJNA915013' (full chain): elink backend error in linksetdbhistories: 'callMLink: Query failed on MegaLink server'
2026-05-11 14:46:35,089 WARNING Bad JSON from elink (content-type: application/json; charset=UTF-8): '{"header":{"type":"elink","version":"0.3"},"linksets":[{"dbfrom":"bioproject","ids":["1178160"],"linksetdbhistories":[{"dbto":"sra","linkname":"bioproject_sra","ERROR":"callMLink: Failed MegaLink cal
2026-05-11 14:46:35,090 WARNING Retry 1/5 for 'PRJNA1178160' (full chain): Invalid control character at: line 1 column 236 (char 235)
2026-05-11 14:46:35,544 WARNING Retry 1/5 for 'PRJNA915073' (full chain): elink backend error in linksetdbhistories: 'callMLink: Query failed on MegaLink server'
2026-05-11 14:46:36,991 WARNING Retry 1/5 for 'PRJNA780192' (full chain): elink backend error in linksetdbhistories: 'callMLink: Query failed on MegaLink server'
2026-05-11 14:46:37,197 WARNING Retry 1/5 for 'PRJNA1050762' (full chain): elink backend error in linksetdbhistories: 'callMLink: Query failed on MegaLink server'
2026-05-11 14:46:37,208 WARNING Retry 1/5 for 'PRJNA915362' (full chain): elink backend error in linksetdbhistories: 'callMLink: Query failed on MegaLink server'
2026-05-11 14:46:37,211 WARNING Retry 1/5 for 'PRJNA915123' (full chain): elink backend error in linksetdbhistories: 'callMLink: Query failed on MegaLink server'
2026-05-11 14:46:37,318 WARNING Retry 1/5 for 'PRJNA779978' (full chain): elink backend error in linksetdbhistories: 'callMLink: Query failed on MegaLink server'
2026-05-11 14:46:37,364 WARNING Retry 1/5 for 'PRJNA1185434' (full chain): elink backend error in linksetdbhistories: 'callMLink: Query failed on MegaLink server'
2026-05-11 14:46:37,586 WARNING Retry 1/5 for 'PRJNA1050161' (full chain): elink backend error in linksetdbhistories: 'callMLink: Query failed on MegaLink server'
2026-05-11 14:46:37,827 WARNING Retry 1/5 for 'PRJNA1185825' (full chain): elink backend error in linksetdbhistories: 'callMLink: Query failed on MegaLink server'
2026-05-11 14:46:38,127 WARNING Retry 1/5 for 'PRJNA1144347' (full chain): elink backend error in linksetdbhistories: 'callMLink: Query failed on MegaLink server'
2026-05-11 14:46:38,332 WARNING Retry 1/5 for 'PRJNA914867' (full chain): elink backend error in linksetdbhistories: 'callMLink: Query failed on MegaLink server'
2026-05-11 14:46:38,522 WARNING Retry 1/5 for 'PRJNA1181955' (full chain): elink backend error in linksetdbhistories: 'callMLink: Query failed on MegaLink server'
2026-05-11 14:46:38,685 WARNING Retry 1/5 for 'PRJNA1050599' (full chain): elink backend error in linksetdbhistories: 'callMLink: Query failed on MegaLink server'
2026-05-11 14:46:40,547 WARNING Retry 1/5 for 'PRJNA1050600' (full chain): elink backend error in linksetdbhistories: 'callMLink: Query failed on MegaLink server'
2026-05-11 14:46:40,959 WARNING Bad JSON from elink (content-type: application/json; charset=UTF-8): '{"header":{"type":"elink","version":"0.3"},"linksets":[{"dbfrom":"bioproject","ids":["780480"],"linksetdbhistories":[{"dbto":"sra","linkname":"bioproject_sra","ERROR":"callMLink: Failed MegaLink call
2026-05-11 14:46:40,959 WARNING Retry 1/5 for 'PRJNA780480' (full chain): Invalid control character at: line 1 column 235 (char 234)
2026-05-11 14:46:41,335 WARNING Retry 1/5 for 'PRJNA1189041' (full chain): elink backend error in linksetdbhistories: 'callMLink: Query failed on MegaLink server'
2026-05-11 14:46:41,650 WARNING Bad JSON from elink (content-type: application/json; charset=UTF-8): '{"header":{"type":"elink","version":"0.3"},"linksets":[{"dbfrom":"bioproject","ids":["1182991"],"linksetdbhistories":[{"dbto":"sra","linkname":"bioproject_sra","ERROR":"callMLink: Query failed on Meg
2026-05-11 14:46:41,651 WARNING Retry 1/5 for 'PRJNA1182991' (full chain): Invalid control character at: line 1 column 336 (char 335)
2026-05-11 14:46:41,726 WARNING Retry 1/5 for 'PRJNA915380' (full chain): elink backend error in linksetdbhistories: 'callMLink: Query failed on MegaLink server'
2026-05-11 14:46:41,728 WARNING Bad JSON from elink (content-type: application/json; charset=UTF-8): '{"header":{"type":"elink","version":"0.3"},"linksets":[{"dbfrom":"bioproject","ids":["1050597"],"linksetdbhistories":[{"dbto":"sra","linkname":"bioproject_sra","ERROR":"callMLink: Failed MegaLink cal
2026-05-11 14:46:41,729 WARNING Retry 1/5 for 'PRJNA1050597' (full chain): Invalid control character at: line 1 column 236 (char 235)
2026-05-11 14:46:41,735 WARNING Bad JSON from elink (content-type: application/json; charset=UTF-8): '{"header":{"type":"elink","version":"0.3"},"linksets":[{"dbfrom":"bioproject","ids":["915078"],"linksetdbhistories":[{"dbto":"sra","linkname":"bioproject_sra","ERROR":"callMLink: Query failed on Mega
2026-05-11 14:46:41,735 WARNING Retry 1/5 for 'PRJNA915078' (full chain): Invalid control character at: line 1 column 335 (char 334)
2026-05-11 14:46:42,715 WARNING Bad JSON from elink (content-type: application/json; charset=UTF-8): '{"header":{"type":"elink","version":"0.3"},"linksets":[{"dbfrom":"bioproject","ids":["915112"],"linksetdbhistories":[{"dbto":"sra","linkname":"bioproject_sra","querykey":"2"},{"dbto":"sra","linkname"
2026-05-11 14:46:42,716 WARNING Retry 1/5 for 'PRJNA915112' (full chain): Invalid control character at: line 1 column 297 (char 296)
2026-05-11 14:46:42,725 WARNING Bad JSON from elink (content-type: application/json; charset=UTF-8): '{"header":{"type":"elink","version":"0.3"},"linksets":[{"dbfrom":"bioproject","ids":["1188547"],"linksetdbhistories":[{"dbto":"sra","linkname":"bioproject_sra","querykey":"2"},{"dbto":"sra","linkname
2026-05-11 14:46:42,726 WARNING Retry 1/5 for 'PRJNA1188547' (full chain): Invalid control character at: line 1 column 298 (char 297)
2026-05-11 14:46:43,334 WARNING Bad JSON from elink (content-type: application/json; charset=UTF-8): '{"header":{"type":"elink","version":"0.3"},"linksets":[{"dbfrom":"bioproject","ids":["1050824"],"linksetdbhistories":[{"dbto":"sra","linkname":"bioproject_sra","ERROR":"callMLink: Failed MegaLink cal
2026-05-11 14:46:43,335 WARNING Retry 1/5 for 'PRJNA1050824' (full chain): Invalid control character at: line 1 column 236 (char 235)
2026-05-11 14:46:43,341 WARNING Retry 1/5 for 'PRJNA1191887' (full chain): elink backend error in linksetdbhistories: 'callMLink: Query failed on MegaLink server'
2026-05-11 14:46:43,694 WARNING Bad JSON from elink (content-type: application/json; charset=UTF-8): '{"header":{"type":"elink","version":"0.3"},"linksets":[{"dbfrom":"bioproject","ids":["780577"],"linksetdbhistories":[{"dbto":"sra","linkname":"bioproject_sra","ERROR":"callMLink: Failed MegaLink call
2026-05-11 14:46:43,695 WARNING Retry 1/5 for 'PRJNA780577' (full chain): Invalid control character at: line 1 column 235 (char 234)
2026-05-11 14:46:43,758 WARNING Bad JSON from elink (content-type: application/json; charset=UTF-8): '{"header":{"type":"elink","version":"0.3"},"linksets":[{"dbfrom":"bioproject","ids":["915599"],"linksetdbhistories":[{"dbto":"sra","linkname":"bioproject_sra","querykey":"2"},{"dbto":"sra","linkname"
2026-05-11 14:46:43,758 WARNING Retry 1/5 for 'PRJNA915599' (full chain): Invalid control character at: line 1 column 297 (char 296)
2026-05-11 14:46:44,495 WARNING Retry 1/5 for 'PRJNA780927' (full chain): elink backend error in linksetdbhistories: 'callMLink: Query failed on MegaLink server'
2026-05-11 14:46:45,096 WARNING Retry 1/5 for 'PRJNA780819' (full chain): elink backend error in linksetdbhistories: 'callMLink: Query failed on MegaLink server'
2026-05-11 14:46:45,746 WARNING Bad JSON from elink (content-type: application/json; charset=UTF-8): '{"header":{"type":"elink","version":"0.3"},"linksets":[{"dbfrom":"bioproject","ids":["1050991"],"linksetdbhistories":[{"dbto":"sra","linkname":"bioproject_sra","ERROR":"callMLink: Failed MegaLink cal
2026-05-11 14:46:45,746 WARNING Retry 1/5 for 'PRJNA1050991' (full chain): Invalid control character at: line 1 column 236 (char 235)
2026-05-11 14:46:45,847 WARNING Retry 1/5 for 'PRJNA781192' (full chain): elink backend error in linksetdbhistories: 'callMLink: Query failed on MegaLink server'
2026-05-11 14:46:45,910 WARNING Retry 1/5 for 'PRJNA916490' (full chain): elink backend error in linksetdbhistories: 'callMLink: Query failed on MegaLink server'
2026-05-11 14:46:45,920 WARNING Retry 1/5 for 'PRJNA1051091' (full chain): elink backend error in linksetdbhistories: 'callMLink: Query failed on MegaLink server'
2026-05-11 14:46:46,018 WARNING Retry 1/5 for 'PRJNA915640' (full chain): elink backend error in linksetdbhistories: 'callMLink: Query failed on MegaLink server'
2026-05-11 14:46:46,021 WARNING Retry 1/5 for 'PRJNA916251' (full chain): elink backend error in linksetdbhistories: 'callMLink: Query failed on MegaLink server'
2026-05-11 14:46:46,855 WARNING Retry 1/5 for 'PRJNA1050783' (full chain): 
2026-05-11 14:46:47,293 WARNING Retry 1/5 for 'PRJNA1051567' (full chain): elink backend error in linksetdbhistories: 'callMLink: Query failed on MegaLink server'
2026-05-11 14:46:47,749 WARNING Retry 1/5 for 'PRJNA916500' (full chain): elink backend error in linksetdbhistories: 'callMLink: Query failed on MegaLink server'
2026-05-11 14:46:47,832 WARNING Retry 1/5 for 'PRJNA1050992' (full chain): elink backend error in linksetdbhistories: 'callMLink: Query failed on MegaLink server'
2026-05-11 14:46:48,127 WARNING Retry 1/5 for 'PRJNA1193130' (full chain): elink backend error in linksetdbhistories: 'callMLink: Query failed on MegaLink server'
2026-05-11 14:46:49,058 WARNING Retry 1/5 for 'PRJNA916501' (full chain): elink backend error in linksetdbhistories: 'callMLink: Query failed on MegaLink server'
2026-05-11 14:46:49,145 WARNING Retry 1/5 for 'PRJNA781634' (full chain): elink backend error in linksetdbhistories: 'callMLink: Query failed on MegaLink server'
2026-05-11 14:46:49,398 WARNING Retry 1/5 for 'PRJNA1187450' (full chain): elink backend error in linksetdbhistories: 'callMLink: Query failed on MegaLink server'
2026-05-11 14:46:49,399 WARNING Retry 1/5 for 'PRJNA781245' (full chain): elink backend error in linksetdbhistories: 'callMLink: Query failed on MegaLink server'
2026-05-11 14:46:49,612 WARNING Retry 1/5 for 'PRJNA1051621' (full chain): elink backend error in linksetdbhistories: 'callMLink: Query failed on MegaLink server'
2026-05-11 14:46:49,878 WARNING Retry 1/5 for 'PRJNA781579' (full chain): elink backend error in linksetdbhistories: 'callMLink: Query failed on MegaLink server'
2026-05-11 14:46:50,013 WARNING Retry 1/5 for 'PRJNA1051588' (full chain): elink backend error in linksetdbhistories: 'callMLink: Query failed on MegaLink server'
2026-05-11 14:46:52,218 WARNING Retry 1/5 for 'PRJNA1051656' (full chain): elink backend error in linksetdbhistories: 'callMLink: Query failed on MegaLink server'
2026-05-11 14:46:52,265 WARNING Retry 1/5 for 'PRJNA1202691' (full chain): elink backend error in linksetdbhistories: 'callMLink: Query failed on MegaLink server'
2026-05-11 14:46:52,749 WARNING Retry 1/5 for 'PRJNA781914' (full chain): elink backend error in linksetdbhistories: 'callMLink: Query failed on MegaLink server'
2026-05-11 14:46:52,877 WARNING Retry 1/5 for 'PRJNA1051953' (full chain): elink backend error in linksetdbhistories: 'callMLink: Query failed on MegaLink server'
2026-05-11 14:46:54,064 WARNING Bad JSON from elink (content-type: application/json; charset=UTF-8): '{"header":{"type":"elink","version":"0.3"},"linksets":[{"dbfrom":"bioproject","ids":["916661"],"linksetdbhistories":[{"dbto":"sra","linkname":"bioproject_sra","ERROR":"callMLink: Failed MegaLink call
2026-05-11 14:46:54,065 WARNING Retry 1/5 for 'PRJNA916661' (full chain): Invalid control character at: line 1 column 235 (char 234)
2026-05-11 14:46:54,106 WARNING Retry 1/5 for 'PRJNA1209384' (full chain): elink backend error in linksetdbhistories: 'callMLink: Query failed on MegaLink server'
2026-05-11 14:46:54,133 WARNING Retry 1/5 for 'PRJNA1205493' (full chain): elink backend error in linksetdbhistories: 'callMLink: Query failed on MegaLink server'
2026-05-11 14:46:54,200 WARNING Bad JSON from elink (content-type: application/json; charset=UTF-8): '{"header":{"type":"elink","version":"0.3"},"linksets":[{"dbfrom":"bioproject","ids":["1050757"],"linksetdbhistories":[{"dbto":"sra","linkname":"bioproject_sra","querykey":"2"},{"dbto":"sra","linkname
2026-05-11 14:46:54,201 WARNING Retry 1/5 for 'PRJNA1050757' (full chain): Invalid control character at: line 1 column 298 (char 297)
2026-05-11 14:46:54,209 WARNING Retry 1/5 for 'PRJNA916965' (full chain): elink backend error in linksetdbhistories: 'callMLink: Query failed on MegaLink server'
2026-05-11 14:46:54,269 WARNING Retry 1/5 for 'PRJNA916911' (full chain): elink backend error in linksetdbhistories: 'callMLink: Query failed on MegaLink server'
2026-05-11 14:46:54,284 WARNING Bad JSON from elink (content-type: application/json; charset=UTF-8): '{"header":{"type":"elink","version":"0.3"},"linksets":[{"dbfrom":"bioproject","ids":["916887"],"linksetdbhistories":[{"dbto":"sra","linkname":"bioproject_sra","ERROR":"callMLink: Failed MegaLink call
2026-05-11 14:46:54,285 WARNING Retry 1/5 for 'PRJNA916887' (full chain): Invalid control character at: line 1 column 235 (char 234)
2026-05-11 14:46:56,217 WARNING Retry 1/5 for 'PRJNA1202227' (full chain): elink backend error in linksetdbhistories: 'callMLink: Query failed on MegaLink server'
2026-05-11 14:46:56,478 WARNING Retry 1/5 for 'PRJNA1203354' (full chain): elink backend error in linksetdbhistories: 'callMLink: Query failed on MegaLink server'
2026-05-11 14:46:56,550 WARNING Retry 1/5 for 'PRJNA781959' (full chain): elink backend error in linksetdbhistories: 'callMLink: Query failed on MegaLink server'
2026-05-11 14:46:57,922 WARNING Retry 1/5 for 'PRJNA913845' (full chain): elink backend error in linksetdbhistories: 'callMLink: Query failed on MegaLink server'
2026-05-11 14:46:58,217 WARNING Retry 1/5 for 'PRJNA1052659' (full chain): elink backend error in linksetdbhistories: 'callMLink: Query failed on MegaLink server'
2026-05-11 14:46:59,520 WARNING Bad JSON from elink (content-type: application/json; charset=UTF-8): '{"header":{"type":"elink","version":"0.3"},"linksets":[{"dbfrom":"bioproject","ids":["1209376"],"linksetdbhistories":[{"dbto":"sra","linkname":"bioproject_sra","ERROR":"callMLink: Failed MegaLink cal
2026-05-11 14:46:59,521 WARNING Retry 1/5 for 'PRJNA1209376' (full chain): Invalid control character at: line 1 column 236 (char 235)
2026-05-11 14:46:59,571 WARNING Retry 1/5 for 'PRJNA1213838' (full chain): elink backend error in linksetdbhistories: 'callMLink: Query failed on MegaLink server'
2026-05-11 14:46:59,663 WARNING Retry 1/5 for 'PRJNA782189' (full chain): elink backend error in linksetdbhistories: 'callMLink: Query failed on MegaLink server'
2026-05-11 14:47:01,218 WARNING Retry 1/5 for 'PRJNA1052598' (full chain): elink backend error in linksetdbhistories: 'callMLink: Query failed on MegaLink server'
2026-05-11 14:47:01,410 WARNING Retry 1/5 for 'PRJNA918329' (full chain): elink backend error in linksetdbhistories: 'callMLink: Query failed on MegaLink server'
2026-05-11 14:47:01,446 WARNING Retry 1/5 for 'PRJNA917494' (full chain): elink backend error in linksetdbhistories: 'callMLink: Query failed on MegaLink server'
2026-05-11 14:47:01,546 WARNING Retry 1/5 for 'PRJNA1190485' (full chain): elink backend error in linksetdbhistories: 'callMLink: Query failed on MegaLink server'
2026-05-11 14:47:01,603 WARNING Retry 1/5 for 'PRJNA1220606' (full chain): elink backend error in linksetdbhistories: 'callMLink: Query failed on MegaLink server'
2026-05-11 14:47:02,036 WARNING Retry 1/5 for 'PRJNA1207946' (full chain): elink backend error in linksetdbhistories: 'callMLink: Query failed on MegaLink server'
2026-05-11 14:47:02,286 WARNING Retry 1/5 for 'PRJNA1052674' (full chain): elink backend error in linksetdbhistories: 'callMLink: Query failed on MegaLink server'
2026-05-11 14:47:02,298 WARNING Retry 1/5 for 'PRJNA1221360' (full chain): elink backend error in linksetdbhistories: 'callMLink: Query failed on MegaLink server'
2026-05-11 14:47:02,335 WARNING Bad JSON from elink (content-type: application/json; charset=UTF-8): '{"header":{"type":"elink","version":"0.3"},"linksets":[{"dbfrom":"bioproject","ids":["1052712"],"linksetdbhistories":[{"dbto":"sra","linkname":"bioproject_sra","ERROR":"callMLink: Failed MegaLink cal
2026-05-11 14:47:02,336 WARNING Retry 1/5 for 'PRJNA1052712' (full chain): Invalid control character at: line 1 column 236 (char 235)
2026-05-11 14:47:02,401 WARNING Retry 1/5 for 'PRJNA1053384' (full chain): elink backend error in linksetdbhistories: 'callMLink: Query failed on MegaLink server'
2026-05-11 14:47:02,520 WARNING Retry 1/5 for 'PRJNA782988' (full chain): elink backend error in linksetdbhistories: 'callMLink: Query failed on MegaLink server'
2026-05-11 14:47:02,606 WARNING Retry 1/5 for 'PRJNA1210010' (full chain): 
2026-05-11 14:47:03,735 WARNING Retry 1/5 for 'PRJNA1053388' (full chain): elink backend error in linksetdbhistories: 'callMLink: Query failed on MegaLink server'
2026-05-11 14:47:05,431 WARNING Retry 1/5 for 'PRJNA1053380' (full chain): elink backend error in linksetdbhistories: 'callMLink: Query failed on MegaLink server'
2026-05-11 14:47:05,452 WARNING Retry 1/5 for 'PRJNA783006' (full chain): elink backend error in linksetdbhistories: 'callMLink: Query failed on MegaLink server'
2026-05-11 14:47:05,483 WARNING Retry 1/5 for 'PRJNA918417' (full chain): elink backend error in linksetdbhistories: 'callMLink: Query failed on MegaLink server'
2026-05-11 14:47:05,694 WARNING Retry 1/5 for 'PRJNA1053493' (full chain): elink backend error in linksetdbhistories: 'callMLink: Query failed on MegaLink server'
2026-05-11 14:47:06,256 WARNING Retry 1/5 for 'PRJNA783047' (full chain): elink backend error in linksetdbhistories: 'callMLink: Query failed on MegaLink server'
2026-05-11 14:47:06,282 WARNING Retry 1/5 for 'PRJNA918600' (full chain): elink backend error in linksetdbhistories: 'callMLink: Query failed on MegaLink server'
2026-05-11 14:47:06,552 WARNING Retry 1/5 for 'PRJNA1232015' (full chain): elink backend error in linksetdbhistories: 'callMLink: Query failed on MegaLink server'
2026-05-11 14:47:06,572 WARNING Retry 1/5 for 'PRJNA918602' (full chain): elink backend error in linksetdbhistories: 'callMLink: Query failed on MegaLink server'
2026-05-11 14:47:06,709 WARNING Retry 1/5 for 'PRJNA1178660' (full chain): elink backend error in linksetdbhistories: 'callMLink: Query failed on MegaLink server'
2026-05-11 14:47:07,277 WARNING Bad JSON from elink (content-type: application/json; charset=UTF-8): '{"header":{"type":"elink","version":"0.3"},"linksets":[{"dbfrom":"bioproject","ids":["783057"],"linksetdbhistories":[{"dbto":"sra","linkname":"bioproject_sra","querykey":"2"},{"dbto":"sra","linkname"
2026-05-11 14:47:07,278 WARNING Retry 1/5 for 'PRJNA783057' (full chain): Invalid control character at: line 1 column 297 (char 296)
2026-05-11 14:47:08,755 WARNING Retry 1/5 for 'PRJNA1053788' (full chain): elink backend error in linksetdbhistories: 'callMLink: Query failed on MegaLink server'
2026-05-11 14:47:08,997 WARNING Retry 1/5 for 'PRJNA783005' (full chain): elink backend error in linksetdbhistories: 'callMLink: Query failed on MegaLink server'
2026-05-11 14:47:09,063 WARNING Bad JSON from elink (content-type: application/json; charset=UTF-8): '{"header":{"type":"elink","version":"0.3"},"linksets":[{"dbfrom":"bioproject","ids":["918645"],"linksetdbhistories":[{"dbto":"sra","linkname":"bioproject_sra","ERROR":"callMLink: Failed MegaLink call
2026-05-11 14:47:09,064 WARNING Retry 1/5 for 'PRJNA918645' (full chain): Invalid control character at: line 1 column 235 (char 234)
2026-05-11 14:47:09,117 WARNING Retry 1/5 for 'PRJNA783210' (full chain): elink backend error in linksetdbhistories: 'callMLink: Query failed on MegaLink server'
2026-05-11 14:47:09,812 WARNING Retry 1/5 for 'PRJNA1053817' (full chain): elink backend error in linksetdbhistories: 'callMLink: Query failed on MegaLink server'
2026-05-11 14:47:09,832 WARNING Retry 1/5 for 'PRJNA918679' (full chain): elink backend error in linksetdbhistories: 'callMLink: Query failed on MegaLink server'
2026-05-11 14:47:09,835 WARNING Retry 1/5 for 'PRJNA783216' (full chain): elink backend error in linksetdbhistories: 'callMLink: Query failed on MegaLink server'
2026-05-11 14:47:10,047 WARNING Retry 1/5 for 'PRJNA1054056' (full chain): elink backend error in linksetdbhistories: 'callMLink: Query failed on MegaLink server'
2026-05-11 14:47:10,299 WARNING Bad JSON from elink (content-type: application/json; charset=UTF-8): '{"header":{"type":"elink","version":"0.3"},"linksets":[{"dbfrom":"bioproject","ids":["625324"],"linksetdbhistories":[{"dbto":"sra","linkname":"bioproject_sra","querykey":"2"},{"dbto":"sra","linkname"
2026-05-11 14:47:10,299 WARNING Retry 1/5 for 'PRJNA625324' (full chain): Invalid control character at: line 1 column 297 (char 296)
2026-05-11 14:47:10,302 WARNING Bad JSON from elink (content-type: application/json; charset=UTF-8): '{"header":{"type":"elink","version":"0.3"},"linksets":[{"dbfrom":"bioproject","ids":["1231266"],"linksetdbhistories":[{"dbto":"sra","linkname":"bioproject_sra","ERROR":"callMLink: Query failed on Meg
2026-05-11 14:47:10,302 WARNING Retry 1/5 for 'PRJNA1231266' (full chain): Invalid control character at: line 1 column 336 (char 335)
2026-05-11 14:47:10,361 WARNING Retry 1/5 for 'PRJNA625939' (full chain): elink backend error in linksetdbhistories: 'callMLink: Query failed on MegaLink server'
2026-05-11 14:47:10,399 WARNING Bad JSON from elink (content-type: application/json; charset=UTF-8): '{"header":{"type":"elink","version":"0.3"},"linksets":[{"dbfrom":"bioproject","ids":["1053421"],"linksetdbhistories":[{"dbto":"sra","linkname":"bioproject_sra","querykey":"2"},{"dbto":"sra","linkname
2026-05-11 14:47:10,399 WARNING Retry 1/5 for 'PRJNA1053421' (full chain): Invalid control character at: line 1 column 298 (char 297)
2026-05-11 14:47:10,411 WARNING Retry 1/5 for 'PRJNA1054080' (full chain): elink backend error in linksetdbhistories: 'callMLink: Query failed on MegaLink server'
2026-05-11 14:47:13,377 WARNING Retry 1/5 for 'PRJNA920515' (full chain): elink backend error in linksetdbhistories: 'callMLink: Query failed on MegaLink server'
2026-05-11 14:47:13,683 WARNING Retry 1/5 for 'PRJNA919183' (full chain): elink backend error in linksetdbhistories: 'callMLink: Query failed on MegaLink server'
2026-05-11 14:47:13,697 WARNING Retry 1/5 for 'PRJNA783291' (full chain): elink backend error in linksetdbhistories: 'callMLink: Query failed on MegaLink server'
2026-05-11 14:47:13,892 WARNING Retry 1/5 for 'PRJNA1054146' (full chain): elink backend error in linksetdbhistories: 'callMLink: Query failed on MegaLink server'
2026-05-11 14:47:13,958 WARNING Retry 1/5 for 'PRJNA626601' (full chain): elink backend error in linksetdbhistories: 'callMLink: Query failed on MegaLink server'
2026-05-11 14:47:14,250 WARNING Retry 1/5 for 'PRJNA1054118' (full chain): elink backend error in linksetdbhistories: 'callMLink: Query failed on MegaLink server'
2026-05-11 14:47:14,457 WARNING Bad JSON from elink (content-type: application/json; charset=UTF-8): '{"header":{"type":"elink","version":"0.3"},"linksets":[{"dbfrom":"bioproject","ids":["625447"],"linksetdbhistories":[{"dbto":"sra","linkname":"bioproject_sra","ERROR":"callMLink: Failed MegaLink call
2026-05-11 14:47:14,458 WARNING Retry 1/5 for 'PRJNA625447' (full chain): Invalid control character at: line 1 column 235 (char 234)
2026-05-11 14:47:16,689 WARNING Retry 1/5 for 'PRJNA1179367' (full chain): elink backend error in linksetdbhistories: 'callMLink: Query failed on MegaLink server'
2026-05-11 14:47:17,861 WARNING Retry 1/5 for 'PRJNA1054182' (full chain): elink backend error in linksetdbhistories: 'callMLink: Query failed on MegaLink server'
2026-05-11 14:47:18,553 WARNING Retry 1/5 for 'PRJNA921879' (full chain): elink backend error in linksetdbhistories: 'callMLink: Query failed on MegaLink server'
2026-05-11 14:47:18,623 WARNING Retry 1/5 for 'PRJNA1054187' (full chain): elink backend error in linksetdbhistories: 'callMLink: Query failed on MegaLink server'
2026-05-11 14:47:18,661 WARNING Retry 1/5 for 'PRJNA627230' (full chain): elink backend error in linksetdbhistories: 'callMLink: Query failed on MegaLink server'
2026-05-11 14:47:18,669 WARNING Bad JSON from elink (content-type: application/json; charset=UTF-8): '{"header":{"type":"elink","version":"0.3"},"linksets":[{"dbfrom":"bioproject","ids":["1179354"],"linksetdbhistories":[{"dbto":"sra","linkname":"bioproject_sra","ERROR":"callMLink: Failed MegaLink cal
2026-05-11 14:47:18,669 WARNING Retry 1/5 for 'PRJNA1179354' (full chain): Invalid control character at: line 1 column 236 (char 235)
2026-05-11 14:47:18,734 WARNING Retry 1/5 for 'PRJNA1179423' (full chain): elink backend error in linksetdbhistories: 'callMLink: Query failed on MegaLink server'
2026-05-11 14:47:19,056 WARNING Bad JSON from elink (content-type: application/json; charset=UTF-8): '{"header":{"type":"elink","version":"0.3"},"linksets":[{"dbfrom":"bioproject","ids":["625978"],"linksetdbhistories":[{"dbto":"sra","linkname":"bioproject_sra","ERROR":"callMLink: Failed MegaLink call
2026-05-11 14:47:19,056 WARNING Retry 1/5 for 'PRJNA625978' (full chain): Invalid control character at: line 1 column 235 (char 234)
2026-05-11 14:47:22,476 WARNING Retry 1/5 for 'PRJNA1246949' (full chain): elink backend error in linksetdbhistories: 'callMLink: Query failed on MegaLink server'
2026-05-11 14:47:22,719 WARNING Bad JSON from elink (content-type: application/json; charset=UTF-8): '{"header":{"type":"elink","version":"0.3"},"linksets":[{"dbfrom":"bioproject","ids":["783863"],"linksetdbhistories":[{"dbto":"sra","linkname":"bioproject_sra","ERROR":"callMLink: Failed MegaLink call
2026-05-11 14:47:22,720 WARNING Retry 1/5 for 'PRJNA783863' (full chain): Invalid control character at: line 1 column 235 (char 234)
2026-05-11 14:47:22,754 WARNING Bad JSON from elink (content-type: application/json; charset=UTF-8): '{"header":{"type":"elink","version":"0.3"},"linksets":[{"dbfrom":"bioproject","ids":["784111"],"linksetdbhistories":[{"dbto":"sra","linkname":"bioproject_sra","ERROR":"callMLink: Query failed on Mega
2026-05-11 14:47:22,755 WARNING Retry 1/5 for 'PRJNA784111' (full chain): Invalid control character at: line 1 column 335 (char 334)
2026-05-11 14:47:25,681 WARNING Retry 1/5 for 'PRJNA922521' (full chain): elink backend error in linksetdbhistories: 'callMLink: Query failed on MegaLink server'
2026-05-11 14:47:26,402 WARNING Retry 1/5 for 'PRJNA627598' (full chain): elink backend error in linksetdbhistories: 'callMLink: Query failed on MegaLink server'
2026-05-11 14:47:26,449 WARNING Retry 1/5 for 'PRJNA627490' (full chain): elink backend error in linksetdbhistories: 'callMLink: Query failed on MegaLink server'
2026-05-11 14:47:26,541 WARNING Retry 1/5 for 'PRJNA922963' (full chain): elink backend error in linksetdbhistories: 'callMLink: Query failed on MegaLink server'
2026-05-11 14:47:26,667 WARNING Bad JSON from elink (content-type: application/json; charset=UTF-8): '{"header":{"type":"elink","version":"0.3"},"linksets":[{"dbfrom":"bioproject","ids":["784287"],"linksetdbhistories":[{"dbto":"sra","linkname":"bioproject_sra","ERROR":"callMLink: Query failed on Mega
2026-05-11 14:47:26,668 WARNING Retry 1/5 for 'PRJNA784287' (full chain): Invalid control character at: line 1 column 335 (char 334)
2026-05-11 14:47:26,679 WARNING Retry 1/5 for 'PRJNA1055061' (full chain): elink backend error in linksetdbhistories: 'callMLink: Query failed on MegaLink server'
2026-05-11 14:47:27,286 WARNING Retry 1/5 for 'PRJNA1258770' (full chain): elink backend error in linksetdbhistories: 'callMLink: Query failed on MegaLink server'
2026-05-11 14:47:27,968 WARNING Bad JSON from elink (content-type: application/json; charset=UTF-8): '{"header":{"type":"elink","version":"0.3"},"linksets":[{"dbfrom":"bioproject","ids":["1256616"],"linksetdbhistories":[{"dbto":"sra","linkname":"bioproject_sra","ERROR":"callMLink: Failed MegaLink cal
2026-05-11 14:47:27,969 WARNING Retry 1/5 for 'PRJNA1256616' (full chain): Invalid control character at: line 1 column 236 (char 235)
2026-05-11 14:47:28,886 WARNING Retry 1/5 for 'PRJNA1180567' (full chain): elink backend error in linksetdbhistories: 'callMLink: Query failed on MegaLink server'
2026-05-11 14:47:29,245 WARNING Bad JSON from elink (content-type: application/json; charset=UTF-8): '{"header":{"type":"elink","version":"0.3"},"linksets":[{"dbfrom":"bioproject","ids":["1054647"],"linksetdbhistories":[{"dbto":"sra","linkname":"bioproject_sra","ERROR":"callMLink: Failed MegaLink cal
2026-05-11 14:47:29,246 WARNING Retry 1/5 for 'PRJNA1054647' (full chain): Invalid control character at: line 1 column 236 (char 235)
2026-05-11 14:47:29,349 WARNING Bad JSON from elink (content-type: application/json; charset=UTF-8): '{"header":{"type":"elink","version":"0.3"},"linksets":[{"dbfrom":"bioproject","ids":["1180529"],"linksetdbhistories":[{"dbto":"sra","linkname":"bioproject_sra","ERROR":"callMLink: Failed MegaLink cal
2026-05-11 14:47:29,350 WARNING Retry 1/5 for 'PRJNA1180529' (full chain): Invalid control character at: line 1 column 236 (char 235)
2026-05-11 14:47:29,693 WARNING Retry 1/5 for 'PRJNA1180535' (full chain): elink backend error in linksetdbhistories: 'callMLink: Query failed on MegaLink server'
2026-05-11 14:47:30,489 WARNING Retry 1/5 for 'PRJNA923249' (full chain): elink backend error in linksetdbhistories: 'callMLink: Query failed on MegaLink server'
2026-05-11 14:47:30,498 WARNING Bad JSON from elink (content-type: application/json; charset=UTF-8): '{"header":{"type":"elink","version":"0.3"},"linksets":[{"dbfrom":"bioproject","ids":["1055015"],"linksetdbhistories":[{"dbto":"sra","linkname":"bioproject_sra","ERROR":"callMLink: Failed MegaLink cal
2026-05-11 14:47:30,499 WARNING Retry 1/5 for 'PRJNA1055015' (full chain): Invalid control character at: line 1 column 236 (char 235)
2026-05-11 14:47:30,552 WARNING Retry 1/5 for 'PRJNA1263897' (full chain): elink backend error in linksetdbhistories: 'callMLink: Query failed on MegaLink server'
2026-05-11 14:47:30,653 WARNING Retry 1/5 for 'PRJNA923272' (full chain): elink backend error in linksetdbhistories: 'callMLink: Query failed on MegaLink server'
2026-05-11 14:47:30,668 WARNING Retry 1/5 for 'PRJNA784443' (full chain): elink backend error in linksetdbhistories: 'callMLink: Query failed on MegaLink server'
2026-05-11 14:47:30,685 WARNING Retry 1/5 for 'PRJNA1265861' (full chain): elink backend error in linksetdbhistories: 'callMLink: Query failed on MegaLink server'
2026-05-11 14:47:30,860 WARNING Bad JSON from elink (content-type: application/json; charset=UTF-8): '{"header":{"type":"elink","version":"0.3"},"linksets":[{"dbfrom":"bioproject","ids":["922586"],"linksetdbhistories":[{"dbto":"sra","linkname":"bioproject_sra","ERROR":"callMLink: Failed MegaLink call
2026-05-11 14:47:30,861 WARNING Retry 1/5 for 'PRJNA922586' (full chain): Invalid control character at: line 1 column 235 (char 234)
2026-05-11 14:47:31,000 WARNING Retry 1/5 for 'PRJNA627941' (full chain): elink backend error in linksetdbhistories: 'callMLink: Query failed on MegaLink server'
2026-05-11 14:47:31,875 WARNING Bad JSON from elink (content-type: application/json; charset=UTF-8): '{"header":{"type":"elink","version":"0.3"},"linksets":[{"dbfrom":"bioproject","ids":["922897"],"linksetdbhistories":[{"dbto":"sra","linkname":"bioproject_sra","ERROR":"callMLink: Failed MegaLink call
2026-05-11 14:47:31,875 WARNING Retry 1/5 for 'PRJNA922897' (full chain): Invalid control character at: line 1 column 235 (char 234)
2026-05-11 14:47:32,217 WARNING Bad JSON from elink (content-type: application/json; charset=UTF-8): '{"header":{"type":"elink","version":"0.3"},"linksets":[{"dbfrom":"bioproject","ids":["1180573"],"linksetdbhistories":[{"dbto":"sra","linkname":"bioproject_sra","ERROR":"callMLink: Failed MegaLink cal
2026-05-11 14:47:32,217 WARNING Retry 1/5 for 'PRJNA1180573' (full chain): Invalid control character at: line 1 column 236 (char 235)
2026-05-11 14:47:32,245 WARNING Bad JSON from elink (content-type: application/json; charset=UTF-8): '{"header":{"type":"elink","version":"0.3"},"linksets":[{"dbfrom":"bioproject","ids":["922998"],"linksetdbhistories":[{"dbto":"sra","linkname":"bioproject_sra","ERROR":"callMLink: Failed MegaLink call
2026-05-11 14:47:32,245 WARNING Retry 1/5 for 'PRJNA922998' (full chain): Invalid control character at: line 1 column 235 (char 234)
2026-05-11 14:47:32,562 WARNING Bad JSON from elink (content-type: application/json; charset=UTF-8): '{"header":{"type":"elink","version":"0.3"},"linksets":[{"dbfrom":"bioproject","ids":["1180575"],"linksetdbhistories":[{"dbto":"sra","linkname":"bioproject_sra","ERROR":"callMLink: Failed MegaLink cal
2026-05-11 14:47:32,562 WARNING Retry 1/5 for 'PRJNA1180575' (full chain): Invalid control character at: line 1 column 236 (char 235)
2026-05-11 14:47:33,277 WARNING Bad JSON from elink (content-type: application/json; charset=UTF-8): '{"header":{"type":"elink","version":"0.3"},"linksets":[{"dbfrom":"bioproject","ids":["1262095"],"linksetdbhistories":[{"dbto":"sra","linkname":"bioproject_sra","ERROR":"callMLink: Failed MegaLink cal
2026-05-11 14:47:33,278 WARNING Retry 1/5 for 'PRJNA1262095' (full chain): Invalid control character at: line 1 column 236 (char 235)
2026-05-11 14:47:34,240 WARNING Retry 1/5 for 'PRJNA784952' (full chain): elink backend error in linksetdbhistories: 'callMLink: Query failed on MegaLink server'
2026-05-11 14:47:34,879 WARNING Retry 1/5 for 'PRJNA923367' (full chain): elink backend error in linksetdbhistories: 'callMLink: Query failed on MegaLink server'
2026-05-11 14:47:35,214 WARNING Bad JSON from elink (content-type: application/json; charset=UTF-8): '{"header":{"type":"elink","version":"0.3"},"linksets":[{"dbfrom":"bioproject","ids":["1267087"],"linksetdbhistories":[{"dbto":"sra","linkname":"bioproject_sra","ERROR":"callMLink: Failed MegaLink cal
2026-05-11 14:47:35,214 WARNING Retry 1/5 for 'PRJNA1267087' (full chain): Invalid control character at: line 1 column 236 (char 235)
2026-05-11 14:47:35,225 WARNING Retry 1/5 for 'PRJNA923370' (full chain): elink backend error in linksetdbhistories: 'callMLink: Query failed on MegaLink server'
2026-05-11 14:47:35,530 WARNING Retry 1/5 for 'PRJNA1180937' (full chain): elink backend error in linksetdbhistories: 'callMLink: Query failed on MegaLink server'
2026-05-11 14:47:36,090 WARNING Bad JSON from elink (content-type: application/json; charset=UTF-8): '{"header":{"type":"elink","version":"0.3"},"linksets":[{"dbfrom":"bioproject","ids":["1267459"],"linksetdbhistories":[{"dbto":"sra","linkname":"bioproject_sra","ERROR":"callMLink: Failed MegaLink cal
2026-05-11 14:47:36,091 WARNING Retry 1/5 for 'PRJNA1267459' (full chain): Invalid control character at: line 1 column 236 (char 235)
2026-05-11 14:47:36,247 WARNING Bad JSON from elink (content-type: application/json; charset=UTF-8): '{"header":{"type":"elink","version":"0.3"},"linksets":[{"dbfrom":"bioproject","ids":["1180909"],"linksetdbhistories":[{"dbto":"sra","linkname":"bioproject_sra","ERROR":"callMLink: Failed MegaLink cal
2026-05-11 14:47:36,248 WARNING Retry 1/5 for 'PRJNA1180909' (full chain): Invalid control character at: line 1 column 236 (char 235)
2026-05-11 14:47:36,529 WARNING Retry 1/5 for 'PRJNA1180968' (full chain): elink backend error in linksetdbhistories: 'callMLink: Query failed on MegaLink server'
2026-05-11 14:47:36,691 WARNING Retry 1/5 for 'PRJNA1055142' (full chain): elink backend error in linksetdbhistories: 'callMLink: Query failed on MegaLink server'
2026-05-11 14:47:38,163 WARNING Retry 1/5 for 'PRJNA785000' (full chain): elink backend error in linksetdbhistories: 'callMLink: Query failed on MegaLink server'
2026-05-11 14:47:38,248 WARNING Retry 1/5 for 'PRJNA923317' (full chain): elink backend error in linksetdbhistories: 'callMLink: Query failed on MegaLink server'
2026-05-11 14:47:38,979 WARNING Bad JSON from elink (content-type: application/json; charset=UTF-8): '{"header":{"type":"elink","version":"0.3"},"linksets":[{"dbfrom":"bioproject","ids":["923377"],"linksetdbhistories":[{"dbto":"sra","linkname":"bioproject_sra","ERROR":"callMLink: Query failed on Mega
2026-05-11 14:47:38,979 WARNING Retry 1/5 for 'PRJNA923377' (full chain): Invalid control character at: line 1 column 335 (char 334)
2026-05-11 14:47:39,466 WARNING Retry 1/5 for 'PRJNA923805' (full chain): elink backend error in linksetdbhistories: 'callMLink: Query failed on MegaLink server'
2026-05-11 14:47:39,649 WARNING Retry 1/5 for 'PRJNA785265' (full chain): elink backend error in linksetdbhistories: 'callMLink: Query failed on MegaLink server'
2026-05-11 14:47:41,893 WARNING Retry 1/5 for 'PRJNA1055555' (full chain): elink backend error in linksetdbhistories: 'callMLink: Query failed on MegaLink server'
2026-05-11 14:47:42,047 WARNING Retry 1/5 for 'PRJNA785455' (full chain): elink backend error in linksetdbhistories: 'callMLink: Query failed on MegaLink server'
2026-05-11 14:47:43,278 WARNING Retry 1/5 for 'PRJNA785260' (full chain): elink backend error in linksetdbhistories: 'callMLink: Query failed on MegaLink server'
2026-05-11 14:47:43,321 WARNING Retry 1/5 for 'PRJNA1181532' (full chain): elink backend error in linksetdbhistories: 'callMLink: Query failed on MegaLink server'
2026-05-11 14:47:43,338 WARNING Retry 1/5 for 'PRJNA1278886' (full chain): elink backend error in linksetdbhistories: 'callMLink: Query failed on MegaLink server'
2026-05-11 14:47:43,847 WARNING Bad JSON from elink (content-type: application/json; charset=UTF-8): '{"header":{"type":"elink","version":"0.3"},"linksets":[{"dbfrom":"bioproject","ids":["1055454"],"linksetdbhistories":[{"dbto":"sra","linkname":"bioproject_sra","ERROR":"callMLink: Failed MegaLink cal
2026-05-11 14:47:43,847 WARNING Retry 1/5 for 'PRJNA1055454' (full chain): Invalid control character at: line 1 column 236 (char 235)
2026-05-11 14:47:44,241 WARNING Retry 1/5 for 'PRJNA629541' (full chain): elink backend error in linksetdbhistories: 'callMLink: Query failed on MegaLink server'
2026-05-11 14:47:44,611 WARNING Retry 1/5 for 'PRJNA1057070' (full chain): elink backend error in linksetdbhistories: 'callMLink: Query failed on MegaLink server'
2026-05-11 14:47:44,798 WARNING Retry 1/5 for 'PRJNA1278938' (full chain): elink backend error in linksetdbhistories: 'callMLink: Query failed on MegaLink server'
2026-05-11 14:47:46,078 WARNING Retry 1/5 for 'PRJNA1276081' (full chain): elink backend error in linksetdbhistories: 'callMLink: Query failed on MegaLink server'
2026-05-11 14:47:46,891 WARNING Retry 1/5 for 'PRJNA1057154' (full chain): elink backend error in linksetdbhistories: 'callMLink: Query failed on MegaLink server'
2026-05-11 14:47:47,199 WARNING Bad JSON from elink (content-type: application/json; charset=UTF-8): '{"header":{"type":"elink","version":"0.3"},"linksets":[{"dbfrom":"bioproject","ids":["1273890"],"linksetdbhistories":[{"dbto":"sra","linkname":"bioproject_sra","ERROR":"callMLink: Failed MegaLink cal
2026-05-11 14:47:47,200 WARNING Retry 1/5 for 'PRJNA1273890' (full chain): Invalid control character at: line 1 column 236 (char 235)
2026-05-11 14:47:47,207 WARNING Bad JSON from elink (content-type: application/json; charset=UTF-8): '{"header":{"type":"elink","version":"0.3"},"linksets":[{"dbfrom":"bioproject","ids":["785585"],"linksetdbhistories":[{"dbto":"sra","linkname":"bioproject_sra","ERROR":"callMLink: Query failed on Mega
2026-05-11 14:47:47,207 WARNING Retry 1/5 for 'PRJNA785585' (full chain): Invalid control character at: line 1 column 335 (char 334)
2026-05-11 14:47:47,278 WARNING Bad JSON from elink (content-type: application/json; charset=UTF-8): '{"header":{"type":"elink","version":"0.3"},"linksets":[{"dbfrom":"bioproject","ids":["629368"],"linksetdbhistories":[{"dbto":"sra","linkname":"bioproject_sra","ERROR":"callMLink: Query failed on Mega
2026-05-11 14:47:47,278 WARNING Retry 1/5 for 'PRJNA629368' (full chain): Invalid control character at: line 1 column 335 (char 334)
2026-05-11 14:47:49,054 WARNING Retry 1/5 for 'PRJNA785801' (full chain): elink backend error in linksetdbhistories: 'callMLink: Query failed on MegaLink server'
2026-05-11 14:47:49,322 WARNING Retry 1/5 for 'PRJNA785869' (full chain): elink backend error in linksetdbhistories: 'callMLink: Query failed on MegaLink server'
2026-05-11 14:47:51,659 WARNING Retry 1/5 for 'PRJNA630398' (full chain): elink backend error in linksetdbhistories: 'callMLink: Query failed on MegaLink server'
2026-05-11 14:47:51,673 WARNING Retry 1/5 for 'PRJNA1181917' (full chain): elink backend error in linksetdbhistories: 'callMLink: Query failed on MegaLink server'
2026-05-11 14:47:51,807 WARNING Retry 1/5 for 'PRJNA1181857' (full chain): elink backend error in linksetdbhistories: 'callMLink: Query failed on MegaLink server'
2026-05-11 14:47:51,886 WARNING Retry 1/5 for 'PRJNA1056277' (full chain): elink backend error in linksetdbhistories: 'callMLink: Query failed on MegaLink server'
2026-05-11 14:47:51,902 WARNING Retry 1/5 for 'PRJNA924798' (full chain): elink backend error in linksetdbhistories: 'callMLink: Query failed on MegaLink server'
2026-05-11 14:47:53,646 WARNING Bad JSON from elink (content-type: application/json; charset=UTF-8): '{"header":{"type":"elink","version":"0.3"},"linksets":[{"dbfrom":"bioproject","ids":["924825"],"linksetdbhistories":[{"dbto":"sra","linkname":"bioproject_sra","ERROR":"callMLink: Failed MegaLink call
2026-05-11 14:47:53,648 WARNING Retry 1/5 for 'PRJNA924825' (full chain): Invalid control character at: line 1 column 235 (char 234)
2026-05-11 14:47:54,947 WARNING Retry 1/5 for 'PRJNA785996' (full chain): elink backend error in linksetdbhistories: 'callMLink: Query failed on MegaLink server'
2026-05-11 14:47:55,190 WARNING Retry 1/5 for 'PRJNA1285998' (full chain): elink backend error in linksetdbhistories: 'callMLink: Query failed on MegaLink server'
2026-05-11 14:47:55,204 WARNING Retry 1/5 for 'PRJNA1182247' (full chain): elink backend error in linksetdbhistories: 'callMLink: Query failed on MegaLink server'
2026-05-11 14:47:55,466 WARNING Retry 1/5 for 'PRJNA1283363' (full chain): elink backend error in linksetdbhistories: 'callMLink: Query failed on MegaLink server'
2026-05-11 14:47:56,451 WARNING Retry 1/5 for 'PRJNA1057159' (full chain): elink backend error in linksetdbhistories: 'callMLink: Query failed on MegaLink server'
2026-05-11 14:47:56,464 WARNING Retry 1/5 for 'PRJNA630686' (full chain): elink backend error in linksetdbhistories: 'callMLink: Query failed on MegaLink server'
2026-05-11 14:47:59,554 WARNING Retry 1/5 for 'PRJNA786336' (full chain): elink backend error in linksetdbhistories: 'callMLink: Query failed on MegaLink server'
2026-05-11 14:47:59,581 WARNING Bad JSON from elink (content-type: application/json; charset=UTF-8): '{"header":{"type":"elink","version":"0.3"},"linksets":[{"dbfrom":"bioproject","ids":["925223"],"linksetdbhistories":[{"dbto":"sra","linkname":"bioproject_sra","ERROR":"callMLink: Query failed on Mega
2026-05-11 14:47:59,581 WARNING Retry 1/5 for 'PRJNA925223' (full chain): Invalid control character at: line 1 column 335 (char 334)
2026-05-11 14:48:00,513 WARNING Retry 1/5 for 'PRJNA925481' (full chain): elink backend error in linksetdbhistories: 'callMLink: Query failed on MegaLink server'
2026-05-11 14:48:02,630 WARNING Retry 1/5 for 'PRJNA630733' (full chain): elink backend error in linksetdbhistories: 'callMLink: Query failed on MegaLink server'
2026-05-11 14:48:02,742 WARNING Retry 1/5 for 'PRJNA1182385' (full chain): elink backend error in linksetdbhistories: 'callMLink: Query failed on MegaLink server'
2026-05-11 14:48:03,388 WARNING Retry 1/5 for 'PRJNA786692' (full chain): elink backend error in linksetdbhistories: 'callMLink: Query failed on MegaLink server'
2026-05-11 14:48:03,488 WARNING Retry 1/5 for 'PRJNA1298199' (full chain): elink backend error in linksetdbhistories: 'callMLink: Query failed on MegaLink server'
2026-05-11 14:48:03,705 WARNING Retry 1/5 for 'PRJNA1182770' (full chain): elink backend error in linksetdbhistories: 'callMLink: Query failed on MegaLink server'
2026-05-11 14:48:03,711 WARNING Retry 1/5 for 'PRJNA631285' (full chain): elink backend error in linksetdbhistories: 'callMLink: Query failed on MegaLink server'
2026-05-11 14:48:03,853 WARNING Retry 1/5 for 'PRJNA1182281' (full chain): elink backend error in linksetdbhistories: 'callMLink: Query failed on MegaLink server'
2026-05-11 14:48:04,788 WARNING Retry 1/5 for 'PRJNA1183290' (full chain): elink backend error in linksetdbhistories: 'callMLink: Query failed on MegaLink server'
2026-05-11 14:48:07,489 WARNING Retry 1/5 for 'PRJNA631507' (full chain): elink backend error in linksetdbhistories: 'callMLink: Query failed on MegaLink server'
2026-05-11 14:48:07,659 WARNING Retry 1/5 for 'PRJNA1183301' (full chain): elink backend error in linksetdbhistories: 'callMLink: Query failed on MegaLink server'
2026-05-11 14:48:07,683 WARNING Retry 1/5 for 'PRJNA926106' (full chain): elink backend error in linksetdbhistories: 'callMLink: Query failed on MegaLink server'
2026-05-11 14:48:08,727 WARNING Bad JSON from elink (content-type: application/json; charset=UTF-8): '{"header":{"type":"elink","version":"0.3"},"linksets":[{"dbfrom":"bioproject","ids":["631289"],"linksetdbhistories":[{"dbto":"sra","linkname":"bioproject_sra","querykey":"2"},{"dbto":"sra","linkname"
2026-05-11 14:48:08,728 WARNING Retry 1/5 for 'PRJNA631289' (full chain): Invalid control character at: line 1 column 297 (char 296)
2026-05-11 14:48:09,136 WARNING Retry 1/5 for 'PRJNA787273' (full chain): elink backend error in linksetdbhistories: 'callMLink: Query failed on MegaLink server'
2026-05-11 14:48:10,613 WARNING Retry 1/5 for 'PRJNA1183362' (full chain): elink backend error in linksetdbhistories: 'callMLink: Query failed on MegaLink server'
2026-05-11 14:48:11,197 WARNING Retry 1/5 for 'PRJNA787272' (full chain): elink backend error in linksetdbhistories: 'callMLink: Query failed on MegaLink server'
2026-05-11 14:48:11,888 WARNING Retry 1/5 for 'PRJNA631611' (full chain): elink backend error in linksetdbhistories: 'callMLink: Query failed on MegaLink server'
2026-05-11 14:48:11,951 WARNING Retry 1/5 for 'PRJNA787442' (full chain): elink backend error in linksetdbhistories: 'callMLink: Query failed on MegaLink server'
2026-05-11 14:48:11,955 WARNING Retry 1/5 for 'PRJNA787316' (full chain): elink backend error in linksetdbhistories: 'callMLink: Query failed on MegaLink server'
2026-05-11 14:48:12,063 WARNING Bad JSON from elink (content-type: application/json; charset=UTF-8): '{"header":{"type":"elink","version":"0.3"},"linksets":[{"dbfrom":"bioproject","ids":["1182665"],"linksetdbhistories":[{"dbto":"sra","linkname":"bioproject_sra","ERROR":"callMLink: Failed MegaLink cal
2026-05-11 14:48:12,063 WARNING Retry 1/5 for 'PRJNA1182665' (full chain): Invalid control character at: line 1 column 236 (char 235)
2026-05-11 14:48:13,193 WARNING Retry 1/5 for 'PRJNA1183733' (full chain): elink backend error in linksetdbhistories: 'callMLink: Query failed on MegaLink server'
2026-05-11 14:48:13,484 WARNING Retry 1/5 for 'PRJNA1307176' (full chain): elink backend error in linksetdbhistories: 'callMLink: Query failed on MegaLink server'
2026-05-11 14:48:13,528 WARNING Retry 1/5 for 'PRJNA1183818' (full chain): elink backend error in linksetdbhistories: 'callMLink: Query failed on MegaLink server'
2026-05-11 14:48:15,354 WARNING Retry 1/5 for 'PRJNA631752' (full chain): elink backend error in linksetdbhistories: 'callMLink: Query failed on MegaLink server'
2026-05-11 14:48:15,813 WARNING Retry 1/5 for 'PRJNA1180578' (full chain): elink backend error in linksetdbhistories: 'callMLink: Query failed on MegaLink server'
2026-05-11 14:48:15,874 WARNING Retry 1/5 for 'PRJNA926655' (full chain): elink backend error in linksetdbhistories: 'callMLink: Query failed on MegaLink server'
2026-05-11 14:48:15,875 WARNING Retry 1/5 for 'PRJNA787596' (full chain): elink backend error in linksetdbhistories: 'callMLink: Query failed on MegaLink server'
2026-05-11 14:48:17,401 WARNING Retry 1/5 for 'PRJNA1184381' (full chain): elink backend error in linksetdbhistories: 'callMLink: Query failed on MegaLink server'
2026-05-11 14:48:19,542 WARNING Retry 1/5 for 'PRJNA787636' (full chain): elink backend error in linksetdbhistories: 'callMLink: Query failed on MegaLink server'
2026-05-11 14:48:20,120 WARNING Bad JSON from elink (content-type: application/json; charset=UTF-8): '{"header":{"type":"elink","version":"0.3"},"linksets":[{"dbfrom":"bioproject","ids":["787545"],"linksetdbhistories":[{"dbto":"sra","linkname":"bioproject_sra","ERROR":"callMLink: Failed MegaLink call
2026-05-11 14:48:20,121 WARNING Retry 1/5 for 'PRJNA787545' (full chain): Invalid control character at: line 1 column 235 (char 234)
2026-05-11 14:48:20,175 WARNING Retry 1/5 for 'PRJNA1184726' (full chain): elink backend error in linksetdbhistories: 'callMLink: Query failed on MegaLink server'
2026-05-11 14:48:21,170 WARNING Bad JSON from elink (content-type: application/json; charset=UTF-8): '{"header":{"type":"elink","version":"0.3"},"linksets":[{"dbfrom":"bioproject","ids":["926918"],"linksetdbhistories":[{"dbto":"sra","linkname":"bioproject_sra","ERROR":"callMLink: Failed MegaLink call
2026-05-11 14:48:21,170 WARNING Retry 1/5 for 'PRJNA926918' (full chain): Invalid control character at: line 1 column 235 (char 234)
2026-05-11 14:48:21,394 WARNING Bad JSON from elink (content-type: application/json; charset=UTF-8): '{"header":{"type":"elink","version":"0.3"},"linksets":[{"dbfrom":"bioproject","ids":["926654"],"linksetdbhistories":[{"dbto":"sra","linkname":"bioproject_sra","ERROR":"callMLink: Failed MegaLink call
2026-05-11 14:48:21,395 WARNING Retry 1/5 for 'PRJNA926654' (full chain): Invalid control character at: line 1 column 235 (char 234)
2026-05-11 14:48:22,083 WARNING Bad JSON from elink (content-type: application/json; charset=UTF-8): '{"header":{"type":"elink","version":"0.3"},"linksets":[{"dbfrom":"bioproject","ids":["1309745"],"linksetdbhistories":[{"dbto":"sra","linkname":"bioproject_sra","ERROR":"callMLink: Failed MegaLink cal
2026-05-11 14:48:22,084 WARNING Retry 1/5 for 'PRJNA1309745' (full chain): Invalid control character at: line 1 column 236 (char 235)
2026-05-11 14:48:24,139 WARNING Retry 1/5 for 'PRJNA927042' (full chain): elink backend error in linksetdbhistories: 'callMLink: Query failed on MegaLink server'
2026-05-11 14:48:25,563 WARNING Retry 1/5 for 'PRJNA1185203' (full chain): elink backend error in linksetdbhistories: 'callMLink: Query failed on MegaLink server'
2026-05-11 14:48:28,095 WARNING Retry 1/5 for 'PRJNA1314137' (full chain): elink backend error in linksetdbhistories: 'callMLink: Query failed on MegaLink server'
2026-05-11 14:48:28,296 WARNING Bad JSON from elink (content-type: application/json; charset=UTF-8): '{"header":{"type":"elink","version":"0.3"},"linksets":[{"dbfrom":"bioproject","ids":["1185149"],"linksetdbhistories":[{"dbto":"sra","linkname":"bioproject_sra","querykey":"2"},{"dbto":"sra","linkname
2026-05-11 14:48:28,297 WARNING Retry 1/5 for 'PRJNA1185149' (full chain): Invalid control character at: line 1 column 298 (char 297)
2026-05-11 14:48:30,009 WARNING Retry 1/5 for 'PRJNA633364' (full chain): elink backend error in linksetdbhistories: 'callMLink: Query failed on MegaLink server'
2026-05-11 14:48:30,441 WARNING Retry 1/5 for 'PRJNA633130' (full chain): elink backend error in linksetdbhistories: 'callMLink: Query failed on MegaLink server'
2026-05-11 14:48:32,315 WARNING Bad JSON from elink (content-type: application/json; charset=UTF-8): '{"header":{"type":"elink","version":"0.3"},"linksets":[{"dbfrom":"bioproject","ids":["1109397"],"linksetdbhistories":[{"dbto":"sra","linkname":"bioproject_sra","ERROR":"callMLink: Failed MegaLink cal
2026-05-11 14:48:32,315 WARNING Retry 1/5 for 'PRJNA1109397' (full chain): Invalid control character at: line 1 column 236 (char 235)
2026-05-11 14:48:36,515 WARNING Retry 1/5 for 'PRJNA789845' (full chain): elink backend error in linksetdbhistories: 'callMLink: Query failed on MegaLink server'
2026-05-11 14:48:36,572 WARNING Retry 1/5 for 'PRJNA1338258' (full chain): elink backend error in linksetdbhistories: 'callMLink: Query failed on MegaLink server'
2026-05-11 14:48:36,827 WARNING Bad JSON from elink (content-type: application/json; charset=UTF-8): '{"header":{"type":"elink","version":"0.3"},"linksets":[{"dbfrom":"bioproject","ids":["1185705"],"linksetdbhistories":[{"dbto":"sra","linkname":"bioproject_sra","ERROR":"callMLink: Failed MegaLink cal
2026-05-11 14:48:36,828 WARNING Retry 1/5 for 'PRJNA1185705' (full chain): Invalid control character at: line 1 column 236 (char 235)
2026-05-11 14:48:36,875 WARNING Bad JSON from elink (content-type: application/json; charset=UTF-8): '{"header":{"type":"elink","version":"0.3"},"linksets":[{"dbfrom":"bioproject","ids":["633387"],"linksetdbhistories":[{"dbto":"sra","linkname":"bioproject_sra","ERROR":"callMLink: Failed MegaLink call
2026-05-11 14:48:36,876 WARNING Retry 1/5 for 'PRJNA633387' (full chain): Invalid control character at: line 1 column 235 (char 234)
2026-05-11 14:48:40,704 WARNING Retry 1/5 for 'PRJNA929058' (full chain): elink backend error in linksetdbhistories: 'callMLink: Query failed on MegaLink server'
2026-05-11 14:48:40,815 WARNING Retry 1/5 for 'PRJNA634529' (full chain): elink backend error in linksetdbhistories: 'callMLink: Query failed on MegaLink server'
2026-05-11 14:48:40,859 WARNING Retry 1/5 for 'PRJNA1346442' (full chain): elink backend error in linksetdbhistories: 'callMLink: Query failed on MegaLink server'
2026-05-11 14:48:42,062 WARNING Retry 1/5 for 'PRJNA752147' (full chain): elink backend error in linksetdbhistories: 'callMLink: Query failed on MegaLink server'
2026-05-11 14:48:42,069 WARNING Retry 1/5 for 'PRJNA929042' (full chain): elink backend error in linksetdbhistories: 'callMLink: Query failed on MegaLink server'
2026-05-11 14:48:44,066 WARNING Retry 1/5 for 'PRJNA1365505' (full chain): elink backend error in linksetdbhistories: 'callMLink: Query failed on MegaLink server'
2026-05-11 14:48:44,558 WARNING Retry 1/5 for 'PRJNA1187612' (full chain): elink backend error in linksetdbhistories: 'callMLink: Query failed on MegaLink server'
2026-05-11 14:48:44,810 WARNING Retry 1/5 for 'PRJNA634902' (full chain): elink backend error in linksetdbhistories: 'callMLink: Query failed on MegaLink server'
2026-05-11 14:48:44,867 WARNING Retry 1/5 for 'PRJNA1187619' (full chain): elink backend error in linksetdbhistories: 'callMLink: Query failed on MegaLink server'
2026-05-11 14:48:44,910 WARNING Retry 1/5 for 'PRJNA1187461' (full chain): elink backend error in linksetdbhistories: 'callMLink: Query failed on MegaLink server'
2026-05-11 14:48:46,152 WARNING Retry 1/5 for 'PRJNA1365795' (full chain): elink backend error in linksetdbhistories: 'callMLink: Query failed on MegaLink server'
2026-05-11 14:48:48,094 WARNING Retry 1/5 for 'PRJNA1185950' (full chain): elink backend error in linksetdbhistories: 'callMLink: Query failed on MegaLink server'
2026-05-11 14:48:48,098 WARNING Retry 1/5 for 'PRJNA790624' (full chain): elink backend error in linksetdbhistories: 'callMLink: Query failed on MegaLink server'
2026-05-11 14:48:48,689 WARNING Retry 1/5 for 'PRJNA790965' (full chain): elink backend error in linksetdbhistories: 'callMLink: Query failed on MegaLink server'
2026-05-11 14:48:48,774 WARNING Retry 1/5 for 'PRJNA1321347' (full chain): elink backend error in linksetdbhistories: 'callMLink: Query failed on MegaLink server'
2026-05-11 14:48:49,876 WARNING Retry 1/5 for 'PRJNA1188159' (full chain): elink backend error in linksetdbhistories: 'callMLink: Query failed on MegaLink server'
2026-05-11 14:48:52,140 WARNING Retry 1/5 for 'PRJNA1188024' (full chain): elink backend error in linksetdbhistories: 'callMLink: Query failed on MegaLink server'
2026-05-11 14:48:52,372 WARNING Retry 1/5 for 'PRJNA791669' (full chain): elink backend error in linksetdbhistories: 'callMLink: Query failed on MegaLink server'
2026-05-11 14:48:52,401 WARNING Retry 1/5 for 'PRJNA635633' (full chain): elink backend error in linksetdbhistories: 'callMLink: Query failed on MegaLink server'
2026-05-11 14:48:52,407 WARNING Retry 1/5 for 'PRJNA930041' (full chain): elink backend error in linksetdbhistories: 'callMLink: Query failed on MegaLink server'
2026-05-11 14:48:54,584 WARNING Retry 1/5 for 'PRJNA1188499' (full chain): elink backend error in linksetdbhistories: 'callMLink: Query failed on MegaLink server'
2026-05-11 14:48:56,896 WARNING Retry 1/5 for 'PRJNA791910' (full chain): elink backend error in linksetdbhistories: 'callMLink: Query failed on MegaLink server'
2026-05-11 14:48:57,074 WARNING Retry 1/5 for 'PRJNA554684' (full chain): elink backend error in linksetdbhistories: 'callMLink: Query failed on MegaLink server'
2026-05-11 14:48:57,080 WARNING Retry 1/5 for 'PRJNA472816' (full chain): Server error '502 Bad Gateway' for url 'https://eutils.ncbi.nlm.nih.gov/entrez/eutils/elink.fcgi?dbfrom=bioproject&db=sra&WebEnv=MCID_6a01d79244f3116eea041332&query_key=1&cmd=neighbor_history&retmode=json&api_key=61e038518e781de982cddacff077ec29ae09'
For more information check: https://developer.mozilla.org/en-US/docs/Web/HTTP/Status/502
2026-05-11 14:48:57,083 WARNING Retry 1/5 for 'PRJNA792084' (full chain): Server error '502 Bad Gateway' for url 'https://eutils.ncbi.nlm.nih.gov/entrez/eutils/elink.fcgi?dbfrom=bioproject&db=sra&WebEnv=MCID_6a01d792f85783b81c06affb&query_key=1&cmd=neighbor_history&retmode=json&api_key=61e038518e781de982cddacff077ec29ae09'
For more information check: https://developer.mozilla.org/en-US/docs/Web/HTTP/Status/502
2026-05-11 14:48:57,084 WARNING Retry 1/5 for 'PRJNA1189128' (full chain): Server error '502 Bad Gateway' for url 'https://eutils.ncbi.nlm.nih.gov/entrez/eutils/elink.fcgi?dbfrom=bioproject&db=sra&WebEnv=MCID_6a01d792b136117cd90f4bfe&query_key=1&cmd=neighbor_history&retmode=json&api_key=61e038518e781de982cddacff077ec29ae09'
For more information check: https://developer.mozilla.org/en-US/docs/Web/HTTP/Status/502
2026-05-11 14:48:57,086 WARNING Retry 1/5 for 'PRJNA791693' (full chain): Server error '502 Bad Gateway' for url 'https://eutils.ncbi.nlm.nih.gov/entrez/eutils/elink.fcgi?dbfrom=bioproject&db=sra&WebEnv=MCID_6a01d79095a853b0c00dbda7&query_key=1&cmd=neighbor_history&retmode=json&api_key=61e038518e781de982cddacff077ec29ae09'
For more information check: https://developer.mozilla.org/en-US/docs/Web/HTTP/Status/502
2026-05-11 14:48:57,088 WARNING Retry 1/5 for 'PRJNA1189150' (full chain): Server error '502 Bad Gateway' for url 'https://eutils.ncbi.nlm.nih.gov/entrez/eutils/elink.fcgi?dbfrom=bioproject&db=sra&WebEnv=MCID_6a01d79306b98565bf0a6d88&query_key=1&cmd=neighbor_history&retmode=json&api_key=61e038518e781de982cddacff077ec29ae09'
For more information check: https://developer.mozilla.org/en-US/docs/Web/HTTP/Status/502
2026-05-11 14:48:57,089 WARNING Retry 1/5 for 'PRJNA930652' (full chain): Server error '502 Bad Gateway' for url 'https://eutils.ncbi.nlm.nih.gov/entrez/eutils/elink.fcgi?dbfrom=bioproject&db=sra&WebEnv=MCID_6a01d793f40f6b5352066a4c&query_key=1&cmd=neighbor_history&retmode=json&api_key=61e038518e781de982cddacff077ec29ae09'
For more information check: https://developer.mozilla.org/en-US/docs/Web/HTTP/Status/502
2026-05-11 14:48:57,633 WARNING Retry 1/5 for 'PRJNA1188202' (full chain): elink backend error in linksetdbhistories: 'callMLink: Query failed on MegaLink server'
2026-05-11 14:48:58,751 WARNING Retry 1/5 for 'PRJNA484547' (full chain): elink backend error in linksetdbhistories: 'callMLink: Query failed on MegaLink server'
2026-05-11 14:49:00,620 WARNING Retry 1/5 for 'PRJNA1189505' (full chain): elink backend error in linksetdbhistories: 'callMLink: Query failed on MegaLink server'
2026-05-11 14:49:00,779 WARNING Retry 1/5 for 'PRJNA487961' (full chain): elink backend error in linksetdbhistories: 'callMLink: Query failed on MegaLink server'
2026-05-11 14:49:03,369 WARNING Retry 1/5 for 'PRJNA792546' (full chain): elink backend error in linksetdbhistories: 'callMLink: Query failed on MegaLink server'
2026-05-11 14:49:04,269 WARNING Retry 1/5 for 'PRJNA930763' (full chain): elink backend error in linksetdbhistories: 'callMLink: Query failed on MegaLink server'
2026-05-11 14:49:04,298 WARNING Retry 1/5 for 'PRJNA1060258' (full chain): elink backend error in linksetdbhistories: 'callMLink: Query failed on MegaLink server'
2026-05-11 14:49:04,350 WARNING Retry 1/5 for 'PRJNA1189809' (full chain): elink backend error in linksetdbhistories: 'callMLink: Query failed on MegaLink server'
2026-05-11 14:49:04,439 WARNING Retry 1/5 for 'PRJNA1190082' (full chain): elink backend error in linksetdbhistories: 'callMLink: Query failed on MegaLink server'
2026-05-11 14:49:06,937 WARNING Retry 1/5 for 'PRJNA505532' (full chain): elink backend error in linksetdbhistories: 'callMLink: Query failed on MegaLink server'
2026-05-11 14:49:08,170 WARNING Bad JSON from elink (content-type: application/json; charset=UTF-8): '{"header":{"type":"elink","version":"0.3"},"linksets":[{"dbfrom":"bioproject","ids":["636783"],"linksetdbhistories":[{"dbto":"sra","linkname":"bioproject_sra","ERROR":"callMLink: Failed MegaLink call
2026-05-11 14:49:08,172 WARNING Retry 1/5 for 'PRJNA636783' (full chain): Invalid control character at: line 1 column 235 (char 234)
2026-05-11 14:49:08,808 WARNING Retry 1/5 for 'PRJNA507872' (full chain): elink backend error in linksetdbhistories: 'callMLink: Query failed on MegaLink server'
2026-05-11 14:49:08,845 WARNING Retry 1/5 for 'PRJNA637564' (full chain): elink backend error in linksetdbhistories: 'callMLink: Query failed on MegaLink server'
2026-05-11 14:49:08,955 WARNING Retry 1/5 for 'PRJNA512111' (full chain): elink backend error in linksetdbhistories: 'callMLink: Query failed on MegaLink server'
2026-05-11 14:49:08,967 WARNING Retry 1/5 for 'PRJNA637036' (full chain): elink backend error in linksetdbhistories: 'callMLink: Query failed on MegaLink server'
2026-05-11 14:49:09,050 WARNING Retry 1/5 for 'PRJNA931237' (full chain): elink backend error in linksetdbhistories: 'callMLink: Query failed on MegaLink server'
2026-05-11 14:49:09,197 WARNING Bad JSON from elink (content-type: application/json; charset=UTF-8): '{"header":{"type":"elink","version":"0.3"},"linksets":[{"dbfrom":"bioproject","ids":["1190095"],"linksetdbhistories":[{"dbto":"sra","linkname":"bioproject_sra","querykey":"2"},{"dbto":"sra","linkname
2026-05-11 14:49:09,197 WARNING Retry 1/5 for 'PRJNA1190095' (full chain): Invalid control character at: line 1 column 298 (char 297)
2026-05-11 14:49:09,226 WARNING Bad JSON from elink (content-type: application/json; charset=UTF-8): '{"header":{"type":"elink","version":"0.3"},"linksets":[{"dbfrom":"bioproject","ids":["930840"],"linksetdbhistories":[{"dbto":"sra","linkname":"bioproject_sra","ERROR":"callMLink: Query failed on Mega
2026-05-11 14:49:09,226 WARNING Retry 1/5 for 'PRJNA930840' (full chain): Invalid control character at: line 1 column 335 (char 334)
2026-05-11 14:49:09,229 WARNING Bad JSON from elink (content-type: application/json; charset=UTF-8): '{"header":{"type":"elink","version":"0.3"},"linksets":[{"dbfrom":"bioproject","ids":["637046"],"linksetdbhistories":[{"dbto":"sra","linkname":"bioproject_sra","ERROR":"callMLink: Query failed on Mega
2026-05-11 14:49:09,229 WARNING Retry 1/5 for 'PRJNA637046' (full chain): Invalid control character at: line 1 column 335 (char 334)
2026-05-11 14:49:13,105 WARNING Retry 1/5 for 'PRJNA793258' (full chain): elink backend error in linksetdbhistories: 'callMLink: Query failed on MegaLink server'
2026-05-11 14:49:13,106 WARNING Retry 1/5 for 'PRJNA637616' (full chain): elink backend error in linksetdbhistories: 'callMLink: Query failed on MegaLink server'
2026-05-11 14:49:13,402 WARNING Retry 1/5 for 'PRJNA934441' (full chain): elink backend error in linksetdbhistories: 'callMLink: Query failed on MegaLink server'
2026-05-11 14:49:14,189 WARNING Bad JSON from elink (content-type: application/json; charset=UTF-8): '{"header":{"type":"elink","version":"0.3"},"linksets":[{"dbfrom":"bioproject","ids":["1190394"],"linksetdbhistories":[{"dbto":"sra","linkname":"bioproject_sra","querykey":"2"},{"dbto":"sra","linkname
2026-05-11 14:49:14,190 WARNING Retry 1/5 for 'PRJNA1190394' (full chain): Invalid control character at: line 1 column 298 (char 297)
2026-05-11 14:49:17,833 WARNING Retry 1/5 for 'PRJNA637895' (full chain): elink backend error in linksetdbhistories: 'callMLink: Query failed on MegaLink server'
2026-05-11 14:49:17,837 WARNING Retry 1/5 for 'PRJNA474206' (full chain): elink backend error in linksetdbhistories: 'callMLink: Query failed on MegaLink server'
2026-05-11 14:49:17,841 WARNING Retry 1/5 for 'PRJNA1191062' (full chain): elink backend error in linksetdbhistories: 'callMLink: Query failed on MegaLink server'
2026-05-11 14:49:17,843 WARNING Retry 1/5 for 'PRJNA638022' (full chain): elink backend error in linksetdbhistories: 'callMLink: Query failed on MegaLink server'
2026-05-11 14:49:17,910 WARNING Retry 1/5 for 'PRJNA1060728' (full chain): 
2026-05-11 14:49:18,092 WARNING Retry 1/5 for 'PRJNA793697' (full chain): elink backend error in linksetdbhistories: 'callMLink: Query failed on MegaLink server'
2026-05-11 14:49:18,579 WARNING Retry 1/5 for 'PRJNA1060743' (full chain): 
2026-05-11 14:49:18,717 WARNING Retry 1/5 for 'PRJNA434002' (full chain): elink backend error in linksetdbhistories: 'callMLink: Query failed on MegaLink server'
2026-05-11 14:49:19,005 WARNING Retry 1/5 for 'PRJNA1061481' (full chain): elink backend error in linksetdbhistories: 'callMLink: Query failed on MegaLink server'
2026-05-11 14:49:19,727 WARNING Retry 1/5 for 'PRJNA931309' (full chain): 
2026-05-11 14:49:19,862 WARNING Retry 1/5 for 'PRJNA793246' (full chain): 
2026-05-11 14:49:21,196 WARNING Retry 1/5 for 'PRJNA638107' (full chain): elink backend error in linksetdbhistories: 'callMLink: Query failed on MegaLink server'
2026-05-11 14:49:21,449 WARNING Retry 1/5 for 'PRJNA1061520' (full chain): elink backend error in linksetdbhistories: 'callMLink: Query failed on MegaLink server'
2026-05-11 14:49:21,706 WARNING Retry 1/5 for 'PRJNA934485' (full chain): elink backend error in linksetdbhistories: 'callMLink: Query failed on MegaLink server'
2026-05-11 14:49:22,512 WARNING Retry 1/5 for 'PRJNA794777' (full chain): elink backend error in linksetdbhistories: 'callMLink: Query failed on MegaLink server'
2026-05-11 14:49:23,427 WARNING Retry 1/5 for 'PRJNA1061201' (full chain): 
2026-05-11 14:49:24,089 WARNING Retry 1/5 for 'PRJNA1190947' (full chain): 
2026-05-11 14:49:25,109 WARNING Retry 1/5 for 'PRJNA557267' (full chain): elink backend error in linksetdbhistories: 'callMLink: Query failed on MegaLink server'
2026-05-11 14:49:25,562 WARNING Retry 1/5 for 'PRJNA932339' (full chain): elink backend error in linksetdbhistories: 'callMLink: Query failed on MegaLink server'
2026-05-11 14:49:26,557 WARNING Bad JSON from elink (content-type: application/json; charset=UTF-8): '{"header":{"type":"elink","version":"0.3"},"linksets":[{"dbfrom":"bioproject","ids":["544334"],"linksetdbhistories":[{"dbto":"sra","linkname":"bioproject_sra","ERROR":"callMLink: Failed MegaLink call
2026-05-11 14:49:26,559 WARNING Retry 1/5 for 'PRJNA544334' (full chain): Invalid control character at: line 1 column 235 (char 234)
2026-05-11 14:49:26,617 WARNING Bad JSON from elink (content-type: application/json; charset=UTF-8): '{"header":{"type":"elink","version":"0.3"},"linksets":[{"dbfrom":"bioproject","ids":["932324"],"linksetdbhistories":[{"dbto":"sra","linkname":"bioproject_sra","querykey":"2"},{"dbto":"sra","linkname"
2026-05-11 14:49:26,618 WARNING Retry 1/5 for 'PRJNA932324' (full chain): Invalid control character at: line 1 column 297 (char 296)
2026-05-11 14:49:28,857 WARNING Retry 1/5 for 'PRJNA638381' (full chain): elink backend error in linksetdbhistories: 'callMLink: Query failed on MegaLink server'
2026-05-11 14:49:28,992 WARNING Retry 1/5 for 'PRJNA557472' (full chain): elink backend error in linksetdbhistories: 'callMLink: Query failed on MegaLink server'
2026-05-11 14:49:29,295 WARNING Retry 1/5 for 'PRJNA1061642' (full chain): elink backend error in linksetdbhistories: 'callMLink: Query failed on MegaLink server'
2026-05-11 14:49:29,405 WARNING Retry 1/5 for 'PRJNA795417' (full chain): elink backend error in linksetdbhistories: 'callMLink: Query failed on MegaLink server'
2026-05-11 14:49:29,445 WARNING Retry 1/5 for 'PRJNA934551' (full chain): elink backend error in linksetdbhistories: 'callMLink: Query failed on MegaLink server'
2026-05-11 14:49:29,572 WARNING Retry 1/5 for 'PRJNA558697' (full chain): elink backend error in linksetdbhistories: 'callMLink: Query failed on MegaLink server'
2026-05-11 14:49:29,610 WARNING Bad JSON from elink (content-type: application/json; charset=UTF-8): '{"header":{"type":"elink","version":"0.3"},"linksets":[{"dbfrom":"bioproject","ids":["556477"],"linksetdbhistories":[{"dbto":"sra","linkname":"bioproject_sra","ERROR":"callMLink: Query failed on Mega
2026-05-11 14:49:29,610 WARNING Retry 1/5 for 'PRJNA556477' (full chain): Invalid control character at: line 1 column 335 (char 334)
2026-05-11 14:49:29,672 WARNING Retry 1/5 for 'PRJNA1192295' (full chain): elink backend error in linksetdbhistories: 'callMLink: Query failed on MegaLink server'
2026-05-11 14:49:29,722 WARNING Retry 1/5 for 'PRJNA638641' (full chain): elink backend error in linksetdbhistories: 'callMLink: Query failed on MegaLink server'
2026-05-11 14:49:29,731 WARNING Retry 1/5 for 'PRJNA638598' (full chain): elink backend error in linksetdbhistories: 'callMLink: Query failed on MegaLink server'
2026-05-11 14:49:29,989 WARNING Retry 1/5 for 'PRJNA795098' (full chain): elink backend error in linksetdbhistories: 'callMLink: Query failed on MegaLink server'
2026-05-11 14:49:30,993 WARNING Retry 1/5 for 'PRJNA573053' (full chain): elink backend error in linksetdbhistories: 'callMLink: Query failed on MegaLink server'
2026-05-11 14:49:32,961 WARNING Retry 1/5 for 'PRJNA577794' (full chain): elink backend error in linksetdbhistories: 'callMLink: Query failed on MegaLink server'
2026-05-11 14:49:32,981 WARNING Retry 1/5 for 'PRJNA1192996' (full chain): elink backend error in linksetdbhistories: 'callMLink: Query failed on MegaLink server'
2026-05-11 14:49:33,238 WARNING Retry 1/5 for 'PRJNA638882' (full chain): elink backend error in linksetdbhistories: 'callMLink: Query failed on MegaLink server'
2026-05-11 14:49:33,293 WARNING Retry 1/5 for 'PRJNA577409' (full chain): elink backend error in linksetdbhistories: 'callMLink: Query failed on MegaLink server'
2026-05-11 14:49:33,297 WARNING Retry 1/5 for 'PRJNA1062365' (full chain): elink backend error in linksetdbhistories: 'callMLink: Query failed on MegaLink server'
2026-05-11 14:49:34,746 WARNING Bad JSON from elink (content-type: application/json; charset=UTF-8): '{"header":{"type":"elink","version":"0.3"},"linksets":[{"dbfrom":"bioproject","ids":["932789"],"linksetdbhistories":[{"dbto":"sra","linkname":"bioproject_sra","ERROR":"callMLink: Failed MegaLink call
2026-05-11 14:49:34,747 WARNING Retry 1/5 for 'PRJNA932789' (full chain): Invalid control character at: line 1 column 235 (char 234)
2026-05-11 14:49:35,454 WARNING Retry 1/5 for 'PRJNA795664' (full chain): elink backend error in linksetdbhistories: 'callMLink: Query failed on MegaLink server'
2026-05-11 14:49:35,498 WARNING Retry 1/5 for 'PRJNA795652' (full chain): elink backend error in linksetdbhistories: 'callMLink: Query failed on MegaLink server'
2026-05-11 14:49:35,508 WARNING Retry 1/5 for 'PRJNA933163' (full chain): elink backend error in linksetdbhistories: 'callMLink: Query failed on MegaLink server'
2026-05-11 14:49:37,110 WARNING Retry 1/5 for 'PRJNA638893' (full chain): elink backend error in linksetdbhistories: 'callMLink: Query failed on MegaLink server'
2026-05-11 14:49:37,427 WARNING Retry 1/5 for 'PRJNA1062795' (full chain): elink backend error in linksetdbhistories: 'callMLink: Query failed on MegaLink server'
2026-05-11 14:49:38,076 WARNING Retry 1/5 for 'PRJNA580355' (full chain): elink backend error in linksetdbhistories: 'callMLink: Query failed on MegaLink server'
2026-05-11 14:49:38,085 WARNING Bad JSON from elink (content-type: application/json; charset=UTF-8): '{"header":{"type":"elink","version":"0.3"},"linksets":[{"dbfrom":"bioproject","ids":["933111"],"linksetdbhistories":[{"dbto":"sra","linkname":"bioproject_sra","ERROR":"callMLink: Failed MegaLink call
2026-05-11 14:49:38,085 WARNING Retry 1/5 for 'PRJNA933111' (full chain): Invalid control character at: line 1 column 235 (char 234)
2026-05-11 14:49:38,733 WARNING Retry 1/5 for 'PRJNA795811' (full chain): elink backend error in linksetdbhistories: 'callMLink: Query failed on MegaLink server'
2026-05-11 14:49:41,304 WARNING Retry 1/5 for 'PRJNA1193581' (full chain): elink backend error in linksetdbhistories: 'callMLink: Query failed on MegaLink server'
2026-05-11 14:49:41,518 WARNING Retry 1/5 for 'PRJNA638885' (full chain): elink backend error in linksetdbhistories: 'callMLink: Query failed on MegaLink server'
2026-05-11 14:49:41,624 WARNING Retry 1/5 for 'PRJNA795962' (full chain): elink backend error in linksetdbhistories: 'callMLink: Query failed on MegaLink server'
2026-05-11 14:49:41,737 WARNING Retry 1/5 for 'PRJNA638960' (full chain): elink backend error in linksetdbhistories: 'callMLink: Query failed on MegaLink server'
2026-05-11 14:49:41,779 WARNING Retry 1/5 for 'PRJNA795953' (full chain): elink backend error in linksetdbhistories: 'callMLink: Query failed on MegaLink server'
2026-05-11 14:49:42,005 WARNING Retry 1/5 for 'PRJNA1062917' (full chain): elink backend error in linksetdbhistories: 'callMLink: Query failed on MegaLink server'
2026-05-11 14:49:42,020 WARNING Retry 1/5 for 'PRJNA933926' (full chain): elink backend error in linksetdbhistories: 'callMLink: Query failed on MegaLink server'
2026-05-11 14:49:42,167 WARNING Retry 1/5 for 'PRJNA934081' (full chain): elink backend error in linksetdbhistories: 'callMLink: Query failed on MegaLink server'
2026-05-11 14:49:43,752 WARNING Retry 1/5 for 'PRJNA1063174' (full chain): elink backend error in linksetdbhistories: 'callMLink: Query failed on MegaLink server'
2026-05-11 14:49:46,024 WARNING Retry 1/5 for 'PRJNA1062794' (full chain): elink backend error in linksetdbhistories: 'callMLink: Query failed on MegaLink server'
2026-05-11 14:49:47,790 WARNING Retry 1/5 for 'PRJNA934585' (full chain): 
2026-05-11 14:49:48,993 WARNING Retry 1/5 for 'PRJNA796219' (full chain): elink backend error in linksetdbhistories: 'callMLink: Query failed on MegaLink server'
2026-05-11 14:49:50,258 WARNING Retry 1/5 for 'PRJNA640163' (full chain): elink backend error in linksetdbhistories: 'callMLink: Query failed on MegaLink server'
2026-05-11 14:49:50,366 WARNING Retry 1/5 for 'PRJNA934318' (full chain): elink backend error in linksetdbhistories: 'callMLink: Query failed on MegaLink server'
2026-05-11 14:49:50,370 WARNING Retry 1/5 for 'PRJNA934333' (full chain): elink backend error in linksetdbhistories: 'callMLink: Query failed on MegaLink server'
2026-05-11 14:49:50,373 WARNING Retry 1/5 for 'PRJNA934315' (full chain): elink backend error in linksetdbhistories: 'callMLink: Query failed on MegaLink server'
2026-05-11 14:49:51,720 WARNING Retry 1/5 for 'PRJNA1063686' (full chain): elink backend error in linksetdbhistories: 'callMLink: Query failed on MegaLink server'
2026-05-11 14:49:51,727 WARNING Retry 1/5 for 'PRJNA796329' (full chain): elink backend error in linksetdbhistories: 'callMLink: Query failed on MegaLink server'
2026-05-11 14:49:53,778 WARNING Retry 1/5 for 'PRJNA600544' (full chain): elink backend error in linksetdbhistories: 'callMLink: Query failed on MegaLink server'
2026-05-11 14:49:53,883 WARNING Retry 1/5 for 'PRJNA593898' (full chain): elink backend error in linksetdbhistories: 'callMLink: Query failed on MegaLink server'
2026-05-11 14:49:53,913 WARNING Retry 1/5 for 'PRJNA1088445' (full chain): elink backend error in linksetdbhistories: 'callMLink: Query failed on MegaLink server'
2026-05-11 14:49:53,972 WARNING Retry 1/5 for 'PRJNA640616' (full chain): elink backend error in linksetdbhistories: 'callMLink: Query failed on MegaLink server'
2026-05-11 14:49:53,975 WARNING Retry 1/5 for 'PRJNA640401' (full chain): elink backend error in linksetdbhistories: 'callMLink: Query failed on MegaLink server'
2026-05-11 14:49:53,988 WARNING Retry 1/5 for 'PRJNA934369' (full chain): elink backend error in linksetdbhistories: 'callMLink: Query failed on MegaLink server'
2026-05-11 14:49:54,041 WARNING Retry 1/5 for 'PRJNA796328' (full chain): elink backend error in linksetdbhistories: 'callMLink: Query failed on MegaLink server'
2026-05-11 14:49:54,045 WARNING Retry 1/5 for 'PRJNA1063696' (full chain): elink backend error in linksetdbhistories: 'callMLink: Query failed on MegaLink server'
2026-05-11 14:49:55,590 WARNING Bad JSON from elink (content-type: application/json; charset=UTF-8): '{"header":{"type":"elink","version":"0.3"},"linksets":[{"dbfrom":"bioproject","ids":["1195570"],"linksetdbhistories":[{"dbto":"sra","linkname":"bioproject_sra","ERROR":"callMLink: Failed MegaLink cal
2026-05-11 14:49:55,591 WARNING Retry 1/5 for 'PRJNA1195570' (full chain): Invalid control character at: line 1 column 236 (char 235)
2026-05-11 14:49:57,249 WARNING Retry 1/5 for 'PRJNA604055' (full chain): elink backend error in linksetdbhistories: 'callMLink: Query failed on MegaLink server'
2026-05-11 14:49:57,333 WARNING Retry 1/5 for 'PRJNA640665' (full chain): elink backend error in linksetdbhistories: 'callMLink: Query failed on MegaLink server'
2026-05-11 14:49:57,578 WARNING Retry 1/5 for 'PRJNA934917' (full chain): elink backend error in linksetdbhistories: 'callMLink: Query failed on MegaLink server'
2026-05-11 14:49:57,942 WARNING Retry 1/5 for 'PRJNA796536' (full chain): elink backend error in linksetdbhistories: 'callMLink: Query failed on MegaLink server'
2026-05-11 14:49:58,322 WARNING Retry 1/5 for 'PRJNA1064144' (full chain): elink backend error in linksetdbhistories: 'callMLink: Query failed on MegaLink server'
2026-05-11 14:49:58,340 WARNING Retry 1/5 for 'PRJNA796633' (full chain): elink backend error in linksetdbhistories: 'callMLink: Query failed on MegaLink server'
2026-05-11 14:49:59,551 WARNING Bad JSON from elink (content-type: application/json; charset=UTF-8): '{"header":{"type":"elink","version":"0.3"},"linksets":[{"dbfrom":"bioproject","ids":["796540"],"linksetdbhistories":[{"dbto":"sra","linkname":"bioproject_sra","ERROR":"callMLink: Failed MegaLink call
2026-05-11 14:49:59,552 WARNING Retry 1/5 for 'PRJNA796540' (full chain): Invalid control character at: line 1 column 235 (char 234)
2026-05-11 14:49:59,615 WARNING Retry 1/5 for 'PRJNA1064080' (full chain): elink backend error in linksetdbhistories: 'callMLink: Query failed on MegaLink server'
2026-05-11 14:49:59,638 WARNING Retry 1/5 for 'PRJNA640809' (full chain): elink backend error in linksetdbhistories: 'callMLink: Query failed on MegaLink server'
2026-05-11 14:50:01,178 WARNING Retry 1/5 for 'PRJNA604573' (full chain): elink backend error in linksetdbhistories: 'callMLink: Query failed on MegaLink server'
2026-05-11 14:50:02,125 WARNING Retry 1/5 for 'PRJNA1196839' (full chain): elink backend error in linksetdbhistories: 'callMLink: Query failed on MegaLink server'
2026-05-11 14:50:02,168 WARNING Retry 1/5 for 'PRJNA1196420' (full chain): elink backend error in linksetdbhistories: 'callMLink: Query failed on MegaLink server'
2026-05-11 14:50:02,348 WARNING Retry 1/5 for 'PRJNA612027' (full chain): elink backend error in linksetdbhistories: 'callMLink: Query failed on MegaLink server'
2026-05-11 14:50:02,516 WARNING Bad JSON from elink (content-type: application/json; charset=UTF-8): '{"header":{"type":"elink","version":"0.3"},"linksets":[{"dbfrom":"bioproject","ids":["796575"],"linksetdbhistories":[{"dbto":"sra","linkname":"bioproject_sra","ERROR":"callMLink: Failed MegaLink call
2026-05-11 14:50:02,517 WARNING Retry 1/5 for 'PRJNA796575' (full chain): Invalid control character at: line 1 column 235 (char 234)
2026-05-11 14:50:02,717 WARNING Retry 1/5 for 'PRJNA1064896' (full chain): elink backend error in linksetdbhistories: 'callMLink: Query failed on MegaLink server'
2026-05-11 14:50:05,808 WARNING Retry 1/5 for 'PRJNA1196426' (full chain): elink backend error in linksetdbhistories: 'callMLink: Query failed on MegaLink server'
2026-05-11 14:50:05,906 WARNING Retry 1/5 for 'PRJNA1196968' (full chain): elink backend error in linksetdbhistories: 'callMLink: Query failed on MegaLink server'
2026-05-11 14:50:05,947 WARNING Retry 1/5 for 'PRJNA797363' (full chain): elink backend error in linksetdbhistories: 'callMLink: Query failed on MegaLink server'
2026-05-11 14:50:05,975 WARNING Retry 1/5 for 'PRJNA1064909' (full chain): elink backend error in linksetdbhistories: 'callMLink: Query failed on MegaLink server'
2026-05-11 14:50:06,020 WARNING Retry 1/5 for 'PRJNA1196908' (full chain): elink backend error in linksetdbhistories: 'callMLink: Query failed on MegaLink server'
2026-05-11 14:50:06,066 WARNING Retry 1/5 for 'PRJNA613670' (full chain): elink backend error in linksetdbhistories: 'callMLink: Query failed on MegaLink server'
2026-05-11 14:50:06,577 WARNING Retry 1/5 for 'PRJNA1196957' (full chain): elink backend error in linksetdbhistories: 'callMLink: Query failed on MegaLink server'
2026-05-11 14:50:08,588 WARNING Retry 1/5 for 'PRJNA615039' (full chain): elink backend error in linksetdbhistories: 'callMLink: Query failed on MegaLink server'
2026-05-11 14:50:08,850 WARNING Bad JSON from elink (content-type: application/json; charset=UTF-8): '{"header":{"type":"elink","version":"0.3"},"linksets":[{"dbfrom":"bioproject","ids":["641428"],"linksetdbhistories":[{"dbto":"sra","linkname":"bioproject_sra","ERROR":"callMLink: Failed MegaLink call
2026-05-11 14:50:08,851 WARNING Retry 1/5 for 'PRJNA641428' (full chain): Invalid control character at: line 1 column 235 (char 234)
2026-05-11 14:50:09,518 WARNING Retry 1/5 for 'PRJNA641440' (full chain): elink backend error in linksetdbhistories: 'callMLink: Query failed on MegaLink server'
2026-05-11 14:50:10,489 WARNING Retry 1/5 for 'PRJNA797448' (full chain): elink backend error in linksetdbhistories: 'callMLink: Query failed on MegaLink server'
2026-05-11 14:50:10,514 WARNING Retry 1/5 for 'PRJNA797391' (full chain): elink backend error in linksetdbhistories: 'callMLink: Query failed on MegaLink server'
2026-05-11 14:50:10,772 WARNING Bad JSON from elink (content-type: application/json; charset=UTF-8): '{"header":{"type":"elink","version":"0.3"},"linksets":[{"dbfrom":"bioproject","ids":["612627"],"linksetdbhistories":[{"dbto":"sra","linkname":"bioproject_sra","querykey":"2"},{"dbto":"sra","linkname"
2026-05-11 14:50:10,773 WARNING Retry 1/5 for 'PRJNA612627' (full chain): Invalid control character at: line 1 column 297 (char 296)
2026-05-11 14:50:12,031 WARNING Bad JSON from elink (content-type: application/json; charset=UTF-8): '{"header":{"type":"elink","version":"0.3"},"linksets":[{"dbfrom":"bioproject","ids":["797376"],"linksetdbhistories":[{"dbto":"sra","linkname":"bioproject_sra","ERROR":"callMLink: Failed MegaLink call
2026-05-11 14:50:12,032 WARNING Retry 1/5 for 'PRJNA797376' (full chain): Invalid control character at: line 1 column 235 (char 234)
2026-05-11 14:50:12,877 WARNING Bad JSON from elink (content-type: application/json; charset=UTF-8): '{"header":{"type":"elink","version":"0.3"},"linksets":[{"dbfrom":"bioproject","ids":["641434"],"linksetdbhistories":[{"dbto":"sra","linkname":"bioproject_sra","ERROR":"callMLink: Failed MegaLink call
2026-05-11 14:50:12,877 WARNING Retry 1/5 for 'PRJNA641434' (full chain): Invalid control character at: line 1 column 235 (char 234)
2026-05-11 14:50:13,046 WARNING Bad JSON from elink (content-type: application/json; charset=UTF-8): '{"header":{"type":"elink","version":"0.3"},"linksets":[{"dbfrom":"bioproject","ids":["1117415"],"linksetdbhistories":[{"dbto":"sra","linkname":"bioproject_sra","ERROR":"callMLink: Failed MegaLink cal
2026-05-11 14:50:13,046 WARNING Retry 1/5 for 'PRJNA1117415' (full chain): Invalid control character at: line 1 column 236 (char 235)
2026-05-11 14:50:14,094 WARNING Retry 1/5 for 'PRJNA1197525' (full chain): elink backend error in linksetdbhistories: 'callMLink: Query failed on MegaLink server'
2026-05-11 14:50:14,131 WARNING Retry 1/5 for 'PRJNA641702' (full chain): elink backend error in linksetdbhistories: 'callMLink: Query failed on MegaLink server'
2026-05-11 14:50:14,144 WARNING Retry 1/5 for 'PRJNA630017' (full chain): elink backend error in linksetdbhistories: 'callMLink: Query failed on MegaLink server'
2026-05-11 14:50:14,425 WARNING Retry 1/5 for 'PRJNA1198045' (full chain): elink backend error in linksetdbhistories: 'callMLink: Query failed on MegaLink server'
2026-05-11 14:50:14,495 WARNING Retry 1/5 for 'PRJNA626597' (full chain): elink backend error in linksetdbhistories: 'callMLink: Query failed on MegaLink server'
2026-05-11 14:50:14,614 WARNING Bad JSON from elink (content-type: application/json; charset=UTF-8): '{"header":{"type":"elink","version":"0.3"},"linksets":[{"dbfrom":"bioproject","ids":["622870"],"linksetdbhistories":[{"dbto":"sra","linkname":"bioproject_sra","querykey":"2"},{"dbto":"sra","linkname"
2026-05-11 14:50:14,615 WARNING Retry 1/5 for 'PRJNA622870' (full chain): Invalid control character at: line 1 column 297 (char 296)
2026-05-11 14:50:14,951 WARNING Bad JSON from elink (content-type: application/json; charset=UTF-8): '{"header":{"type":"elink","version":"0.3"},"linksets":[{"dbfrom":"bioproject","ids":["797377"],"linksetdbhistories":[{"dbto":"sra","linkname":"bioproject_sra","querykey":"2"},{"dbto":"sra","linkname"
2026-05-11 14:50:14,952 WARNING Retry 1/5 for 'PRJNA797377' (full chain): Invalid control character at: line 1 column 297 (char 296)
2026-05-11 14:50:15,701 WARNING Bad JSON from elink (content-type: application/json; charset=UTF-8): '{"header":{"type":"elink","version":"0.3"},"linksets":[{"dbfrom":"bioproject","ids":["1197438"],"linksetdbhistories":[{"dbto":"sra","linkname":"bioproject_sra","ERROR":"callMLink: Failed MegaLink cal
2026-05-11 14:50:15,702 WARNING Retry 1/5 for 'PRJNA1197438' (full chain): Invalid control character at: line 1 column 236 (char 235)
2026-05-11 14:50:16,605 WARNING Bad JSON from elink (content-type: application/json; charset=UTF-8): '{"header":{"type":"elink","version":"0.3"},"linksets":[{"dbfrom":"bioproject","ids":["623218"],"linksetdbhistories":[{"dbto":"sra","linkname":"bioproject_sra","ERROR":"callMLink: Failed MegaLink call
2026-05-11 14:50:16,606 WARNING Retry 1/5 for 'PRJNA623218' (full chain): Invalid control character at: line 1 column 235 (char 234)
2026-05-11 14:50:16,958 WARNING Bad JSON from elink (content-type: application/json; charset=UTF-8): '{"header":{"type":"elink","version":"0.3"},"linksets":[{"dbfrom":"bioproject","ids":["1065377"],"linksetdbhistories":[{"dbto":"sra","linkname":"bioproject_sra","ERROR":"callMLink: Failed MegaLink cal
2026-05-11 14:50:16,959 WARNING Retry 1/5 for 'PRJNA1065377' (full chain): Invalid control character at: line 1 column 236 (char 235)
2026-05-11 14:50:17,085 WARNING Bad JSON from elink (content-type: application/json; charset=UTF-8): '{"header":{"type":"elink","version":"0.3"},"linksets":[{"dbfrom":"bioproject","ids":["1065795"],"linksetdbhistories":[{"dbto":"sra","linkname":"bioproject_sra","ERROR":"callMLink: Failed MegaLink cal
2026-05-11 14:50:17,086 WARNING Retry 1/5 for 'PRJNA1065795' (full chain): Invalid control character at: line 1 column 236 (char 235)
2026-05-11 14:50:17,909 WARNING Retry 1/5 for 'PRJNA630413' (full chain): elink backend error in linksetdbhistories: 'callMLink: Query failed on MegaLink server'
2026-05-11 14:50:18,002 WARNING Retry 1/5 for 'PRJNA642814' (full chain): elink backend error in linksetdbhistories: 'callMLink: Query failed on MegaLink server'
2026-05-11 14:50:18,093 WARNING Retry 1/5 for 'PRJNA1065877' (full chain): elink backend error in linksetdbhistories: 'callMLink: Query failed on MegaLink server'
2026-05-11 14:50:18,136 WARNING Retry 1/5 for 'PRJNA642415' (full chain): elink backend error in linksetdbhistories: 'callMLink: Query failed on MegaLink server'
2026-05-11 14:50:18,212 WARNING Retry 1/5 for 'PRJNA1198062' (full chain): elink backend error in linksetdbhistories: 'callMLink: Query failed on MegaLink server'
2026-05-11 14:50:18,263 WARNING Retry 1/5 for 'PRJNA1198370' (full chain): elink backend error in linksetdbhistories: 'callMLink: Query failed on MegaLink server'
2026-05-11 14:50:18,333 WARNING Retry 1/5 for 'PRJNA630932' (full chain): elink backend error in linksetdbhistories: 'callMLink: Query failed on MegaLink server'
2026-05-11 14:50:18,516 WARNING Retry 1/5 for 'PRJNA642635' (full chain): elink backend error in linksetdbhistories: 'callMLink: Query failed on MegaLink server'
2026-05-11 14:50:18,737 WARNING Bad JSON from elink (content-type: application/json; charset=UTF-8): '{"header":{"type":"elink","version":"0.3"},"linksets":[{"dbfrom":"bioproject","ids":["798020"],"linksetdbhistories":[{"dbto":"sra","linkname":"bioproject_sra","ERROR":"callMLink: Query failed on Mega
2026-05-11 14:50:18,737 WARNING Retry 1/5 for 'PRJNA798020' (full chain): Invalid control character at: line 1 column 335 (char 334)
2026-05-11 14:50:18,862 WARNING Retry 1/5 for 'PRJNA631472' (full chain): elink backend error in linksetdbhistories: 'callMLink: Query failed on MegaLink server'
2026-05-11 14:50:20,167 WARNING Retry 1/5 for 'PRJNA642837' (full chain): elink backend error in linksetdbhistories: 'callMLink: Query failed on MegaLink server'
2026-05-11 14:50:20,716 WARNING Bad JSON from elink (content-type: application/json; charset=UTF-8): '{"header":{"type":"elink","version":"0.3"},"linksets":[{"dbfrom":"bioproject","ids":["642164"],"linksetdbhistories":[{"dbto":"sra","linkname":"bioproject_sra","ERROR":"callMLink: Failed MegaLink call
2026-05-11 14:50:20,717 WARNING Retry 1/5 for 'PRJNA642164' (full chain): Invalid control character at: line 1 column 235 (char 234)
2026-05-11 14:50:22,005 WARNING Bad JSON from elink (content-type: application/json; charset=UTF-8): '{"header":{"type":"elink","version":"0.3"},"linksets":[{"dbfrom":"bioproject","ids":["641208"],"linksetdbhistories":[{"dbto":"sra","linkname":"bioproject_sra","ERROR":"callMLink: Failed MegaLink call
2026-05-11 14:50:22,005 WARNING Retry 1/5 for 'PRJNA641208' (full chain): Invalid control character at: line 1 column 235 (char 234)
2026-05-11 14:50:22,582 WARNING Retry 1/5 for 'PRJNA1198872' (full chain): elink backend error in linksetdbhistories: 'callMLink: Query failed on MegaLink server'
2026-05-11 14:50:22,793 WARNING Bad JSON from elink (content-type: application/json; charset=UTF-8): '{"header":{"type":"elink","version":"0.3"},"linksets":[{"dbfrom":"bioproject","ids":["798391"],"linksetdbhistories":[{"dbto":"sra","linkname":"bioproject_sra","ERROR":"callMLink: Failed MegaLink call
2026-05-11 14:50:22,794 WARNING Retry 1/5 for 'PRJNA798391' (full chain): Invalid control character at: line 1 column 235 (char 234)
2026-05-11 14:50:22,869 WARNING Bad JSON from elink (content-type: application/json; charset=UTF-8): '{"header":{"type":"elink","version":"0.3"},"linksets":[{"dbfrom":"bioproject","ids":["1198068"],"linksetdbhistories":[{"dbto":"sra","linkname":"bioproject_sra","ERROR":"callMLink: Failed MegaLink cal
2026-05-11 14:50:22,870 WARNING Retry 1/5 for 'PRJNA1198068' (full chain): Invalid control character at: line 1 column 236 (char 235)
2026-05-11 14:50:22,941 WARNING Bad JSON from elink (content-type: application/json; charset=UTF-8): '{"header":{"type":"elink","version":"0.3"},"linksets":[{"dbfrom":"bioproject","ids":["623696"],"linksetdbhistories":[{"dbto":"sra","linkname":"bioproject_sra","ERROR":"callMLink: Failed MegaLink call
2026-05-11 14:50:22,941 WARNING Retry 1/5 for 'PRJNA623696' (full chain): Invalid control character at: line 1 column 235 (char 234)
2026-05-11 14:50:22,959 WARNING Bad JSON from elink (content-type: application/json; charset=UTF-8): '{"header":{"type":"elink","version":"0.3"},"linksets":[{"dbfrom":"bioproject","ids":["1198076"],"linksetdbhistories":[{"dbto":"sra","linkname":"bioproject_sra","ERROR":"callMLink: Query failed on Meg
2026-05-11 14:50:22,959 WARNING Retry 1/5 for 'PRJNA1198076' (full chain): Invalid control character at: line 1 column 336 (char 335)
2026-05-11 14:50:22,976 WARNING Retry 1/5 for 'PRJNA633668' (full chain): elink backend error in linksetdbhistories: 'callMLink: Query failed on MegaLink server'
2026-05-11 14:50:23,438 WARNING Bad JSON from elink (content-type: application/json; charset=UTF-8): '{"header":{"type":"elink","version":"0.3"},"linksets":[{"dbfrom":"bioproject","ids":["642880"],"linksetdbhistories":[{"dbto":"sra","linkname":"bioproject_sra","ERROR":"callMLink: Failed MegaLink call
2026-05-11 14:50:23,438 WARNING Retry 1/5 for 'PRJNA642880' (full chain): Invalid control character at: line 1 column 235 (char 234)
2026-05-11 14:50:24,114 WARNING Retry 1/5 for 'PRJNA1198989' (full chain): elink backend error in linksetdbhistories: 'callMLink: Query failed on MegaLink server'
2026-05-11 14:50:24,310 WARNING Bad JSON from elink (content-type: application/json; charset=UTF-8): '{"header":{"type":"elink","version":"0.3"},"linksets":[{"dbfrom":"bioproject","ids":["1066294"],"linksetdbhistories":[{"dbto":"sra","linkname":"bioproject_sra","ERROR":"callMLink: Failed MegaLink cal
2026-05-11 14:50:24,311 WARNING Retry 1/5 for 'PRJNA1066294' (full chain): Invalid control character at: line 1 column 236 (char 235)
2026-05-11 14:50:24,982 WARNING Bad JSON from elink (content-type: application/json; charset=UTF-8): '{"header":{"type":"elink","version":"0.3"},"linksets":[{"dbfrom":"bioproject","ids":["1066279"],"linksetdbhistories":[{"dbto":"sra","linkname":"bioproject_sra","ERROR":"callMLink: Failed MegaLink cal
2026-05-11 14:50:24,983 WARNING Retry 1/5 for 'PRJNA1066279' (full chain): Invalid control character at: line 1 column 236 (char 235)
2026-05-11 14:50:26,366 WARNING Retry 1/5 for 'PRJNA644744' (full chain): elink backend error in linksetdbhistories: 'callMLink: Query failed on MegaLink server'
2026-05-11 14:50:26,389 WARNING Retry 1/5 for 'PRJNA643723' (full chain): elink backend error in linksetdbhistories: 'callMLink: Query failed on MegaLink server'
2026-05-11 14:50:26,490 WARNING Retry 1/5 for 'PRJNA1066293' (full chain): elink backend error in linksetdbhistories: 'callMLink: Query failed on MegaLink server'
2026-05-11 14:50:26,521 WARNING Retry 1/5 for 'PRJNA799018' (full chain): elink backend error in linksetdbhistories: 'callMLink: Query failed on MegaLink server'
2026-05-11 14:50:26,568 WARNING Retry 1/5 for 'PRJNA643518' (full chain): elink backend error in linksetdbhistories: 'callMLink: Query failed on MegaLink server'
2026-05-11 14:50:26,602 WARNING Retry 1/5 for 'PRJNA799053' (full chain): elink backend error in linksetdbhistories: 'callMLink: Query failed on MegaLink server'
2026-05-11 14:50:26,930 WARNING Retry 1/5 for 'PRJNA799240' (full chain): elink backend error in linksetdbhistories: 'callMLink: Query failed on MegaLink server'
2026-05-11 14:50:28,042 WARNING Retry 1/5 for 'PRJNA1066327' (full chain): elink backend error in linksetdbhistories: 'callMLink: Query failed on MegaLink server'
2026-05-11 14:50:30,476 WARNING Retry 1/5 for 'PRJNA799380' (full chain): elink backend error in linksetdbhistories: 'callMLink: Query failed on MegaLink server'
2026-05-11 14:50:30,477 WARNING Retry 1/5 for 'PRJNA1199530' (full chain): elink backend error in linksetdbhistories: 'callMLink: Query failed on MegaLink server'
2026-05-11 14:50:30,826 WARNING Retry 1/5 for 'PRJNA644237' (full chain): elink backend error in linksetdbhistories: 'callMLink: Query failed on MegaLink server'
2026-05-11 14:50:30,968 WARNING Bad JSON from elink (content-type: application/json; charset=UTF-8): '{"header":{"type":"elink","version":"0.3"},"linksets":[{"dbfrom":"bioproject","ids":["1199323"],"linksetdbhistories":[{"dbto":"sra","linkname":"bioproject_sra","ERROR":"callMLink: Query failed on Meg
2026-05-11 14:50:30,968 WARNING Retry 1/5 for 'PRJNA1199323' (full chain): Invalid control character at: line 1 column 336 (char 335)
2026-05-11 14:50:30,980 WARNING Bad JSON from elink (content-type: application/json; charset=UTF-8): '{"header":{"type":"elink","version":"0.3"},"linksets":[{"dbfrom":"bioproject","ids":["1066372"],"linksetdbhistories":[{"dbto":"sra","linkname":"bioproject_sra","querykey":"2"},{"dbto":"sra","linkname
2026-05-11 14:50:30,981 WARNING Retry 1/5 for 'PRJNA1066372' (full chain): Invalid control character at: line 1 column 298 (char 297)
2026-05-11 14:50:32,294 WARNING Bad JSON from elink (content-type: application/json; charset=UTF-8): '{"header":{"type":"elink","version":"0.3"},"linksets":[{"dbfrom":"bioproject","ids":["650549"],"linksetdbhistories":[{"dbto":"sra","linkname":"bioproject_sra","ERROR":"callMLink: Failed MegaLink call
2026-05-11 14:50:32,295 WARNING Retry 1/5 for 'PRJNA650549' (full chain): Invalid control character at: line 1 column 235 (char 234)
2026-05-11 14:50:33,239 WARNING Bad JSON from elink (content-type: application/json; charset=UTF-8): '{"header":{"type":"elink","version":"0.3"},"linksets":[{"dbfrom":"bioproject","ids":["799059"],"linksetdbhistories":[{"dbto":"sra","linkname":"bioproject_sra","querykey":"2"},{"dbto":"sra","linkname"
2026-05-11 14:50:33,240 WARNING Retry 1/5 for 'PRJNA799059' (full chain): Invalid control character at: line 1 column 297 (char 296)
2026-05-11 14:50:34,097 WARNING Bad JSON from elink (content-type: application/json; charset=UTF-8): '{"header":{"type":"elink","version":"0.3"},"linksets":[{"dbfrom":"bioproject","ids":["1066842"],"linksetdbhistories":[{"dbto":"sra","linkname":"bioproject_sra","querykey":"2"},{"dbto":"sra","linkname
2026-05-11 14:50:34,097 WARNING Retry 1/5 for 'PRJNA1066842' (full chain): Invalid control character at: line 1 column 298 (char 297)
2026-05-11 14:50:34,999 WARNING Bad JSON from elink (content-type: application/json; charset=UTF-8): '{"header":{"type":"elink","version":"0.3"},"linksets":[{"dbfrom":"bioproject","ids":["644101"],"linksetdbhistories":[{"dbto":"sra","linkname":"bioproject_sra","ERROR":"callMLink: Failed MegaLink call
2026-05-11 14:50:35,000 WARNING Retry 1/5 for 'PRJNA644101' (full chain): Invalid control character at: line 1 column 235 (char 234)
2026-05-11 14:50:35,085 WARNING Bad JSON from elink (content-type: application/json; charset=UTF-8): '{"header":{"type":"elink","version":"0.3"},"linksets":[{"dbfrom":"bioproject","ids":["1066790"],"linksetdbhistories":[{"dbto":"sra","linkname":"bioproject_sra","ERROR":"callMLink: Failed MegaLink cal
2026-05-11 14:50:35,086 WARNING Retry 1/5 for 'PRJNA1066790' (full chain): Invalid control character at: line 1 column 236 (char 235)
2026-05-11 14:50:35,120 WARNING Retry 1/5 for 'PRJNA1067334' (full chain): elink backend error in linksetdbhistories: 'callMLink: Query failed on MegaLink server'
2026-05-11 14:50:35,121 WARNING Retry 1/5 for 'PRJNA1172658' (full chain): elink backend error in linksetdbhistories: 'callMLink: Query failed on MegaLink server'
2026-05-11 14:50:35,123 WARNING Retry 1/5 for 'PRJNA1199986' (full chain): elink backend error in linksetdbhistories: 'callMLink: Query failed on MegaLink server'
2026-05-11 14:50:35,162 WARNING Retry 1/5 for 'PRJNA644294' (full chain): elink backend error in linksetdbhistories: 'callMLink: Query failed on MegaLink server'
2026-05-11 14:50:35,231 WARNING Retry 1/5 for 'PRJNA660827' (full chain): elink backend error in linksetdbhistories: 'callMLink: Query failed on MegaLink server'
2026-05-11 14:50:36,118 WARNING Retry 1/5 for 'PRJNA662018' (full chain): elink backend error in linksetdbhistories: 'callMLink: Query failed on MegaLink server'
2026-05-11 14:50:36,178 WARNING Retry 1/5 for 'PRJNA1199479' (full chain): 
2026-05-11 14:50:36,559 WARNING Bad JSON from elink (content-type: application/json; charset=UTF-8): '{"header":{"type":"elink","version":"0.3"},"linksets":[{"dbfrom":"bioproject","ids":["1200040"],"linksetdbhistories":[{"dbto":"sra","linkname":"bioproject_sra","ERROR":"callMLink: Failed MegaLink cal
2026-05-11 14:50:36,559 WARNING Retry 1/5 for 'PRJNA1200040' (full chain): Invalid control character at: line 1 column 236 (char 235)
2026-05-11 14:50:38,124 WARNING Retry 1/5 for 'PRJNA1067127' (full chain): elink backend error in linksetdbhistories: 'callMLink: Query failed on MegaLink server'
2026-05-11 14:50:38,603 WARNING Retry 1/5 for 'PRJNA1067557' (full chain): elink backend error in linksetdbhistories: 'callMLink: Query failed on MegaLink server'
2026-05-11 14:50:38,606 WARNING Bad JSON from elink (content-type: application/json; charset=UTF-8): '{"header":{"type":"elink","version":"0.3"},"linksets":[{"dbfrom":"bioproject","ids":["800006"],"linksetdbhistories":[{"dbto":"sra","linkname":"bioproject_sra","ERROR":"callMLink: Failed MegaLink call
2026-05-11 14:50:38,607 WARNING Retry 1/5 for 'PRJNA800006' (full chain): Invalid control character at: line 1 column 235 (char 234)
2026-05-11 14:50:38,772 WARNING Retry 1/5 for 'PRJNA644438' (full chain): elink backend error in linksetdbhistories: 'callMLink: Query failed on MegaLink server'
2026-05-11 14:50:39,370 WARNING Retry 1/5 for 'PRJNA1067337' (full chain): elink backend error in linksetdbhistories: 'callMLink: Query failed on MegaLink server'
2026-05-11 14:50:39,383 WARNING Retry 1/5 for 'PRJNA800325' (full chain): elink backend error in linksetdbhistories: 'callMLink: Query failed on MegaLink server'
2026-05-11 14:50:42,518 WARNING Retry 1/5 for 'PRJNA665619' (full chain): elink backend error in linksetdbhistories: 'callMLink: Query failed on MegaLink server'
2026-05-11 14:50:42,760 WARNING Retry 1/5 for 'PRJNA644911' (full chain): elink backend error in linksetdbhistories: 'callMLink: Query failed on MegaLink server'
2026-05-11 14:50:42,793 WARNING Retry 1/5 for 'PRJNA1067582' (full chain): elink backend error in linksetdbhistories: 'callMLink: Query failed on MegaLink server'
2026-05-11 14:50:42,803 WARNING Retry 1/5 for 'PRJNA668200' (full chain): elink backend error in linksetdbhistories: 'callMLink: Query failed on MegaLink server'
2026-05-11 14:50:43,418 WARNING Retry 1/5 for 'PRJNA644787' (full chain): elink backend error in linksetdbhistories: 'callMLink: Query failed on MegaLink server'
2026-05-11 14:50:43,516 WARNING Bad JSON from elink (content-type: application/json; charset=UTF-8): '{"header":{"type":"elink","version":"0.3"},"linksets":[{"dbfrom":"bioproject","ids":["509416"],"linksetdbhistories":[{"dbto":"sra","linkname":"bioproject_sra","ERROR":"callMLink: Query failed on Mega
2026-05-11 14:50:43,517 WARNING Retry 1/5 for 'PRJNA509416' (full chain): Invalid control character at: line 1 column 335 (char 334)
2026-05-11 14:50:46,869 WARNING Retry 1/5 for 'PRJNA644597' (full chain): elink backend error in linksetdbhistories: 'callMLink: Query failed on MegaLink server'
2026-05-11 14:50:47,314 WARNING Retry 1/5 for 'PRJNA627465' (full chain): elink backend error in linksetdbhistories: 'callMLink: Query failed on MegaLink server'
2026-05-11 14:50:47,553 WARNING Retry 1/5 for 'PRJNA670733' (full chain): elink backend error in linksetdbhistories: 'callMLink: Query failed on MegaLink server'
2026-05-11 14:50:47,589 WARNING Retry 1/5 for 'PRJNA679324' (full chain): elink backend error in linksetdbhistories: 'callMLink: Query failed on MegaLink server'
2026-05-11 14:50:48,931 WARNING Retry 1/5 for 'PRJNA645219' (full chain): elink backend error in linksetdbhistories: 'callMLink: Query failed on MegaLink server'
2026-05-11 14:50:49,051 WARNING Retry 1/5 for 'PRJNA801496' (full chain): elink backend error in linksetdbhistories: 'callMLink: Query failed on MegaLink server'
2026-05-11 14:50:49,955 WARNING Retry 1/5 for 'PRJNA801488' (full chain): elink backend error in linksetdbhistories: 'callMLink: Query failed on MegaLink server'
2026-05-11 14:50:51,478 WARNING Retry 1/5 for 'PRJNA681739' (full chain): elink backend error in linksetdbhistories: 'callMLink: Query failed on MegaLink server'
2026-05-11 14:50:52,775 WARNING Retry 1/5 for 'PRJNA1067366' (full chain): elink backend error in linksetdbhistories: 'callMLink: Query failed on MegaLink server'
2026-05-11 14:50:53,228 WARNING Retry 1/5 for 'PRJNA1068192' (full chain): elink backend error in linksetdbhistories: 'callMLink: Query failed on MegaLink server'
2026-05-11 14:50:53,550 WARNING Retry 1/5 for 'PRJNA1068034' (full chain): elink backend error in linksetdbhistories: 'callMLink: Query failed on MegaLink server'
2026-05-11 14:50:53,832 WARNING Retry 1/5 for 'PRJNA801685' (full chain): elink backend error in linksetdbhistories: 'callMLink: Query failed on MegaLink server'
2026-05-11 14:50:54,918 WARNING Retry 1/5 for 'PRJNA1202178' (full chain): elink backend error in linksetdbhistories: 'callMLink: Query failed on MegaLink server'
2026-05-11 14:50:56,749 WARNING Retry 1/5 for 'PRJNA815369' (full chain): elink backend error in linksetdbhistories: 'callMLink: Query failed on MegaLink server'
2026-05-11 14:50:57,239 WARNING Retry 1/5 for 'PRJNA1203604' (full chain): elink backend error in linksetdbhistories: 'callMLink: Query failed on MegaLink server'
2026-05-11 14:50:59,376 WARNING Retry 1/5 for 'PRJNA646530' (full chain): elink backend error in linksetdbhistories: 'callMLink: Query failed on MegaLink server'
2026-05-11 14:50:59,854 WARNING Retry 1/5 for 'PRJNA1068608' (full chain): elink backend error in linksetdbhistories: 'callMLink: Query failed on MegaLink server'
2026-05-11 14:51:03,381 WARNING Retry 1/5 for 'PRJNA1068607' (full chain): elink backend error in linksetdbhistories: 'callMLink: Query failed on MegaLink server'
2026-05-11 14:51:03,503 WARNING Retry 1/5 for 'PRJNA936175' (full chain): elink backend error in linksetdbhistories: 'callMLink: Query failed on MegaLink server'
2026-05-11 14:51:03,901 WARNING Bad JSON from elink (content-type: application/json; charset=UTF-8): '{"header":{"type":"elink","version":"0.3"},"linksets":[{"dbfrom":"bioproject","ids":["646193"],"linksetdbhistories":[{"dbto":"sra","linkname":"bioproject_sra","ERROR":"callMLink: Query failed on Mega
2026-05-11 14:51:03,902 WARNING Retry 1/5 for 'PRJNA646193' (full chain): Invalid control character at: line 1 column 335 (char 334)
2026-05-11 14:51:03,913 WARNING Bad JSON from elink (content-type: application/json; charset=UTF-8): '{"header":{"type":"elink","version":"0.3"},"linksets":[{"dbfrom":"bioproject","ids":["1204116"],"linksetdbhistories":[{"dbto":"sra","linkname":"bioproject_sra","ERROR":"callMLink: Query failed on Meg
2026-05-11 14:51:03,914 WARNING Retry 1/5 for 'PRJNA1204116' (full chain): Invalid control character at: line 1 column 336 (char 335)
2026-05-11 14:51:03,941 WARNING Bad JSON from elink (content-type: application/json; charset=UTF-8): '{"header":{"type":"elink","version":"0.3"},"linksets":[{"dbfrom":"bioproject","ids":["646199"],"linksetdbhistories":[{"dbto":"sra","linkname":"bioproject_sra","ERROR":"callMLink: Query failed on Mega
2026-05-11 14:51:03,941 WARNING Retry 1/5 for 'PRJNA646199' (full chain): Invalid control character at: line 1 column 335 (char 334)
2026-05-11 14:51:08,010 WARNING Retry 1/5 for 'PRJNA1205364' (full chain): elink backend error in linksetdbhistories: 'callMLink: Query failed on MegaLink server'
2026-05-11 14:51:09,754 WARNING Retry 1/5 for 'PRJNA936838' (full chain): elink backend error in linksetdbhistories: 'callMLink: Query failed on MegaLink server'
2026-05-11 14:51:09,847 WARNING Retry 1/5 for 'PRJNA802650' (full chain): elink backend error in linksetdbhistories: 'callMLink: Query failed on MegaLink server'
2026-05-11 14:51:09,871 WARNING Retry 1/5 for 'PRJNA647411' (full chain): elink backend error in linksetdbhistories: 'callMLink: Query failed on MegaLink server'
2026-05-11 14:51:10,026 WARNING Retry 1/5 for 'PRJNA700694' (full chain): elink backend error in linksetdbhistories: 'callMLink: Query failed on MegaLink server'
2026-05-11 14:51:10,794 WARNING Retry 1/5 for 'PRJNA936871' (full chain): elink backend error in linksetdbhistories: 'callMLink: Query failed on MegaLink server'
2026-05-11 14:51:11,052 WARNING Retry 1/5 for 'PRJNA802561' (full chain): elink backend error in linksetdbhistories: 'callMLink: Query failed on MegaLink server'
2026-05-11 14:51:11,525 WARNING Retry 1/5 for 'PRJNA1044309' (full chain): elink backend error in linksetdbhistories: 'callMLink: Query failed on MegaLink server'
2026-05-11 14:51:11,527 WARNING Retry 1/5 for 'PRJNA698642' (full chain): elink backend error in linksetdbhistories: 'callMLink: Query failed on MegaLink server'
2026-05-11 14:51:11,543 WARNING Bad JSON from elink (content-type: application/json; charset=UTF-8): '{"header":{"type":"elink","version":"0.3"},"linksets":[{"dbfrom":"bioproject","ids":["802549"],"linksetdbhistories":[{"dbto":"sra","linkname":"bioproject_sra","ERROR":"callMLink: Failed MegaLink call
2026-05-11 14:51:11,543 WARNING Retry 1/5 for 'PRJNA802549' (full chain): Invalid control character at: line 1 column 235 (char 234)
2026-05-11 14:51:11,695 WARNING Retry 1/5 for 'PRJNA694978' (full chain): elink backend error in linksetdbhistories: 'callMLink: Query failed on MegaLink server'
2026-05-11 14:51:11,716 WARNING Retry 1/5 for 'PRJNA1204966' (full chain): elink backend error in linksetdbhistories: 'callMLink: Query failed on MegaLink server'
2026-05-11 14:51:11,832 WARNING Retry 1/5 for 'PRJNA1069091' (full chain): elink backend error in linksetdbhistories: 'callMLink: Query failed on MegaLink server'
2026-05-11 14:51:11,878 WARNING Retry 1/5 for 'PRJNA1069067' (full chain): elink backend error in linksetdbhistories: 'callMLink: Query failed on MegaLink server'
2026-05-11 14:51:13,094 WARNING Bad JSON from elink (content-type: application/json; charset=UTF-8): '{"header":{"type":"elink","version":"0.3"},"linksets":[{"dbfrom":"bioproject","ids":["1205386"],"linksetdbhistories":[{"dbto":"sra","linkname":"bioproject_sra","ERROR":"callMLink: Query failed on Meg
2026-05-11 14:51:13,095 WARNING Retry 1/5 for 'PRJNA1205386' (full chain): Invalid control character at: line 1 column 336 (char 335)
2026-05-11 14:51:13,098 WARNING Retry 1/5 for 'PRJNA648000' (full chain): elink backend error in linksetdbhistories: 'callMLink: Query failed on MegaLink server'
2026-05-11 14:51:14,192 WARNING Retry 1/5 for 'PRJNA702594' (full chain): elink backend error in linksetdbhistories: 'callMLink: Query failed on MegaLink server'
2026-05-11 14:51:14,809 WARNING Bad JSON from elink (content-type: application/json; charset=UTF-8): '{"header":{"type":"elink","version":"0.3"},"linksets":[{"dbfrom":"bioproject","ids":["1205560"],"linksetdbhistories":[{"dbto":"sra","linkname":"bioproject_sra","ERROR":"callMLink: Failed MegaLink cal
2026-05-11 14:51:14,810 WARNING Retry 1/5 for 'PRJNA1205560' (full chain): Invalid control character at: line 1 column 236 (char 235)
2026-05-11 14:51:15,364 WARNING Retry 1/5 for 'PRJNA702837' (full chain): elink backend error in linksetdbhistories: 'callMLink: Query failed on MegaLink server'
2026-05-11 14:51:15,406 WARNING Retry 1/5 for 'PRJNA1205970' (full chain): elink backend error in linksetdbhistories: 'callMLink: Query failed on MegaLink server'
2026-05-11 14:51:15,413 WARNING Retry 1/5 for 'PRJNA820734' (full chain): elink backend error in linksetdbhistories: 'callMLink: Query failed on MegaLink server'
2026-05-11 14:51:15,473 WARNING Retry 1/5 for 'PRJNA647723' (full chain): elink backend error in linksetdbhistories: 'callMLink: Query failed on MegaLink server'
2026-05-11 14:51:16,135 WARNING Retry 1/5 for 'PRJNA1205969' (full chain): elink backend error in linksetdbhistories: 'callMLink: Query failed on MegaLink server'
2026-05-11 14:51:16,181 WARNING Bad JSON from elink (content-type: application/json; charset=UTF-8): '{"header":{"type":"elink","version":"0.3"},"linksets":[{"dbfrom":"bioproject","ids":["647742"],"linksetdbhistories":[{"dbto":"sra","linkname":"bioproject_sra","ERROR":"callMLink: Query failed on Mega
2026-05-11 14:51:16,182 WARNING Retry 1/5 for 'PRJNA647742' (full chain): Invalid control character at: line 1 column 335 (char 334)
2026-05-11 14:51:19,758 WARNING Retry 1/5 for 'PRJNA1206157' (full chain): elink backend error in linksetdbhistories: 'callMLink: Query failed on MegaLink server'
2026-05-11 14:51:20,032 WARNING Retry 1/5 for 'PRJNA1205721' (full chain): elink backend error in linksetdbhistories: 'callMLink: Query failed on MegaLink server'
2026-05-11 14:51:20,081 WARNING Retry 1/5 for 'PRJNA1206712' (full chain): elink backend error in linksetdbhistories: 'callMLink: Query failed on MegaLink server'
2026-05-11 14:51:20,083 WARNING Retry 1/5 for 'PRJNA936922' (full chain): elink backend error in linksetdbhistories: 'callMLink: Query failed on MegaLink server'
2026-05-11 14:51:20,179 WARNING Retry 1/5 for 'PRJNA803190' (full chain): elink backend error in linksetdbhistories: 'callMLink: Query failed on MegaLink server'
2026-05-11 14:51:20,182 WARNING Retry 1/5 for 'PRJNA647740' (full chain): elink backend error in linksetdbhistories: 'callMLink: Query failed on MegaLink server'
2026-05-11 14:51:24,238 WARNING Retry 1/5 for 'PRJNA648393' (full chain): elink backend error in linksetdbhistories: 'callMLink: Query failed on MegaLink server'
2026-05-11 14:51:24,361 WARNING Retry 1/5 for 'PRJNA1070313' (full chain): elink backend error in linksetdbhistories: 'callMLink: Query failed on MegaLink server'
2026-05-11 14:51:24,377 WARNING Retry 1/5 for 'PRJNA648057' (full chain): elink backend error in linksetdbhistories: 'callMLink: Query failed on MegaLink server'
2026-05-11 14:51:24,424 WARNING Retry 1/5 for 'PRJNA1207061' (full chain): elink backend error in linksetdbhistories: 'callMLink: Query failed on MegaLink server'
2026-05-11 14:51:24,465 WARNING Retry 1/5 for 'PRJNA803541' (full chain): elink backend error in linksetdbhistories: 'callMLink: Query failed on MegaLink server'
2026-05-11 14:51:24,495 WARNING Retry 1/5 for 'PRJNA1206980' (full chain): elink backend error in linksetdbhistories: 'callMLink: Query failed on MegaLink server'
2026-05-11 14:51:24,784 WARNING Bad JSON from elink (content-type: application/json; charset=UTF-8): '{"header":{"type":"elink","version":"0.3"},"linksets":[{"dbfrom":"bioproject","ids":["1069767"],"linksetdbhistories":[{"dbto":"sra","linkname":"bioproject_sra","ERROR":"callMLink: Failed MegaLink cal
2026-05-11 14:51:24,785 WARNING Retry 1/5 for 'PRJNA1069767' (full chain): Invalid control character at: line 1 column 236 (char 235)
2026-05-11 14:51:25,844 WARNING Retry 1/5 for 'PRJNA803537' (full chain): elink backend error in linksetdbhistories: 'callMLink: Query failed on MegaLink server'
2026-05-11 14:51:26,266 WARNING Retry 1/5 for 'PRJNA797427' (full chain): elink backend error in linksetdbhistories: 'callMLink: Query failed on MegaLink server'
2026-05-11 14:51:26,268 WARNING Retry 1/5 for 'PRJNA937657' (full chain): elink backend error in linksetdbhistories: 'callMLink: Query failed on MegaLink server'
2026-05-11 14:51:28,538 WARNING Retry 1/5 for 'PRJNA937720' (full chain): elink backend error in linksetdbhistories: 'callMLink: Query failed on MegaLink server'
2026-05-11 14:51:28,544 WARNING Retry 1/5 for 'PRJNA1207493' (full chain): elink backend error in linksetdbhistories: 'callMLink: Query failed on MegaLink server'
2026-05-11 14:51:28,673 WARNING Retry 1/5 for 'PRJNA804199' (full chain): elink backend error in linksetdbhistories: 'callMLink: Query failed on MegaLink server'
2026-05-11 14:51:28,676 WARNING Retry 1/5 for 'PRJNA804425' (full chain): elink backend error in linksetdbhistories: 'callMLink: Query failed on MegaLink server'
2026-05-11 14:51:32,250 WARNING Retry 1/5 for 'PRJNA1207899' (full chain): elink backend error in linksetdbhistories: 'callMLink: Query failed on MegaLink server'
2026-05-11 14:51:32,253 WARNING Retry 1/5 for 'PRJNA648988' (full chain): elink backend error in linksetdbhistories: 'callMLink: Query failed on MegaLink server'
2026-05-11 14:51:34,586 WARNING Retry 1/5 for 'PRJNA728697' (full chain): elink backend error in linksetdbhistories: 'callMLink: Query failed on MegaLink server'
2026-05-11 14:51:36,119 WARNING Retry 1/5 for 'PRJNA729883' (full chain): elink backend error in linksetdbhistories: 'callMLink: Query failed on MegaLink server'
2026-05-11 14:51:36,234 WARNING Retry 1/5 for 'PRJNA1070363' (full chain): elink backend error in linksetdbhistories: 'callMLink: Query failed on MegaLink server'
2026-05-11 14:51:37,222 WARNING Retry 1/5 for 'PRJNA1208088' (full chain): elink backend error in linksetdbhistories: 'callMLink: Query failed on MegaLink server'
2026-05-11 14:51:37,438 WARNING Retry 1/5 for 'PRJNA649554' (full chain): elink backend error in linksetdbhistories: 'callMLink: Query failed on MegaLink server'
2026-05-11 14:51:39,324 WARNING Retry 1/5 for 'PRJNA804576' (full chain): elink backend error in linksetdbhistories: 'callMLink: Query failed on MegaLink server'
2026-05-11 14:51:39,609 WARNING Retry 1/5 for 'PRJNA731241' (full chain): elink backend error in linksetdbhistories: 'callMLink: Query failed on MegaLink server'
2026-05-11 14:51:40,353 WARNING Retry 1/5 for 'PRJNA1208486' (full chain): elink backend error in linksetdbhistories: 'callMLink: Query failed on MegaLink server'
2026-05-11 14:51:40,802 WARNING Retry 1/5 for 'PRJNA938499' (full chain): elink backend error in linksetdbhistories: 'callMLink: Query failed on MegaLink server'
2026-05-11 14:51:40,823 WARNING Retry 1/5 for 'PRJNA649917' (full chain): elink backend error in linksetdbhistories: 'callMLink: Query failed on MegaLink server'
2026-05-11 14:51:40,826 WARNING Retry 1/5 for 'PRJNA938750' (full chain): elink backend error in linksetdbhistories: 'callMLink: Query failed on MegaLink server'
2026-05-11 14:51:40,882 WARNING Retry 1/5 for 'PRJNA1071152' (full chain): elink backend error in linksetdbhistories: 'callMLink: Query failed on MegaLink server'
2026-05-11 14:51:41,914 WARNING Retry 1/5 for 'PRJNA938514' (full chain): elink backend error in linksetdbhistories: 'callMLink: Query failed on MegaLink server'
2026-05-11 14:51:42,142 WARNING Retry 1/5 for 'PRJNA1071159' (full chain): elink backend error in linksetdbhistories: 'callMLink: Query failed on MegaLink server'
2026-05-11 14:51:42,288 WARNING Retry 1/5 for 'PRJNA734283' (full chain): elink backend error in linksetdbhistories: 'callMLink: Query failed on MegaLink server'
2026-05-11 14:51:44,322 WARNING Retry 1/5 for 'PRJNA735846' (full chain): elink backend error in linksetdbhistories: 'callMLink: Query failed on MegaLink server'
2026-05-11 14:51:44,360 WARNING Retry 1/5 for 'PRJNA805109' (full chain): elink backend error in linksetdbhistories: 'callMLink: Query failed on MegaLink server'
2026-05-11 14:51:44,390 WARNING Retry 1/5 for 'PRJNA1071551' (full chain): elink backend error in linksetdbhistories: 'callMLink: Query failed on MegaLink server'
2026-05-11 14:51:45,027 WARNING Retry 1/5 for 'PRJNA938085' (full chain): elink backend error in linksetdbhistories: 'callMLink: Query failed on MegaLink server'
2026-05-11 14:51:45,720 WARNING Retry 1/5 for 'PRJNA1068057' (full chain): elink backend error in linksetdbhistories: 'callMLink: Query failed on MegaLink server'
2026-05-11 14:51:46,865 WARNING Retry 1/5 for 'PRJNA1208511' (full chain): elink backend error in linksetdbhistories: 'callMLink: Query failed on MegaLink server'
2026-05-11 14:51:46,896 WARNING Retry 1/5 for 'PRJNA735877' (full chain): elink backend error in linksetdbhistories: 'callMLink: Query failed on MegaLink server'
2026-05-11 14:51:50,034 WARNING Bad JSON from elink (content-type: application/json; charset=UTF-8): '{"header":{"type":"elink","version":"0.3"},"linksets":[{"dbfrom":"bioproject","ids":["737188"],"linksetdbhistories":[{"dbto":"sra","linkname":"bioproject_sra","ERROR":"callMLink: Failed MegaLink call
2026-05-11 14:51:50,035 WARNING Retry 1/5 for 'PRJNA737188' (full chain): Invalid control character at: line 1 column 235 (char 234)
2026-05-11 14:51:51,333 WARNING Bad JSON from elink (content-type: application/json; charset=UTF-8): '{"header":{"type":"elink","version":"0.3"},"linksets":[{"dbfrom":"bioproject","ids":["739138"],"linksetdbhistories":[{"dbto":"sra","linkname":"bioproject_sra","ERROR":"callMLink: Failed MegaLink call
2026-05-11 14:51:51,333 WARNING Retry 1/5 for 'PRJNA739138' (full chain): Invalid control character at: line 1 column 235 (char 234)
2026-05-11 14:51:51,400 WARNING Retry 1/5 for 'PRJNA655236' (full chain): elink backend error in linksetdbhistories: 'callMLink: Query failed on MegaLink server'
2026-05-11 14:51:52,282 WARNING Retry 1/5 for 'PRJNA1208989' (full chain): elink backend error in linksetdbhistories: 'callMLink: Query failed on MegaLink server'
2026-05-11 14:51:52,870 WARNING Retry 1/5 for 'PRJNA655680' (full chain): elink backend error in linksetdbhistories: 'callMLink: Query failed on MegaLink server'
2026-05-11 14:51:52,872 WARNING Retry 1/5 for 'PRJNA806200' (full chain): elink backend error in linksetdbhistories: 'callMLink: Query failed on MegaLink server'
2026-05-11 14:51:52,992 WARNING Retry 1/5 for 'PRJNA1072098' (full chain): elink backend error in linksetdbhistories: 'callMLink: Query failed on MegaLink server'
2026-05-11 14:51:53,089 WARNING Retry 1/5 for 'PRJNA1072106' (full chain): elink backend error in linksetdbhistories: 'callMLink: Query failed on MegaLink server'
2026-05-11 14:51:54,244 WARNING Retry 1/5 for 'PRJNA939719' (full chain): elink backend error in linksetdbhistories: 'callMLink: Query failed on MegaLink server'
2026-05-11 14:51:57,150 WARNING Retry 1/5 for 'PRJNA745974' (full chain): elink backend error in linksetdbhistories: 'callMLink: Query failed on MegaLink server'
2026-05-11 14:51:57,287 WARNING Retry 1/5 for 'PRJNA748770' (full chain): elink backend error in linksetdbhistories: 'callMLink: Query failed on MegaLink server'
2026-05-11 14:51:57,944 WARNING Retry 1/5 for 'PRJNA806790' (full chain): elink backend error in linksetdbhistories: 'callMLink: Query failed on MegaLink server'
2026-05-11 14:51:58,277 WARNING Retry 1/5 for 'PRJNA940107' (full chain): elink backend error in linksetdbhistories: 'callMLink: Query failed on MegaLink server'
2026-05-11 14:51:58,455 WARNING Retry 1/5 for 'PRJNA1209997' (full chain): elink backend error in linksetdbhistories: 'callMLink: Query failed on MegaLink server'
2026-05-11 14:51:59,019 WARNING Retry 1/5 for 'PRJNA655918' (full chain): elink backend error in linksetdbhistories: 'callMLink: Query failed on MegaLink server'
2026-05-11 14:52:01,410 WARNING Retry 1/5 for 'PRJNA940369' (full chain): elink backend error in linksetdbhistories: 'callMLink: Query failed on MegaLink server'
2026-05-11 14:52:02,457 WARNING Retry 1/5 for 'PRJNA656213' (full chain): elink backend error in linksetdbhistories: 'callMLink: Query failed on MegaLink server'
2026-05-11 14:52:02,480 WARNING Retry 1/5 for 'PRJNA1073249' (full chain): elink backend error in linksetdbhistories: 'callMLink: Query failed on MegaLink server'
2026-05-11 14:52:02,752 WARNING Retry 1/5 for 'PRJNA656248' (full chain): elink backend error in linksetdbhistories: 'callMLink: Query failed on MegaLink server'
2026-05-11 14:52:05,166 WARNING Retry 1/5 for 'PRJNA1211153' (full chain): elink backend error in linksetdbhistories: 'callMLink: Query failed on MegaLink server'
2026-05-11 14:52:06,422 WARNING Retry 1/5 for 'PRJNA1073532' (full chain): elink backend error in linksetdbhistories: 'callMLink: Query failed on MegaLink server'
2026-05-11 14:52:08,831 WARNING Retry 1/5 for 'PRJNA656831' (full chain): elink backend error in linksetdbhistories: 'callMLink: Query failed on MegaLink server'
2026-05-11 14:52:08,842 WARNING Retry 1/5 for 'PRJNA940987' (full chain): elink backend error in linksetdbhistories: 'callMLink: Query failed on MegaLink server'
2026-05-11 14:52:11,357 WARNING Retry 1/5 for 'PRJNA1212022' (full chain): elink backend error in linksetdbhistories: 'callMLink: Query failed on MegaLink server'
2026-05-11 14:52:11,827 WARNING Retry 1/5 for 'PRJNA1212036' (full chain): elink backend error in linksetdbhistories: 'callMLink: Query failed on MegaLink server'
2026-05-11 14:52:12,098 WARNING Retry 1/5 for 'PRJNA656998' (full chain): elink backend error in linksetdbhistories: 'callMLink: Query failed on MegaLink server'
2026-05-11 14:52:13,496 WARNING Retry 1/5 for 'PRJNA1212076' (full chain): elink backend error in linksetdbhistories: 'callMLink: Query failed on MegaLink server'
2026-05-11 14:52:13,710 WARNING Retry 1/5 for 'PRJNA941343' (full chain): elink backend error in linksetdbhistories: 'callMLink: Query failed on MegaLink server'
2026-05-11 14:52:13,852 WARNING Retry 1/5 for 'PRJNA1074249' (full chain): elink backend error in linksetdbhistories: 'callMLink: Query failed on MegaLink server'
2026-05-11 14:52:17,500 WARNING Retry 1/5 for 'PRJNA1213761' (full chain): elink backend error in linksetdbhistories: 'callMLink: Query failed on MegaLink server'
2026-05-11 14:52:17,553 WARNING Retry 1/5 for 'PRJNA942271' (full chain): elink backend error in linksetdbhistories: 'callMLink: Query failed on MegaLink server'
2026-05-11 14:52:17,596 WARNING Retry 1/5 for 'PRJNA942255' (full chain): elink backend error in linksetdbhistories: 'callMLink: Query failed on MegaLink server'
2026-05-11 14:52:17,842 WARNING No SRA links found for 'PRJNA658246'
2026-05-11 14:52:18,241 WARNING Retry 1/5 for 'PRJNA1213827' (full chain): elink backend error in linksetdbhistories: 'callMLink: Query failed on MegaLink server'
2026-05-11 14:52:18,306 WARNING Retry 1/5 for 'PRJNA1074818' (full chain): elink backend error in linksetdbhistories: 'callMLink: Query failed on MegaLink server'
2026-05-11 14:52:24,305 WARNING Retry 1/5 for 'PRJNA1214215' (full chain): elink backend error in linksetdbhistories: 'callMLink: Query failed on MegaLink server'
2026-05-11 14:52:25,548 WARNING Retry 1/5 for 'PRJNA658566' (full chain): elink backend error in linksetdbhistories: 'callMLink: Query failed on MegaLink server'
2026-05-11 14:52:25,577 WARNING Retry 1/5 for 'PRJNA943261' (full chain): elink backend error in linksetdbhistories: 'callMLink: Query failed on MegaLink server'
2026-05-11 14:52:29,880 WARNING Retry 1/5 for 'PRJNA658963' (full chain): elink backend error in linksetdbhistories: 'callMLink: Query failed on MegaLink server'
2026-05-11 14:52:30,087 WARNING Retry 1/5 for 'PRJNA1075826' (full chain): elink backend error in linksetdbhistories: 'callMLink: Query failed on MegaLink server'
2026-05-11 14:52:31,310 WARNING Retry 1/5 for 'PRJNA657477' (full chain): elink backend error in linksetdbhistories: 'callMLink: Query failed on MegaLink server'
2026-05-11 14:52:31,480 WARNING Retry 1/5 for 'PRJNA944246' (full chain): elink backend error in linksetdbhistories: 'callMLink: Query failed on MegaLink server'
2026-05-11 14:52:39,568 WARNING Retry 1/5 for 'PRJNA1076495' (full chain): elink backend error in linksetdbhistories: 'callMLink: Query failed on MegaLink server'
2026-05-11 14:52:42,067 WARNING Retry 1/5 for 'PRJNA1076596' (full chain): elink backend error in linksetdbhistories: 'callMLink: Query failed on MegaLink server'
2026-05-11 14:52:46,659 WARNING Retry 1/5 for 'PRJNA751057' (full chain): elink backend error in linksetdbhistories: 'callMLink: Query failed on MegaLink server'
2026-05-11 14:52:47,742 WARNING Retry 1/5 for 'PRJNA750638' (full chain): elink backend error in linksetdbhistories: 'callMLink: Query failed on MegaLink server'
2026-05-11 14:52:47,962 WARNING Retry 1/5 for 'PRJNA1217504' (full chain): elink backend error in linksetdbhistories: 'callMLink: Query failed on MegaLink server'
2026-05-11 14:52:50,255 WARNING Retry 1/5 for 'PRJNA946316' (full chain): elink backend error in linksetdbhistories: 'callMLink: Query failed on MegaLink server'
2026-05-11 14:52:50,281 WARNING Retry 1/5 for 'PRJNA1077450' (full chain): elink backend error in linksetdbhistories: 'callMLink: Query failed on MegaLink server'
2026-05-11 14:52:50,291 WARNING Retry 1/5 for 'PRJNA1217898' (full chain): elink backend error in linksetdbhistories: 'callMLink: Query failed on MegaLink server'
2026-05-11 14:52:50,326 WARNING Retry 1/5 for 'PRJNA807737' (full chain): elink backend error in linksetdbhistories: 'callMLink: Query failed on MegaLink server'
2026-05-11 14:52:53,803 WARNING Retry 1/5 for 'PRJNA946717' (full chain): elink backend error in linksetdbhistories: 'callMLink: Query failed on MegaLink server'
2026-05-11 14:52:54,017 WARNING Retry 1/5 for 'PRJNA808096' (full chain): elink backend error in linksetdbhistories: 'callMLink: Query failed on MegaLink server'
2026-05-11 14:52:54,213 WARNING Retry 1/5 for 'PRJNA946725' (full chain): elink backend error in linksetdbhistories: 'callMLink: Query failed on MegaLink server'
2026-05-11 14:52:55,376 WARNING Retry 1/5 for 'PRJNA1078300' (full chain): elink backend error in linksetdbhistories: 'callMLink: Query failed on MegaLink server'
2026-05-11 14:52:55,377 WARNING Retry 1/5 for 'PRJNA1218761' (full chain): elink backend error in linksetdbhistories: 'callMLink: Query failed on MegaLink server'
2026-05-11 14:52:58,497 WARNING Retry 1/5 for 'PRJNA1077592' (full chain): elink backend error in linksetdbhistories: 'callMLink: Query failed on MegaLink server'
2026-05-11 14:52:59,611 WARNING Retry 1/5 for 'PRJNA1219160' (full chain): elink backend error in linksetdbhistories: 'callMLink: Query failed on MegaLink server'
2026-05-11 14:52:59,639 WARNING Retry 1/5 for 'PRJNA809340' (full chain): elink backend error in linksetdbhistories: 'callMLink: Query failed on MegaLink server'
2026-05-11 14:53:02,813 WARNING Retry 1/5 for 'PRJNA1189304' (full chain): elink backend error in linksetdbhistories: 'callMLink: Query failed on MegaLink server'
2026-05-11 14:53:03,733 WARNING Retry 1/5 for 'PRJNA1219223' (full chain): elink backend error in linksetdbhistories: 'callMLink: Query failed on MegaLink server'
2026-05-11 14:53:06,435 WARNING Retry 1/5 for 'PRJNA948004' (full chain): elink backend error in linksetdbhistories: 'callMLink: Query failed on MegaLink server'
2026-05-11 14:53:06,736 WARNING Retry 1/5 for 'PRJNA1079372' (full chain): elink backend error in linksetdbhistories: 'callMLink: Query failed on MegaLink server'
2026-05-11 14:53:06,831 WARNING Retry 1/5 for 'PRJNA947929' (full chain): elink backend error in linksetdbhistories: 'callMLink: Query failed on MegaLink server'
2026-05-11 14:53:07,467 WARNING Retry 1/5 for 'PRJNA810736' (full chain): elink backend error in linksetdbhistories: 'callMLink: Query failed on MegaLink server'
2026-05-11 14:53:07,910 WARNING Retry 1/5 for 'PRJNA810732' (full chain): elink backend error in linksetdbhistories: 'callMLink: Query failed on MegaLink server'
2026-05-11 14:53:08,157 WARNING Retry 1/5 for 'PRJNA948387' (full chain): elink backend error in linksetdbhistories: 'callMLink: Query failed on MegaLink server'
2026-05-11 14:53:09,189 WARNING Retry 1/5 for 'PRJNA810869' (full chain): elink backend error in linksetdbhistories: 'callMLink: Query failed on MegaLink server'
2026-05-11 14:53:10,540 WARNING Retry 1/5 for 'PRJNA948048' (full chain): elink backend error in linksetdbhistories: 'callMLink: Query failed on MegaLink server'
2026-05-11 14:53:10,598 WARNING Retry 1/5 for 'PRJNA948395' (full chain): elink backend error in linksetdbhistories: 'callMLink: Query failed on MegaLink server'
2026-05-11 14:53:12,125 WARNING Retry 1/5 for 'PRJNA1220093' (full chain): elink backend error in linksetdbhistories: 'callMLink: Query failed on MegaLink server'
2026-05-11 14:53:14,384 WARNING Retry 1/5 for 'PRJNA1220631' (full chain): elink backend error in linksetdbhistories: 'callMLink: Query failed on MegaLink server'
2026-05-11 14:53:14,621 WARNING Retry 1/5 for 'PRJNA1080200' (full chain): elink backend error in linksetdbhistories: 'callMLink: Query failed on MegaLink server'
2026-05-11 14:53:15,719 WARNING Retry 1/5 for 'PRJNA1080204' (full chain): elink backend error in linksetdbhistories: 'callMLink: Query failed on MegaLink server'
2026-05-11 14:53:16,905 WARNING Retry 1/5 for 'PRJNA1218825' (full chain): elink backend error in linksetdbhistories: 'callMLink: Query failed on MegaLink server'
2026-05-11 14:53:18,674 WARNING Retry 1/5 for 'PRJNA1221853' (full chain): elink backend error in linksetdbhistories: 'callMLink: Query failed on MegaLink server'
2026-05-11 14:53:18,762 WARNING Retry 1/5 for 'PRJNA1080578' (full chain): elink backend error in linksetdbhistories: 'callMLink: Query failed on MegaLink server'
2026-05-11 14:53:18,817 WARNING Retry 1/5 for 'PRJNA949613' (full chain): elink backend error in linksetdbhistories: 'callMLink: Query failed on MegaLink server'
2026-05-11 14:53:19,046 WARNING Retry 1/5 for 'PRJNA812508' (full chain): elink backend error in linksetdbhistories: 'callMLink: Query failed on MegaLink server'
2026-05-11 14:53:20,272 WARNING Retry 1/5 for 'PRJNA1080587' (full chain): elink backend error in linksetdbhistories: 'callMLink: Query failed on MegaLink server'
2026-05-11 14:53:23,361 WARNING Retry 1/5 for 'PRJNA812933' (full chain): elink backend error in linksetdbhistories: 'callMLink: Query failed on MegaLink server'
2026-05-11 14:53:23,418 WARNING Retry 1/5 for 'PRJNA1222314' (full chain): elink backend error in linksetdbhistories: 'callMLink: Query failed on MegaLink server'
2026-05-11 14:53:24,609 WARNING Retry 1/5 for 'PRJNA1081276' (full chain): elink backend error in linksetdbhistories: 'callMLink: Query failed on MegaLink server'
2026-05-11 14:53:28,340 WARNING Retry 1/5 for 'PRJNA661059' (full chain): Client error '429 Too Many Requests' for url 'https://eutils.ncbi.nlm.nih.gov/entrez/eutils/elink.fcgi?dbfrom=bioproject&db=sra&WebEnv=MCID_6a01d8a3c4c637c1000aa4d4&query_key=1&cmd=neighbor_history&retmode=json&api_key=61e038518e781de982cddacff077ec29ae09'
For more information check: https://developer.mozilla.org/en-US/docs/Web/HTTP/Status/429
2026-05-11 14:53:31,298 WARNING Retry 1/5 for 'PRJNA950443' (full chain): elink backend error in linksetdbhistories: 'callMLink: Query failed on MegaLink server'
2026-05-11 14:53:31,337 WARNING Retry 1/5 for 'PRJNA813543' (full chain): elink backend error in linksetdbhistories: 'callMLink: Query failed on MegaLink server'
2026-05-11 14:53:31,371 WARNING Retry 1/5 for 'PRJNA813604' (full chain): elink backend error in linksetdbhistories: 'callMLink: Query failed on MegaLink server'
2026-05-11 14:53:31,505 WARNING Retry 1/5 for 'PRJNA950457' (full chain): elink backend error in linksetdbhistories: 'callMLink: Query failed on MegaLink server'
2026-05-11 14:53:32,508 WARNING Retry 1/5 for 'PRJNA1081876' (full chain): elink backend error in linksetdbhistories: 'callMLink: Query failed on MegaLink server'
2026-05-11 14:53:33,080 WARNING Retry 1/5 for 'PRJNA811441' (full chain): elink backend error in linksetdbhistories: 'callMLink: Query failed on MegaLink server'
2026-05-11 14:53:35,285 WARNING Retry 1/5 for 'PRJNA661451' (full chain): elink backend error in linksetdbhistories: 'callMLink: Query failed on MegaLink server'
2026-05-11 14:53:37,028 WARNING Retry 1/5 for 'PRJNA1082281' (full chain): elink backend error in linksetdbhistories: 'callMLink: Query failed on MegaLink server'
2026-05-11 14:53:39,176 WARNING No SRA links found for 'PRJNA951608'
2026-05-11 14:53:39,343 WARNING Retry 1/5 for 'PRJNA814748' (full chain): elink backend error in linksetdbhistories: 'callMLink: Query failed on MegaLink server'
2026-05-11 14:53:39,391 WARNING No SRA links found for 'PRJNA951632'
2026-05-11 14:53:41,178 WARNING Retry 1/5 for 'PRJNA1082735' (full chain): elink backend error in linksetdbhistories: 'callMLink: Query failed on MegaLink server'
2026-05-11 14:53:41,635 WARNING No SRA links found for 'PRJNA951674'
2026-05-11 14:53:43,237 WARNING Retry 1/5 for 'PRJNA952157' (full chain): elink backend error in linksetdbhistories: 'callMLink: Query failed on MegaLink server'
2026-05-11 14:53:43,508 WARNING Retry 1/5 for 'PRJNA815685' (full chain): elink backend error in linksetdbhistories: 'callMLink: Query failed on MegaLink server'
2026-05-11 14:53:43,883 WARNING Retry 1/5 for 'PRJNA952261' (full chain): elink backend error in linksetdbhistories: 'callMLink: Query failed on MegaLink server'
2026-05-11 14:53:43,894 WARNING Retry 1/5 for 'PRJNA815684' (full chain): elink backend error in linksetdbhistories: 'callMLink: Query failed on MegaLink server'
2026-05-11 14:53:43,944 WARNING Retry 1/5 for 'PRJNA662326' (full chain): elink backend error in linksetdbhistories: 'callMLink: Query failed on MegaLink server'
2026-05-11 14:53:45,148 WARNING Retry 1/5 for 'PRJNA815819' (full chain): elink backend error in linksetdbhistories: 'callMLink: Query failed on MegaLink server'
2026-05-11 14:53:47,821 WARNING Retry 1/5 for 'PRJNA952660' (full chain): elink backend error in linksetdbhistories: 'callMLink: Query failed on MegaLink server'
2026-05-11 14:53:48,007 WARNING Retry 1/5 for 'PRJNA662711' (full chain): elink backend error in linksetdbhistories: 'callMLink: Query failed on MegaLink server'
2026-05-11 14:53:49,229 WARNING Retry 1/5 for 'PRJNA1083594' (full chain): elink backend error in linksetdbhistories: 'callMLink: Query failed on MegaLink server'
2026-05-11 14:53:51,880 WARNING Retry 1/5 for 'PRJNA1083911' (full chain): elink backend error in linksetdbhistories: 'callMLink: Query failed on MegaLink server'
2026-05-11 14:53:52,057 WARNING Retry 1/5 for 'PRJNA1083977' (full chain): elink backend error in linksetdbhistories: 'callMLink: Query failed on MegaLink server'
2026-05-11 14:53:53,137 WARNING Retry 1/5 for 'PRJNA662927' (full chain): elink backend error in linksetdbhistories: 'callMLink: Query failed on MegaLink server'
2026-05-11 14:53:53,372 WARNING Retry 1/5 for 'PRJNA816557' (full chain): elink backend error in linksetdbhistories: 'callMLink: Query failed on MegaLink server'
2026-05-11 14:53:59,426 WARNING Retry 1/5 for 'PRJNA664205' (full chain): elink backend error in linksetdbhistories: 'callMLink: Query failed on MegaLink server'
2026-05-11 14:53:59,474 WARNING Retry 1/5 for 'PRJNA817182' (full chain): elink backend error in linksetdbhistories: 'callMLink: Query failed on MegaLink server'
2026-05-11 14:54:00,674 WARNING Retry 1/5 for 'PRJNA817213' (full chain): elink backend error in linksetdbhistories: 'callMLink: Query failed on MegaLink server'
2026-05-11 14:54:00,778 WARNING Retry 1/5 for 'PRJNA1084748' (full chain): elink backend error in linksetdbhistories: 'callMLink: Query failed on MegaLink server'
2026-05-11 14:54:01,051 WARNING Bad JSON from elink (content-type: application/json; charset=UTF-8): '{"header":{"type":"elink","version":"0.3"},"linksets":[{"dbfrom":"bioproject","ids":["816929"],"linksetdbhistories":[{"dbto":"sra","linkname":"bioproject_sra","querykey":"2"},{"dbto":"sra","linkname"
2026-05-11 14:54:01,052 WARNING Retry 1/5 for 'PRJNA816929' (full chain): Invalid control character at: line 1 column 297 (char 296)
2026-05-11 14:54:03,859 WARNING Retry 1/5 for 'PRJNA1084840' (full chain): elink backend error in linksetdbhistories: 'callMLink: Query failed on MegaLink server'
2026-05-11 14:54:05,092 WARNING Retry 1/5 for 'PRJNA954353' (full chain): elink backend error in linksetdbhistories: 'callMLink: Query failed on MegaLink server'
2026-05-11 14:54:05,159 WARNING Retry 1/5 for 'PRJNA818260' (full chain): elink backend error in linksetdbhistories: 'callMLink: Query failed on MegaLink server'
2026-05-11 14:54:08,221 WARNING Retry 1/5 for 'PRJNA818677' (full chain): elink backend error in linksetdbhistories: 'callMLink: Query failed on MegaLink server'
2026-05-11 14:54:08,252 WARNING Retry 1/5 for 'PRJNA954424' (full chain): elink backend error in linksetdbhistories: 'callMLink: Query failed on MegaLink server'
2026-05-11 14:54:08,297 WARNING Retry 1/5 for 'PRJNA1222787' (full chain): elink backend error in linksetdbhistories: 'callMLink: Query failed on MegaLink server'
2026-05-11 14:54:08,331 WARNING Retry 1/5 for 'PRJNA818674' (full chain): elink backend error in linksetdbhistories: 'callMLink: Query failed on MegaLink server'
2026-05-11 14:54:11,561 WARNING Retry 1/5 for 'PRJNA1222854' (full chain): elink backend error in linksetdbhistories: 'callMLink: Query failed on MegaLink server'
2026-05-11 14:54:11,592 WARNING Retry 1/5 for 'PRJNA819093' (full chain): elink backend error in linksetdbhistories: 'callMLink: Query failed on MegaLink server'
2026-05-11 14:54:12,124 WARNING Retry 1/5 for 'PRJNA819054' (full chain): elink backend error in linksetdbhistories: 'callMLink: Query failed on MegaLink server'
2026-05-11 14:54:12,249 WARNING Retry 1/5 for 'PRJNA664993' (full chain): elink backend error in linksetdbhistories: 'callMLink: Query failed on MegaLink server'
2026-05-11 14:54:12,467 WARNING Retry 1/5 for 'PRJNA955027' (full chain): elink backend error in linksetdbhistories: 'callMLink: Query failed on MegaLink server'
2026-05-11 14:54:12,728 WARNING Retry 1/5 for 'PRJNA954864' (full chain): elink backend error in linksetdbhistories: 'callMLink: Query failed on MegaLink server'
2026-05-11 14:54:15,036 WARNING Retry 1/5 for 'PRJNA665280' (full chain): elink backend error in linksetdbhistories: 'callMLink: Query failed on MegaLink server'
2026-05-11 14:54:15,411 WARNING Retry 1/5 for 'PRJNA819410' (full chain): elink backend error in linksetdbhistories: 'callMLink: Query failed on MegaLink server'
2026-05-11 14:54:15,608 WARNING Retry 1/5 for 'PRJNA954837' (full chain): elink backend error in linksetdbhistories: 'callMLink: Query failed on MegaLink server'
2026-05-11 14:54:15,828 WARNING Retry 1/5 for 'PRJNA955182' (full chain): elink backend error in linksetdbhistories: 'callMLink: Query failed on MegaLink server'
2026-05-11 14:54:15,857 WARNING Retry 1/5 for 'PRJNA666199' (full chain): elink backend error in linksetdbhistories: 'callMLink: Query failed on MegaLink server'
2026-05-11 14:54:15,868 WARNING Retry 1/5 for 'PRJNA1222969' (full chain): elink backend error in linksetdbhistories: 'callMLink: Query failed on MegaLink server'
2026-05-11 14:54:15,901 WARNING Retry 1/5 for 'PRJNA819151' (full chain): elink backend error in linksetdbhistories: 'callMLink: Query failed on MegaLink server'
2026-05-11 14:54:15,951 WARNING Retry 1/5 for 'PRJNA819392' (full chain): elink backend error in linksetdbhistories: 'callMLink: Query failed on MegaLink server'
2026-05-11 14:54:16,004 WARNING Retry 1/5 for 'PRJNA955148' (full chain): elink backend error in linksetdbhistories: 'callMLink: Query failed on MegaLink server'
2026-05-11 14:54:16,141 WARNING Retry 1/5 for 'PRJNA1222859' (full chain): elink backend error in linksetdbhistories: 'callMLink: Query failed on MegaLink server'
2026-05-11 14:54:16,177 WARNING Retry 1/5 for 'PRJNA1222882' (full chain): elink backend error in linksetdbhistories: 'callMLink: Query failed on MegaLink server'
2026-05-11 14:54:16,227 WARNING Retry 1/5 for 'PRJNA818987' (full chain): elink backend error in linksetdbhistories: 'callMLink: Query failed on MegaLink server'
2026-05-11 14:54:16,232 WARNING Retry 1/5 for 'PRJNA1222873' (full chain): elink backend error in linksetdbhistories: 'callMLink: Query failed on MegaLink server'
2026-05-11 14:54:16,246 WARNING Retry 1/5 for 'PRJNA666217' (full chain): elink backend error in linksetdbhistories: 'callMLink: Query failed on MegaLink server'
2026-05-11 14:54:16,359 WARNING Retry 1/5 for 'PRJNA819390' (full chain): elink backend error in linksetdbhistories: 'callMLink: Query failed on MegaLink server'
2026-05-11 14:54:16,376 WARNING Retry 1/5 for 'PRJNA954878' (full chain): elink backend error in linksetdbhistories: 'callMLink: Query failed on MegaLink server'
2026-05-11 14:54:16,441 WARNING Retry 1/5 for 'PRJNA666353' (full chain): elink backend error in linksetdbhistories: 'callMLink: Query failed on MegaLink server'
2026-05-11 14:54:16,581 WARNING Retry 1/5 for 'PRJNA666213' (full chain): elink backend error in linksetdbhistories: 'callMLink: Query failed on MegaLink server'
2026-05-11 14:54:16,830 WARNING Retry 1/5 for 'PRJNA1223354' (full chain): elink backend error in linksetdbhistories: 'callMLink: Query failed on MegaLink server'
2026-05-11 14:54:17,005 WARNING Retry 1/5 for 'PRJNA665505' (full chain): elink backend error in linksetdbhistories: 'callMLink: Query failed on MegaLink server'
2026-05-11 14:54:18,626 WARNING Retry 1/5 for 'PRJNA819445' (full chain): elink backend error in linksetdbhistories: 'callMLink: Query failed on MegaLink server'
2026-05-11 14:54:19,153 WARNING Retry 1/5 for 'PRJNA955102' (full chain): elink backend error in linksetdbhistories: 'callMLink: Query failed on MegaLink server'
2026-05-11 14:54:19,347 WARNING Bad JSON from elink (content-type: application/json; charset=UTF-8): '{"header":{"type":"elink","version":"0.3"},"linksets":[{"dbfrom":"bioproject","ids":["1223355"],"linksetdbhistories":[{"dbto":"sra","linkname":"bioproject_sra","querykey":"2"},{"dbto":"sra","linkname
2026-05-11 14:54:19,348 WARNING Retry 1/5 for 'PRJNA1223355' (full chain): Invalid control character at: line 1 column 298 (char 297)
2026-05-11 14:54:20,045 WARNING Retry 1/5 for 'PRJNA1223411' (full chain): elink backend error in linksetdbhistories: 'callMLink: Query failed on MegaLink server'
2026-05-11 14:54:20,046 WARNING Retry 1/5 for 'PRJNA1224215' (full chain): elink backend error in linksetdbhistories: 'callMLink: Query failed on MegaLink server'
2026-05-11 14:54:20,143 WARNING Retry 1/5 for 'PRJNA1223367' (full chain): elink backend error in linksetdbhistories: 'callMLink: Query failed on MegaLink server'
2026-05-11 14:54:20,196 WARNING Retry 1/5 for 'PRJNA955294' (full chain): elink backend error in linksetdbhistories: 'callMLink: Query failed on MegaLink server'
2026-05-11 14:54:20,394 WARNING Retry 1/5 for 'PRJNA819475' (full chain): elink backend error in linksetdbhistories: 'callMLink: Query failed on MegaLink server'
2026-05-11 14:54:20,606 WARNING Retry 1/5 for 'PRJNA955164' (full chain): elink backend error in linksetdbhistories: 'callMLink: Query failed on MegaLink server'
2026-05-11 14:54:21,594 WARNING Bad JSON from elink (content-type: application/json; charset=UTF-8): '{"header":{"type":"elink","version":"0.3"},"linksets":[{"dbfrom":"bioproject","ids":["666650"],"linksetdbhistories":[{"dbto":"sra","linkname":"bioproject_sra","ERROR":"callMLink: Failed MegaLink call
2026-05-11 14:54:21,595 WARNING Retry 1/5 for 'PRJNA666650' (full chain): Invalid control character at: line 1 column 235 (char 234)
2026-05-11 14:54:22,429 WARNING Retry 1/5 for 'PRJNA820023' (full chain): elink backend error in linksetdbhistories: 'callMLink: Query failed on MegaLink server'
2026-05-11 14:54:22,718 WARNING Retry 1/5 for 'PRJNA1224207' (full chain): elink backend error in linksetdbhistories: 'callMLink: Query failed on MegaLink server'
2026-05-11 14:54:24,393 WARNING Retry 1/5 for 'PRJNA667100' (full chain): elink backend error in linksetdbhistories: 'callMLink: Query failed on MegaLink server'
2026-05-11 14:54:24,406 WARNING Retry 1/5 for 'PRJNA1224788' (full chain): elink backend error in linksetdbhistories: 'callMLink: Query failed on MegaLink server'
2026-05-11 14:54:24,478 WARNING Retry 1/5 for 'PRJNA820291' (full chain): elink backend error in linksetdbhistories: 'callMLink: Query failed on MegaLink server'
2026-05-11 14:54:24,592 WARNING Retry 1/5 for 'PRJNA666903' (full chain): elink backend error in linksetdbhistories: 'callMLink: Query failed on MegaLink server'
2026-05-11 14:54:24,778 WARNING Retry 1/5 for 'PRJNA1224800' (full chain): elink backend error in linksetdbhistories: 'callMLink: Query failed on MegaLink server'
2026-05-11 14:54:25,906 WARNING Bad JSON from elink (content-type: application/json; charset=UTF-8): '{"header":{"type":"elink","version":"0.3"},"linksets":[{"dbfrom":"bioproject","ids":["1224250"],"linksetdbhistories":[{"dbto":"sra","linkname":"bioproject_sra","ERROR":"callMLink: Failed MegaLink cal
2026-05-11 14:54:25,907 WARNING Retry 1/5 for 'PRJNA1224250' (full chain): Invalid control character at: line 1 column 236 (char 235)
2026-05-11 14:54:26,031 WARNING Retry 1/5 for 'PRJNA820747' (full chain): elink backend error in linksetdbhistories: 'callMLink: Query failed on MegaLink server'
2026-05-11 14:54:28,388 WARNING Retry 1/5 for 'PRJNA667260' (full chain): elink backend error in linksetdbhistories: 'callMLink: Query failed on MegaLink server'
2026-05-11 14:54:31,828 WARNING Retry 1/5 for 'PRJNA820584' (full chain): elink backend error in linksetdbhistories: 'callMLink: Query failed on MegaLink server'
2026-05-11 14:54:31,978 WARNING Retry 1/5 for 'PRJNA956950' (full chain): elink backend error in linksetdbhistories: 'callMLink: Query failed on MegaLink server'
2026-05-11 14:54:32,888 WARNING Retry 1/5 for 'PRJNA667785' (full chain): elink backend error in linksetdbhistories: 'callMLink: Query failed on MegaLink server'
2026-05-11 14:54:32,935 WARNING Retry 1/5 for 'PRJNA1226112' (full chain): elink backend error in linksetdbhistories: 'callMLink: Query failed on MegaLink server'
2026-05-11 14:54:32,956 WARNING Retry 1/5 for 'PRJNA957276' (full chain): elink backend error in linksetdbhistories: 'callMLink: Query failed on MegaLink server'
2026-05-11 14:54:33,892 WARNING Retry 1/5 for 'PRJNA1226171' (full chain): elink backend error in linksetdbhistories: 'callMLink: Query failed on MegaLink server'
2026-05-11 14:54:36,505 WARNING Retry 1/5 for 'PRJNA821509' (full chain): elink backend error in linksetdbhistories: 'callMLink: Query failed on MegaLink server'
2026-05-11 14:54:37,234 WARNING Retry 1/5 for 'PRJNA668787' (full chain): elink backend error in linksetdbhistories: 'callMLink: Query failed on MegaLink server'
2026-05-11 14:54:40,375 WARNING Retry 1/5 for 'PRJNA668609' (full chain): elink backend error in linksetdbhistories: 'callMLink: Query failed on MegaLink server'
2026-05-11 14:54:40,420 WARNING Retry 1/5 for 'PRJNA958117' (full chain): elink backend error in linksetdbhistories: 'callMLink: Query failed on MegaLink server'
2026-05-11 14:54:40,482 WARNING Retry 1/5 for 'PRJNA822428' (full chain): elink backend error in linksetdbhistories: 'callMLink: Query failed on MegaLink server'
2026-05-11 14:54:40,488 WARNING Retry 1/5 for 'PRJNA669063' (full chain): elink backend error in linksetdbhistories: 'callMLink: Query failed on MegaLink server'
2026-05-11 14:54:40,668 WARNING Retry 1/5 for 'PRJNA958137' (full chain): elink backend error in linksetdbhistories: 'callMLink: Query failed on MegaLink server'
2026-05-11 14:54:40,717 WARNING Retry 1/5 for 'PRJNA670007' (full chain): elink backend error in linksetdbhistories: 'callMLink: Query failed on MegaLink server'
2026-05-11 14:54:44,906 WARNING Retry 1/5 for 'PRJNA823059' (full chain): elink backend error in linksetdbhistories: 'callMLink: Query failed on MegaLink server'
2026-05-11 14:54:44,925 WARNING Retry 1/5 for 'PRJNA958227' (full chain): elink backend error in linksetdbhistories: 'callMLink: Query failed on MegaLink server'
2026-05-11 14:54:50,992 WARNING Retry 1/5 for 'PRJNA1228565' (full chain): elink backend error in linksetdbhistories: 'callMLink: Query failed on MegaLink server'
2026-05-11 14:54:52,738 WARNING Retry 1/5 for 'PRJNA670909' (full chain): elink backend error in linksetdbhistories: 'callMLink: Query failed on MegaLink server'
2026-05-11 14:54:53,136 WARNING Retry 1/5 for 'PRJNA823929' (full chain): elink backend error in linksetdbhistories: 'callMLink: Query failed on MegaLink server'
2026-05-11 14:54:54,363 WARNING Retry 1/5 for 'PRJNA956461' (full chain): elink backend error in linksetdbhistories: 'callMLink: Query failed on MegaLink server'
2026-05-11 14:54:56,978 WARNING Retry 1/5 for 'PRJNA671698' (full chain): elink backend error in linksetdbhistories: 'callMLink: Query failed on MegaLink server'
2026-05-11 14:54:57,531 WARNING Retry 1/5 for 'PRJNA1229629' (full chain): elink backend error in linksetdbhistories: 'callMLink: Query failed on MegaLink server'
2026-05-11 14:54:58,214 WARNING Retry 1/5 for 'PRJNA961720' (full chain): elink backend error in linksetdbhistories: 'callMLink: Query failed on MegaLink server'
2026-05-11 14:54:58,535 WARNING Retry 1/5 for 'PRJNA1229679' (full chain): elink backend error in linksetdbhistories: 'callMLink: Query failed on MegaLink server'
2026-05-11 14:55:01,506 WARNING Retry 1/5 for 'PRJNA961986' (full chain): elink backend error in linksetdbhistories: 'callMLink: Query failed on MegaLink server'
2026-05-11 14:55:02,919 WARNING Retry 1/5 for 'PRJNA1086356' (full chain): elink backend error in linksetdbhistories: 'callMLink: Query failed on MegaLink server'
2026-05-11 14:55:07,569 WARNING Retry 1/5 for 'PRJNA1086874' (full chain): elink backend error in linksetdbhistories: 'callMLink: Query failed on MegaLink server'
2026-05-11 14:55:09,704 WARNING Retry 1/5 for 'PRJNA1087348' (full chain): elink backend error in linksetdbhistories: 'callMLink: Query failed on MegaLink server'
2026-05-11 14:55:10,402 WARNING Retry 1/5 for 'PRJNA962145' (full chain): elink backend error in linksetdbhistories: 'callMLink: Query failed on MegaLink server'
2026-05-11 14:55:10,566 WARNING Retry 1/5 for 'PRJNA673349' (full chain): elink backend error in linksetdbhistories: 'callMLink: Query failed on MegaLink server'
2026-05-11 14:55:13,970 WARNING Retry 1/5 for 'PRJNA1087387' (full chain): elink backend error in linksetdbhistories: 'callMLink: Query failed on MegaLink server'
2026-05-11 14:55:15,406 WARNING Retry 1/5 for 'PRJNA1231471' (full chain): elink backend error in linksetdbhistories: 'callMLink: Query failed on MegaLink server'
2026-05-11 14:55:15,704 WARNING Retry 1/5 for 'PRJNA826467' (full chain): elink backend error in linksetdbhistories: 'callMLink: Query failed on MegaLink server'
2026-05-11 14:55:18,479 WARNING Retry 1/5 for 'PRJNA827127' (full chain): elink backend error in linksetdbhistories: 'callMLink: Query failed on MegaLink server'
2026-05-11 14:55:19,679 WARNING Retry 1/5 for 'PRJNA962821' (full chain): elink backend error in linksetdbhistories: 'callMLink: Query failed on MegaLink server'
2026-05-11 14:55:22,339 WARNING Retry 1/5 for 'PRJNA963168' (full chain): elink backend error in linksetdbhistories: 'callMLink: Query failed on MegaLink server'
2026-05-11 14:55:22,469 WARNING Retry 1/5 for 'PRJNA827587' (full chain): elink backend error in linksetdbhistories: 'callMLink: Query failed on MegaLink server'
2026-05-11 14:55:23,637 WARNING Retry 1/5 for 'PRJNA1088541' (full chain): elink backend error in linksetdbhistories: 'callMLink: Query failed on MegaLink server'
2026-05-11 14:55:23,816 WARNING Retry 1/5 for 'PRJNA962924' (full chain): elink backend error in linksetdbhistories: 'callMLink: Query failed on MegaLink server'
2026-05-11 14:55:26,818 WARNING Retry 1/5 for 'PRJNA674385' (full chain): elink backend error in linksetdbhistories: 'callMLink: Query failed on MegaLink server'
2026-05-11 14:55:30,000 WARNING Retry 1/5 for 'PRJNA828436' (full chain): elink backend error in linksetdbhistories: 'callMLink: Query failed on MegaLink server'
2026-05-11 14:55:30,636 WARNING Retry 1/5 for 'PRJNA965904' (full chain): elink backend error in linksetdbhistories: 'callMLink: Query failed on MegaLink server'
2026-05-11 14:55:31,209 WARNING Retry 1/5 for 'PRJNA1233801' (full chain): elink backend error in linksetdbhistories: 'callMLink: Query failed on MegaLink server'
2026-05-11 14:55:31,258 WARNING Retry 1/5 for 'PRJNA858093' (full chain): elink backend error in linksetdbhistories: 'callMLink: Query failed on MegaLink server'
2026-05-11 14:55:31,367 WARNING Retry 1/5 for 'PRJNA828535' (full chain): elink backend error in linksetdbhistories: 'callMLink: Query failed on MegaLink server'
2026-05-11 14:55:31,556 WARNING Retry 1/5 for 'PRJNA674885' (full chain): elink backend error in linksetdbhistories: 'callMLink: Query failed on MegaLink server'
2026-05-11 14:55:34,089 WARNING Retry 1/5 for 'PRJNA830520' (full chain): elink backend error in linksetdbhistories: 'callMLink: Query failed on MegaLink server'
2026-05-11 14:55:34,210 WARNING Retry 1/5 for 'PRJNA966248' (full chain): elink backend error in linksetdbhistories: 'callMLink: Query failed on MegaLink server'
2026-05-11 14:55:35,582 WARNING Retry 1/5 for 'PRJNA1089619' (full chain): elink backend error in linksetdbhistories: 'callMLink: Query failed on MegaLink server'
2026-05-11 14:55:39,347 WARNING Retry 1/5 for 'PRJNA1089984' (full chain): elink backend error in linksetdbhistories: 'callMLink: Query failed on MegaLink server'
2026-05-11 14:55:39,430 WARNING Retry 1/5 for 'PRJNA677825' (full chain): elink backend error in linksetdbhistories: 'callMLink: Query failed on MegaLink server'
2026-05-11 14:55:42,658 WARNING Retry 1/5 for 'PRJNA1235223' (full chain): elink backend error in linksetdbhistories: 'callMLink: Query failed on MegaLink server'
2026-05-11 14:55:42,701 WARNING Retry 1/5 for 'PRJNA677926' (full chain): elink backend error in linksetdbhistories: 'callMLink: Query failed on MegaLink server'
2026-05-11 14:55:43,768 WARNING Retry 1/5 for 'PRJNA1090137' (full chain): elink backend error in linksetdbhistories: 'callMLink: Query failed on MegaLink server'
2026-05-11 14:55:44,363 WARNING Retry 1/5 for 'PRJDB17157' (full chain): elink backend error in linksetdbhistories: 'callMLink: Query failed on MegaLink server'
2026-05-11 14:55:45,243 WARNING No SRA links found for 'PRJNA831830'
2026-05-11 14:55:45,509 WARNING No SRA links found for 'PRJNA831875'
2026-05-11 14:55:46,299 WARNING Retry 1/5 for 'PRJNA1090480' (full chain): elink backend error in linksetdbhistories: 'callMLink: Query failed on MegaLink server'
2026-05-11 14:55:46,329 WARNING Retry 1/5 for 'PRJNA831886' (full chain): elink backend error in linksetdbhistories: 'callMLink: Query failed on MegaLink server'
2026-05-11 14:55:50,428 WARNING Retry 1/5 for 'PRJDB17494' (full chain): elink backend error in linksetdbhistories: 'callMLink: Query failed on MegaLink server'
2026-05-11 14:55:51,519 WARNING Retry 1/5 for 'PRJNA1236318' (full chain): elink backend error in linksetdbhistories: 'callMLink: Query failed on MegaLink server'
2026-05-11 14:55:52,240 WARNING Retry 1/5 for 'PRJNA832236' (full chain): elink backend error in linksetdbhistories: 'callMLink: Query failed on MegaLink server'
2026-05-11 14:55:55,773 WARNING Retry 1/5 for 'PRJNA678734' (full chain): elink backend error in linksetdbhistories: 'callMLink: Query failed on MegaLink server'
2026-05-11 14:55:55,898 WARNING Retry 1/5 for 'PRJDB17987' (full chain): elink backend error in linksetdbhistories: 'callMLink: Query failed on MegaLink server'
2026-05-11 14:55:58,855 WARNING Retry 1/5 for 'PRJNA1091652' (full chain): elink backend error in linksetdbhistories: 'callMLink: Query failed on MegaLink server'
2026-05-11 14:55:58,968 WARNING Retry 1/5 for 'PRJNA832746' (full chain): elink backend error in linksetdbhistories: 'callMLink: Query failed on MegaLink server'
2026-05-11 14:56:02,582 WARNING Retry 1/5 for 'PRJNA832946' (full chain): elink backend error in linksetdbhistories: 'callMLink: Query failed on MegaLink server'
2026-05-11 14:56:03,675 WARNING Retry 1/5 for 'PRJNA1071273' (full chain): elink backend error in linksetdbhistories: 'callMLink: Query failed on MegaLink server'
2026-05-11 14:56:04,200 WARNING Retry 1/5 for 'PRJNA832961' (full chain): elink backend error in linksetdbhistories: 'callMLink: Query failed on MegaLink server'
2026-05-11 14:56:04,930 WARNING No SRA links found for 'PRJNA679769'
2026-05-11 14:56:05,147 WARNING No SRA links found for 'PRJNA679754'
2026-05-11 14:56:06,807 WARNING Retry 1/5 for 'PRJDB19232' (full chain): elink backend error in linksetdbhistories: 'callMLink: Query failed on MegaLink server'
2026-05-11 14:56:07,019 WARNING Retry 1/5 for 'PRJNA833060' (full chain): elink backend error in linksetdbhistories: 'callMLink: Query failed on MegaLink server'
2026-05-11 14:56:08,094 WARNING Retry 1/5 for 'PRJDB19247' (full chain): elink backend error in linksetdbhistories: 'callMLink: Query failed on MegaLink server'
2026-05-11 14:56:08,351 WARNING Retry 1/5 for 'PRJNA1091951' (full chain): elink backend error in linksetdbhistories: 'callMLink: Query failed on MegaLink server'
2026-05-11 14:56:10,615 WARNING Retry 1/5 for 'PRJNA1092255' (full chain): elink backend error in linksetdbhistories: 'callMLink: Query failed on MegaLink server'
2026-05-11 14:56:11,736 WARNING Retry 1/5 for 'PRJDB15254' (full chain): elink backend error in linksetdbhistories: 'callMLink: Query failed on MegaLink server'
2026-05-11 14:56:14,669 WARNING Retry 1/5 for 'PRJDB37389' (full chain): elink backend error in linksetdbhistories: 'callMLink: Query failed on MegaLink server'
2026-05-11 14:56:16,030 WARNING Retry 1/5 for 'PRJNA680539' (full chain): elink backend error in linksetdbhistories: 'callMLink: Query failed on MegaLink server'
2026-05-11 14:56:24,951 WARNING Retry 1/5 for 'PRJNA834793' (full chain): elink backend error in linksetdbhistories: 'callMLink: Query failed on MegaLink server'
2026-05-11 14:56:25,304 WARNING Retry 1/5 for 'PRJNA681604' (full chain): elink backend error in linksetdbhistories: 'callMLink: Query failed on MegaLink server'
2026-05-11 14:56:26,080 WARNING Retry 1/5 for 'PRJNA681820' (full chain): elink backend error in linksetdbhistories: 'callMLink: Query failed on MegaLink server'
2026-05-11 14:56:26,307 WARNING Retry 1/5 for 'PRJNA1093125' (full chain): elink backend error in linksetdbhistories: 'callMLink: Query failed on MegaLink server'
2026-05-11 14:56:26,384 WARNING Retry 1/5 for 'PRJDB37006' (full chain): elink backend error in linksetdbhistories: 'callMLink: Query failed on MegaLink server'
2026-05-11 14:56:26,449 WARNING Retry 1/5 for 'PRJNA1242867' (full chain): elink backend error in linksetdbhistories: 'callMLink: Query failed on MegaLink server'
2026-05-11 14:56:29,106 WARNING Retry 1/5 for 'PRJNA682097' (full chain): elink backend error in linksetdbhistories: 'callMLink: Query failed on MegaLink server'
2026-05-11 14:56:29,124 WARNING Retry 1/5 for 'PRJNA1093426' (full chain): elink backend error in linksetdbhistories: 'callMLink: Query failed on MegaLink server'
2026-05-11 14:56:29,308 WARNING Retry 1/5 for 'PRJNA1093372' (full chain): elink backend error in linksetdbhistories: 'callMLink: Query failed on MegaLink server'
2026-05-11 14:56:30,054 WARNING Retry 1/5 for 'PRJDB36894' (full chain): elink backend error in linksetdbhistories: 'callMLink: Query failed on MegaLink server'
2026-05-11 14:56:30,932 WARNING Retry 1/5 for 'PRJNA1243406' (full chain): elink backend error in linksetdbhistories: 'callMLink: Query failed on MegaLink server'
2026-05-11 14:56:32,229 WARNING Retry 1/5 for 'PRJNA835426' (full chain): elink backend error in linksetdbhistories: 'callMLink: Query failed on MegaLink server'
2026-05-11 14:56:32,273 WARNING Retry 1/5 for 'PRJDB28436' (full chain): elink backend error in linksetdbhistories: 'callMLink: Query failed on MegaLink server'
2026-05-11 14:56:33,001 WARNING Retry 1/5 for 'PRJNA682337' (full chain): elink backend error in linksetdbhistories: 'callMLink: Query failed on MegaLink server'
2026-05-11 14:56:33,028 WARNING Retry 1/5 for 'PRJDB32878' (full chain): elink backend error in linksetdbhistories: 'callMLink: Query failed on MegaLink server'
2026-05-11 14:56:35,457 WARNING Retry 1/5 for 'PRJNA682432' (full chain): elink backend error in linksetdbhistories: 'callMLink: Query failed on MegaLink server'
2026-05-11 14:56:35,564 WARNING Retry 1/5 for 'PRJNA967262' (full chain): elink backend error in linksetdbhistories: 'callMLink: Query failed on MegaLink server'
2026-05-11 14:56:39,762 WARNING Retry 1/5 for 'PRJNA682615' (full chain): elink backend error in linksetdbhistories: 'callMLink: Query failed on MegaLink server'
2026-05-11 14:56:39,831 WARNING Retry 1/5 for 'PRJNA1244714' (full chain): elink backend error in linksetdbhistories: 'callMLink: Query failed on MegaLink server'
2026-05-11 14:56:39,901 WARNING Retry 1/5 for 'PRJNA967344' (full chain): elink backend error in linksetdbhistories: 'callMLink: Query failed on MegaLink server'
2026-05-11 14:56:41,341 WARNING Retry 1/5 for 'PRJNA989235' (full chain): elink backend error in linksetdbhistories: 'callMLink: Query failed on MegaLink server'
2026-05-11 14:56:41,416 WARNING Retry 1/5 for 'PRJDB36309' (full chain): elink backend error in linksetdbhistories: 'callMLink: Query failed on MegaLink server'
2026-05-11 14:56:43,694 WARNING Retry 1/5 for 'PRJNA683058' (full chain): elink backend error in linksetdbhistories: 'callMLink: Query failed on MegaLink server'
2026-05-11 14:56:44,869 WARNING Retry 1/5 for 'PRJNA967628' (full chain): elink backend error in linksetdbhistories: 'callMLink: Query failed on MegaLink server'
2026-05-11 14:56:49,450 WARNING Retry 1/5 for 'PRJNA683661' (full chain): elink backend error in linksetdbhistories: 'callMLink: Query failed on MegaLink server'
2026-05-11 14:56:51,971 WARNING Retry 1/5 for 'PRJNA683875' (full chain): elink backend error in linksetdbhistories: 'callMLink: Query failed on MegaLink server'
2026-05-11 14:56:52,113 WARNING Retry 1/5 for 'PRJNA968165' (full chain): elink backend error in linksetdbhistories: 'callMLink: Query failed on MegaLink server'
2026-05-11 14:56:53,364 WARNING Retry 1/5 for 'PRJNA1246103' (full chain): elink backend error in linksetdbhistories: 'callMLink: Query failed on MegaLink server'
2026-05-11 14:56:53,511 WARNING Retry 1/5 for 'PRJDB38394' (full chain): elink backend error in linksetdbhistories: 'callMLink: Query failed on MegaLink server'
2026-05-11 14:56:53,547 WARNING Retry 1/5 for 'PRJNA683877' (full chain): elink backend error in linksetdbhistories: 'callMLink: Query failed on MegaLink server'
2026-05-11 14:56:56,348 WARNING Retry 1/5 for 'PRJNA1246502' (full chain): elink backend error in linksetdbhistories: 'callMLink: Query failed on MegaLink server'
2026-05-11 14:57:00,593 WARNING Retry 1/5 for 'PRJNA1096368' (full chain): elink backend error in linksetdbhistories: 'callMLink: Query failed on MegaLink server'
2026-05-11 14:57:04,633 WARNING Retry 1/5 for 'PRJNA970390' (full chain): elink backend error in linksetdbhistories: 'callMLink: Query failed on MegaLink server'
2026-05-11 14:57:07,158 WARNING Retry 1/5 for 'PRJNA1247446' (full chain): elink backend error in linksetdbhistories: 'callMLink: Query failed on MegaLink server'
2026-05-11 14:57:08,381 WARNING Retry 1/5 for 'PRJNA1096957' (full chain): elink backend error in linksetdbhistories: 'callMLink: Query failed on MegaLink server'
2026-05-11 14:57:09,412 WARNING Retry 1/5 for 'PRJNA970826' (full chain): elink backend error in linksetdbhistories: 'callMLink: Query failed on MegaLink server'
2026-05-11 14:57:12,807 WARNING Retry 1/5 for 'PRJNA837579' (full chain): elink backend error in linksetdbhistories: 'callMLink: Query failed on MegaLink server'
2026-05-11 14:57:13,005 WARNING Retry 1/5 for 'PRJNA1248462' (full chain): elink backend error in linksetdbhistories: 'callMLink: Query failed on MegaLink server'
2026-05-11 14:57:14,665 WARNING Retry 1/5 for 'PRJNA837594' (full chain): elink backend error in linksetdbhistories: 'callMLink: Query failed on MegaLink server'
2026-05-11 14:57:17,338 WARNING Retry 1/5 for 'PRJNA1097555' (full chain): elink backend error in linksetdbhistories: 'callMLink: Query failed on MegaLink server'
2026-05-11 14:57:17,378 WARNING Retry 1/5 for 'PRJNA837774' (full chain): elink backend error in linksetdbhistories: 'callMLink: Query failed on MegaLink server'
2026-05-11 14:57:20,279 WARNING Retry 1/5 for 'PRJNA1249074' (full chain): elink backend error in linksetdbhistories: 'callMLink: Query failed on MegaLink server'
2026-05-11 14:57:20,345 WARNING Retry 1/5 for 'PRJEB50258' (full chain): elink backend error in linksetdbhistories: 'callMLink: Query failed on MegaLink server'
2026-05-11 14:57:21,456 WARNING Retry 1/5 for 'PRJNA838020' (full chain): elink backend error in linksetdbhistories: 'callMLink: Query failed on MegaLink server'
2026-05-11 14:57:21,480 WARNING Retry 1/5 for 'PRJNA686788' (full chain): elink backend error in linksetdbhistories: 'callMLink: Query failed on MegaLink server'
2026-05-11 14:57:24,728 WARNING Retry 1/5 for 'PRJNA1091956' (full chain): elink backend error in linksetdbhistories: 'callMLink: Query failed on MegaLink server'
2026-05-11 14:57:25,000 WARNING Retry 1/5 for 'PRJNA1250282' (full chain): elink backend error in linksetdbhistories: 'callMLink: Query failed on MegaLink server'
2026-05-11 14:57:25,050 WARNING Retry 1/5 for 'PRJDB13098' (full chain): elink backend error in linksetdbhistories: 'callMLink: Query failed on MegaLink server'
2026-05-11 14:57:26,888 WARNING Retry 1/5 for 'PRJEB52040' (full chain): elink backend error in linksetdbhistories: 'callMLink: Query failed on MegaLink server'
2026-05-11 14:57:27,190 WARNING Retry 1/5 for 'PRJNA838229' (full chain): elink backend error in linksetdbhistories: 'callMLink: Query failed on MegaLink server'
2026-05-11 14:57:28,229 WARNING Retry 1/5 for 'PRJNA838553' (full chain): elink backend error in linksetdbhistories: 'callMLink: Query failed on MegaLink server'
2026-05-11 14:57:29,526 WARNING Retry 1/5 for 'PRJNA972126' (full chain): elink backend error in linksetdbhistories: 'callMLink: Query failed on MegaLink server'
2026-05-11 14:57:29,860 WARNING Retry 1/5 for 'PRJNA1091437' (full chain): elink backend error in linksetdbhistories: 'callMLink: Query failed on MegaLink server'
2026-05-11 14:57:30,794 WARNING Retry 1/5 for 'PRJDB10650' (full chain): elink backend error in linksetdbhistories: 'callMLink: Query failed on MegaLink server'
2026-05-11 14:57:30,859 WARNING Retry 1/5 for 'PRJNA972119' (full chain): elink backend error in linksetdbhistories: 'callMLink: Query failed on MegaLink server'
2026-05-11 14:57:31,351 WARNING Retry 1/5 for 'PRJNA1250417' (full chain): elink backend error in linksetdbhistories: 'callMLink: Query failed on MegaLink server'
2026-05-11 14:57:31,860 WARNING Retry 1/5 for 'PRJEB52156' (full chain): elink backend error in linksetdbhistories: 'callMLink: Query failed on MegaLink server'
2026-05-11 14:57:31,905 WARNING Retry 1/5 for 'PRJEB52216' (full chain): elink backend error in linksetdbhistories: 'callMLink: Query failed on MegaLink server'
2026-05-11 14:57:32,027 WARNING Retry 1/5 for 'PRJNA1098757' (full chain): elink backend error in linksetdbhistories: 'callMLink: Query failed on MegaLink server'
2026-05-11 14:57:33,737 WARNING Retry 1/5 for 'PRJNA687513' (full chain): elink backend error in linksetdbhistories: 'callMLink: Query failed on MegaLink server'
2026-05-11 14:57:33,740 WARNING Retry 1/5 for 'PRJNA972288' (full chain): elink backend error in linksetdbhistories: 'callMLink: Query failed on MegaLink server'
2026-05-11 14:57:34,824 WARNING Retry 1/5 for 'PRJEB52350' (full chain): elink backend error in linksetdbhistories: 'callMLink: Query failed on MegaLink server'
2026-05-11 14:57:34,847 WARNING Retry 1/5 for 'PRJNA1251018' (full chain): elink backend error in linksetdbhistories: 'callMLink: Query failed on MegaLink server'
2026-05-11 14:57:34,906 WARNING Retry 1/5 for 'PRJNA838602' (full chain): elink backend error in linksetdbhistories: 'callMLink: Query failed on MegaLink server'
2026-05-11 14:57:35,884 WARNING Retry 1/5 for 'PRJNA687508' (full chain): elink backend error in linksetdbhistories: 'callMLink: Query failed on MegaLink server'
2026-05-11 14:57:36,063 WARNING Retry 1/5 for 'PRJNA972278' (full chain): elink backend error in linksetdbhistories: 'callMLink: Query failed on MegaLink server'
2026-05-11 14:57:36,172 WARNING Retry 1/5 for 'PRJDB12975' (full chain): elink backend error in linksetdbhistories: 'callMLink: Query failed on MegaLink server'
2026-05-11 14:57:37,522 WARNING Retry 1/5 for 'PRJNA972647' (full chain): elink backend error in linksetdbhistories: 'callMLink: Query failed on MegaLink server'
2026-05-11 14:57:38,727 WARNING Retry 1/5 for 'PRJNA1251095' (full chain): elink backend error in linksetdbhistories: 'callMLink: Query failed on MegaLink server'
2026-05-11 14:57:40,635 WARNING Retry 1/5 for 'PRJDB15356' (full chain): elink backend error in linksetdbhistories: 'callMLink: Query failed on MegaLink server'
2026-05-11 14:57:42,298 WARNING Retry 1/5 for 'PRJNA972735' (full chain): elink backend error in linksetdbhistories: 'callMLink: Query failed on MegaLink server'
2026-05-11 14:57:46,633 WARNING Retry 1/5 for 'PRJNA1093473' (full chain): elink backend error in linksetdbhistories: 'callMLink: Query failed on MegaLink server'
2026-05-11 14:57:48,809 WARNING Retry 1/5 for 'PRJNA1100402' (full chain): elink backend error in linksetdbhistories: 'callMLink: Query failed on MegaLink server'
2026-05-11 14:57:48,880 WARNING Retry 1/5 for 'PRJNA688704' (full chain): elink backend error in linksetdbhistories: 'callMLink: Query failed on MegaLink server'
2026-05-11 14:57:48,882 WARNING Retry 1/5 for 'PRJEB53140' (full chain): elink backend error in linksetdbhistories: 'callMLink: Query failed on MegaLink server'
2026-05-11 14:57:48,986 WARNING Retry 1/5 for 'PRJNA1252454' (full chain): elink backend error in linksetdbhistories: 'callMLink: Query failed on MegaLink server'
2026-05-11 14:57:49,026 WARNING Retry 1/5 for 'PRJNA973633' (full chain): elink backend error in linksetdbhistories: 'callMLink: Query failed on MegaLink server'
2026-05-11 14:57:49,078 WARNING Retry 1/5 for 'PRJNA1100404' (full chain): elink backend error in linksetdbhistories: 'callMLink: Query failed on MegaLink server'
2026-05-11 14:57:49,897 WARNING Retry 1/5 for 'PRJNA688888' (full chain): elink backend error in linksetdbhistories: 'callMLink: Query failed on MegaLink server'
2026-05-11 14:57:50,558 WARNING Retry 1/5 for 'PRJNA688885' (full chain): elink backend error in linksetdbhistories: 'callMLink: Query failed on MegaLink server'
2026-05-11 14:57:50,936 WARNING Retry 1/5 for 'PRJNA973609' (full chain): elink backend error in linksetdbhistories: 'callMLink: Query failed on MegaLink server'
2026-05-11 14:57:50,990 WARNING Retry 1/5 for 'PRJNA973674' (full chain): elink backend error in linksetdbhistories: 'callMLink: Query failed on MegaLink server'
2026-05-11 14:57:53,349 WARNING Retry 1/5 for 'PRJNA689299' (full chain): elink backend error in linksetdbhistories: 'callMLink: Query failed on MegaLink server'
2026-05-11 14:57:53,620 WARNING Retry 1/5 for 'PRJNA1100500' (full chain): elink backend error in linksetdbhistories: 'callMLink: Query failed on MegaLink server'
2026-05-11 14:57:54,910 WARNING Retry 1/5 for 'PRJNA1253738' (full chain): elink backend error in linksetdbhistories: 'callMLink: Query failed on MegaLink server'
2026-05-11 14:57:55,585 WARNING Retry 1/5 for 'PRJNA689306' (full chain): elink backend error in linksetdbhistories: 'callMLink: Query failed on MegaLink server'
2026-05-11 14:57:55,726 WARNING Retry 1/5 for 'PRJNA1100523' (full chain): elink backend error in linksetdbhistories: 'callMLink: Query failed on MegaLink server'
2026-05-11 14:57:57,058 WARNING Retry 1/5 for 'PRJNA689219' (full chain): elink backend error in linksetdbhistories: 'callMLink: Query failed on MegaLink server'
2026-05-11 14:57:57,513 WARNING Retry 1/5 for 'PRJNA1253748' (full chain): elink backend error in linksetdbhistories: 'callMLink: Query failed on MegaLink server'
2026-05-11 14:57:57,568 WARNING Retry 1/5 for 'PRJNA689600' (full chain): elink backend error in linksetdbhistories: 'callMLink: Query failed on MegaLink server'
2026-05-11 14:57:57,625 WARNING Retry 1/5 for 'PRJNA689773' (full chain): elink backend error in linksetdbhistories: 'callMLink: Query failed on MegaLink server'
2026-05-11 14:57:57,796 WARNING Retry 1/5 for 'PRJNA1097279' (full chain): elink backend error in linksetdbhistories: 'callMLink: Query failed on MegaLink server'
2026-05-11 14:57:57,841 WARNING Retry 1/5 for 'PRJNA1100977' (full chain): elink backend error in linksetdbhistories: 'callMLink: Query failed on MegaLink server'
2026-05-11 14:57:59,072 WARNING No SRA links found for 'PRJEB54580'
2026-05-11 14:58:01,396 WARNING Retry 1/5 for 'PRJNA974153' (full chain): elink backend error in linksetdbhistories: 'callMLink: Query failed on MegaLink server'
2026-05-11 14:58:01,441 WARNING Retry 1/5 for 'PRJNA689783' (full chain): elink backend error in linksetdbhistories: 'callMLink: Query failed on MegaLink server'
2026-05-11 14:58:01,628 WARNING Retry 1/5 for 'PRJNA1100999' (full chain): elink backend error in linksetdbhistories: 'callMLink: Query failed on MegaLink server'
2026-05-11 14:58:01,712 WARNING Retry 1/5 for 'PRJNA1101064' (full chain): elink backend error in linksetdbhistories: 'callMLink: Query failed on MegaLink server'
2026-05-11 14:58:03,556 WARNING Retry 1/5 for 'PRJNA1254670' (full chain): elink backend error in linksetdbhistories: 'callMLink: Query failed on MegaLink server'
2026-05-11 14:58:05,538 WARNING Retry 1/5 for 'PRJNA1255096' (full chain): elink backend error in linksetdbhistories: 'callMLink: Query failed on MegaLink server'
2026-05-11 14:58:05,573 WARNING Retry 1/5 for 'PRJNA974847' (full chain): elink backend error in linksetdbhistories: 'callMLink: Query failed on MegaLink server'
2026-05-11 14:58:05,647 WARNING Retry 1/5 for 'PRJNA1101439' (full chain): elink backend error in linksetdbhistories: 'callMLink: Query failed on MegaLink server'
2026-05-11 14:58:05,683 WARNING Retry 1/5 for 'PRJEB55121' (full chain): elink backend error in linksetdbhistories: 'callMLink: Query failed on MegaLink server'
2026-05-11 14:58:07,016 WARNING Retry 1/5 for 'PRJEB55182' (full chain): elink backend error in linksetdbhistories: 'callMLink: Query failed on MegaLink server'
2026-05-11 14:58:07,147 WARNING Retry 1/5 for 'PRJNA1101441' (full chain): elink backend error in linksetdbhistories: 'callMLink: Query failed on MegaLink server'
2026-05-11 14:58:08,475 WARNING Retry 1/5 for 'PRJNA690931' (full chain): elink backend error in linksetdbhistories: 'callMLink: Query failed on MegaLink server'
2026-05-11 14:58:09,550 WARNING Retry 1/5 for 'PRJEB55272' (full chain): elink backend error in linksetdbhistories: 'callMLink: Query failed on MegaLink server'
2026-05-11 14:58:09,867 WARNING Retry 1/5 for 'PRJNA1101512' (full chain): elink backend error in linksetdbhistories: 'callMLink: Query failed on MegaLink server'
2026-05-11 14:58:09,869 WARNING Retry 1/5 for 'PRJNA691041' (full chain): elink backend error in linksetdbhistories: 'callMLink: Query failed on MegaLink server'
2026-05-11 14:58:09,918 WARNING Retry 1/5 for 'PRJNA691212' (full chain): elink backend error in linksetdbhistories: 'callMLink: Query failed on MegaLink server'
2026-05-11 14:58:11,095 WARNING Retry 1/5 for 'PRJNA691211' (full chain): elink backend error in linksetdbhistories: 'callMLink: Query failed on MegaLink server'
2026-05-11 14:58:11,874 WARNING Retry 1/5 for 'PRJNA1101548' (full chain): elink backend error in linksetdbhistories: 'callMLink: Query failed on MegaLink server'
2026-05-11 14:58:12,796 WARNING Retry 1/5 for 'PRJEB55251' (full chain): elink backend error in linksetdbhistories: 'callMLink: Query failed on MegaLink server'
2026-05-11 14:58:12,926 WARNING Retry 1/5 for 'PRJNA1255208' (full chain): elink backend error in linksetdbhistories: 'callMLink: Query failed on MegaLink server'
2026-05-11 14:58:13,381 WARNING Retry 1/5 for 'PRJNA1101568' (full chain): elink backend error in linksetdbhistories: 'callMLink: Query failed on MegaLink server'
2026-05-11 14:58:13,502 WARNING Retry 1/5 for 'PRJNA975200' (full chain): elink backend error in linksetdbhistories: 'callMLink: Query failed on MegaLink server'
2026-05-11 14:58:13,920 WARNING Retry 1/5 for 'PRJEB55509' (full chain): elink backend error in linksetdbhistories: 'callMLink: Query failed on MegaLink server'
2026-05-11 14:58:13,938 WARNING Retry 1/5 for 'PRJNA1256273' (full chain): elink backend error in linksetdbhistories: 'callMLink: Query failed on MegaLink server'
2026-05-11 14:58:14,998 WARNING Retry 1/5 for 'PRJNA1102029' (full chain): elink backend error in linksetdbhistories: 'callMLink: Query failed on MegaLink server'
2026-05-11 14:58:16,269 WARNING Bad JSON from elink (content-type: application/json; charset=UTF-8): '{"header":{"type":"elink","version":"0.3"},"linksets":[{"dbfrom":"bioproject","ids":["975499"],"linksetdbhistories":[{"dbto":"sra","linkname":"bioproject_sra","ERROR":"callMLink: Failed MegaLink call
2026-05-11 14:58:16,269 WARNING Retry 1/5 for 'PRJNA975499' (full chain): Invalid control character at: line 1 column 235 (char 234)
2026-05-11 14:58:17,119 WARNING Retry 1/5 for 'PRJNA1101555' (full chain): elink backend error in linksetdbhistories: 'callMLink: Query failed on MegaLink server'
2026-05-11 14:58:17,781 WARNING Retry 1/5 for 'PRJNA975621' (full chain): elink backend error in linksetdbhistories: 'callMLink: Query failed on MegaLink server'
2026-05-11 14:58:17,855 WARNING Retry 1/5 for 'PRJNA1102279' (full chain): elink backend error in linksetdbhistories: 'callMLink: Query failed on MegaLink server'
2026-05-11 14:58:17,876 WARNING Retry 1/5 for 'PRJNA975573' (full chain): elink backend error in linksetdbhistories: 'callMLink: Query failed on MegaLink server'
2026-05-11 14:58:18,061 WARNING Retry 1/5 for 'PRJNA691564' (full chain): elink backend error in linksetdbhistories: 'callMLink: Query failed on MegaLink server'
2026-05-11 14:58:18,255 WARNING Retry 1/5 for 'PRJNA1256360' (full chain): elink backend error in linksetdbhistories: 'callMLink: Query failed on MegaLink server'
2026-05-11 14:58:19,250 WARNING Retry 1/5 for 'PRJNA691947' (full chain): elink backend error in linksetdbhistories: 'callMLink: Query failed on MegaLink server'
2026-05-11 14:58:19,892 WARNING Retry 1/5 for 'PRJNA975171' (full chain): 
2026-05-11 14:58:20,205 WARNING Retry 1/5 for 'PRJNA931301' (full chain): elink backend error in linksetdbhistories: 'callMLink: Query failed on MegaLink server'
2026-05-11 14:58:25,624 WARNING Retry 1/5 for 'PRJNA1248586' (full chain): 
2026-05-11 14:58:25,897 WARNING Retry 1/5 for 'PRJNA1102355' (full chain): 
2026-05-11 14:58:26,737 WARNING Retry 1/5 for 'PRJNA975860' (full chain): elink backend error in linksetdbhistories: 'callMLink: Query failed on MegaLink server'
2026-05-11 14:58:26,744 WARNING Retry 1/5 for 'PRJEB56599' (full chain): elink backend error in linksetdbhistories: 'callMLink: Query failed on MegaLink server'
2026-05-11 14:58:26,999 WARNING Retry 1/5 for 'PRJNA1102421' (full chain): elink backend error in linksetdbhistories: 'callMLink: Query failed on MegaLink server'
2026-05-11 14:58:27,324 WARNING Retry 1/5 for 'PRJNA1257594' (full chain): elink backend error in linksetdbhistories: 'callMLink: Query failed on MegaLink server'
2026-05-11 14:58:27,554 WARNING Retry 1/5 for 'PRJNA1103089' (full chain): elink backend error in linksetdbhistories: 'callMLink: Query failed on MegaLink server'
2026-05-11 14:58:28,118 WARNING Retry 1/5 for 'PRJNA1102389' (full chain): 
2026-05-11 14:58:28,253 WARNING Retry 1/5 for 'PRJNA691960' (full chain): 
2026-05-11 14:58:29,479 WARNING Retry 1/5 for 'PRJNA692496' (full chain): elink backend error in linksetdbhistories: 'callMLink: Query failed on MegaLink server'
2026-05-11 14:58:29,996 WARNING Retry 1/5 for 'PRJNA1258203' (full chain): elink backend error in linksetdbhistories: 'callMLink: Query failed on MegaLink server'
2026-05-11 14:58:36,521 WARNING No SRA links found for 'PRJNA1103761'
2026-05-11 14:58:36,731 WARNING Retry 1/5 for 'PRJNA692726' (full chain): elink backend error in linksetdbhistories: 'callMLink: Query failed on MegaLink server'
2026-05-11 14:58:37,304 WARNING Retry 1/5 for 'PRJEB59068' (full chain): elink backend error in linksetdbhistories: 'callMLink: Query failed on MegaLink server'
2026-05-11 14:58:41,346 WARNING Retry 1/5 for 'PRJNA1259907' (full chain): elink backend error in linksetdbhistories: 'callMLink: Query failed on MegaLink server'
2026-05-11 14:58:42,848 WARNING Bad JSON from elink (content-type: application/json; charset=UTF-8): '{"header":{"type":"elink","version":"0.3"},"linksets":[{"dbfrom":"bioproject","ids":["1103810"],"linksetdbhistories":[{"dbto":"sra","linkname":"bioproject_sra","ERROR":"callMLink: Failed MegaLink cal
2026-05-11 14:58:42,849 WARNING Retry 1/5 for 'PRJNA1103810' (full chain): Invalid control character at: line 1 column 236 (char 235)
2026-05-11 14:58:50,557 WARNING Retry 1/5 for 'PRJNA994820' (full chain): elink backend error in linksetdbhistories: 'callMLink: Query failed on MegaLink server'
2026-05-11 14:58:50,648 WARNING Retry 1/5 for 'PRJNA1104528' (full chain): elink backend error in linksetdbhistories: 'callMLink: Query failed on MegaLink server'
2026-05-11 14:58:52,076 WARNING Retry 1/5 for 'PRJNA977627' (full chain): elink backend error in linksetdbhistories: 'callMLink: Query failed on MegaLink server'
2026-05-11 14:58:53,825 WARNING Retry 1/5 for 'PRJNA839427' (full chain): elink backend error in linksetdbhistories: 'callMLink: Query failed on MegaLink server'
2026-05-11 14:58:55,316 WARNING Retry 1/5 for 'PRJNA694434' (full chain): elink backend error in linksetdbhistories: 'callMLink: Query failed on MegaLink server'
2026-05-11 14:58:56,746 WARNING Retry 1/5 for 'PRJNA1105070' (full chain): elink backend error in linksetdbhistories: 'callMLink: Query failed on MegaLink server'
2026-05-11 14:58:57,024 WARNING Retry 1/5 for 'PRJNA1261037' (full chain): elink backend error in linksetdbhistories: 'callMLink: Query failed on MegaLink server'
2026-05-11 14:58:59,326 WARNING Retry 1/5 for 'PRJNA978081' (full chain): elink backend error in linksetdbhistories: 'callMLink: Query failed on MegaLink server'
2026-05-11 14:58:59,780 WARNING Retry 1/5 for 'PRJNA841584' (full chain): elink backend error in linksetdbhistories: 'callMLink: Query failed on MegaLink server'
2026-05-11 14:59:01,556 WARNING Retry 1/5 for 'PRJNA694638' (full chain): elink backend error in linksetdbhistories: 'callMLink: Query failed on MegaLink server'
2026-05-11 14:59:03,065 WARNING Retry 1/5 for 'PRJNA842012' (full chain): elink backend error in linksetdbhistories: 'callMLink: Query failed on MegaLink server'
2026-05-11 14:59:03,289 WARNING Retry 1/5 for 'PRJNA842029' (full chain): elink backend error in linksetdbhistories: 'callMLink: Query failed on MegaLink server'
2026-05-11 14:59:07,214 WARNING Retry 1/5 for 'PRJNA842077' (full chain): elink backend error in linksetdbhistories: 'callMLink: Query failed on MegaLink server'
2026-05-11 14:59:07,223 WARNING Retry 1/5 for 'PRJNA978496' (full chain): elink backend error in linksetdbhistories: 'callMLink: Query failed on MegaLink server'
2026-05-11 14:59:07,482 WARNING Retry 1/5 for 'PRJNA1261970' (full chain): elink backend error in linksetdbhistories: 'callMLink: Query failed on MegaLink server'
2026-05-11 14:59:07,631 WARNING Retry 1/5 for 'PRJEB62498' (full chain): elink backend error in linksetdbhistories: 'callMLink: Query failed on MegaLink server'
2026-05-11 14:59:14,008 WARNING Retry 1/5 for 'PRJNA978553' (full chain): elink backend error in linksetdbhistories: 'callMLink: Query failed on MegaLink server'
2026-05-11 14:59:16,672 WARNING Retry 1/5 for 'PRJNA807283' (full chain): elink backend error in linksetdbhistories: 'callMLink: Query failed on MegaLink server'
2026-05-11 14:59:16,861 WARNING Retry 1/5 for 'PRJNA842388' (full chain): elink backend error in linksetdbhistories: 'callMLink: Query failed on MegaLink server'
2026-05-11 14:59:17,018 WARNING Retry 1/5 for 'PRJNA697914' (full chain): elink backend error in linksetdbhistories: 'callMLink: Query failed on MegaLink server'
2026-05-11 14:59:17,506 WARNING Retry 1/5 for 'PRJNA1106397' (full chain): elink backend error in linksetdbhistories: 'callMLink: Query failed on MegaLink server'
2026-05-11 14:59:17,729 WARNING Retry 1/5 for 'PRJNA842665' (full chain): elink backend error in linksetdbhistories: 'callMLink: Query failed on MegaLink server'
2026-05-11 14:59:18,186 WARNING Retry 1/5 for 'PRJEB63299' (full chain): elink backend error in linksetdbhistories: 'callMLink: Query failed on MegaLink server'
2026-05-11 14:59:18,370 WARNING Retry 1/5 for 'PRJNA695007' (full chain): 
2026-05-11 14:59:18,507 WARNING Retry 1/5 for 'PRJNA842590' (full chain): elink backend error in linksetdbhistories: 'callMLink: Query failed on MegaLink server'
2026-05-11 14:59:19,879 WARNING Retry 1/5 for 'PRJNA1106513' (full chain): elink backend error in linksetdbhistories: 'callMLink: Query failed on MegaLink server'
2026-05-11 14:59:20,418 WARNING Retry 1/5 for 'PRJNA1106741' (full chain): elink backend error in linksetdbhistories: 'callMLink: Query failed on MegaLink server'
2026-05-11 14:59:20,462 WARNING Retry 1/5 for 'PRJEB63228' (full chain): 
2026-05-11 14:59:21,236 WARNING Retry 1/5 for 'PRJNA977681' (full chain): elink backend error in linksetdbhistories: 'callMLink: Query failed on MegaLink server'
2026-05-11 14:59:23,836 WARNING Retry 1/5 for 'PRJNA1106538' (full chain): elink backend error in linksetdbhistories: 'callMLink: Query failed on MegaLink server'
2026-05-11 14:59:25,494 WARNING Retry 1/5 for 'PRJNA1265193' (full chain): elink backend error in linksetdbhistories: 'callMLink: Query failed on MegaLink server'
2026-05-11 15:00:07,504 WARNING Retry 1/5 for 'PRJNA848750' (full chain): elink backend error in linksetdbhistories: 'callMLink: Query failed on MegaLink server'
2026-05-11 15:00:08,760 WARNING Retry 1/5 for 'PRJNA848796' (full chain): elink backend error in linksetdbhistories: 'callMLink: Query failed on MegaLink server'
2026-05-11 15:00:12,646 WARNING Retry 1/5 for 'PRJNA984664' (full chain): elink backend error in linksetdbhistories: 'callMLink: Query failed on MegaLink server'
2026-05-11 15:00:12,780 WARNING Retry 1/5 for 'PRJNA1111122' (full chain): elink backend error in linksetdbhistories: 'callMLink: Query failed on MegaLink server'
2026-05-11 15:00:12,788 WARNING Retry 1/5 for 'PRJNA984311' (full chain): elink backend error in linksetdbhistories: 'callMLink: Query failed on MegaLink server'
2026-05-11 15:00:12,964 WARNING Retry 1/5 for 'PRJNA1111363' (full chain): elink backend error in linksetdbhistories: 'callMLink: Query failed on MegaLink server'
2026-05-11 15:00:17,090 WARNING Retry 1/5 for 'PRJNA984670' (full chain): elink backend error in linksetdbhistories: 'callMLink: Query failed on MegaLink server'
2026-05-11 15:00:17,126 WARNING Retry 1/5 for 'PRJNA985564' (full chain): elink backend error in linksetdbhistories: 'callMLink: Query failed on MegaLink server'
2026-05-11 15:00:17,820 WARNING Bad JSON from elink (content-type: application/json; charset=UTF-8): '{"header":{"type":"elink","version":"0.3"},"linksets":[{"dbfrom":"bioproject","ids":["849179"],"linksetdbhistories":[{"dbto":"sra","linkname":"bioproject_sra","querykey":"2"},{"dbto":"sra","linkname"
2026-05-11 15:00:17,821 WARNING Retry 1/5 for 'PRJNA849179' (full chain): Invalid control character at: line 1 column 297 (char 296)
2026-05-11 15:00:21,374 WARNING Retry 1/5 for 'PRJNA849218' (full chain): 
2026-05-11 15:00:21,437 WARNING Retry 1/5 for 'PRJNA985695' (full chain): elink backend error in linksetdbhistories: 'callMLink: Query failed on MegaLink server'
2026-05-11 15:00:22,048 WARNING Retry 1/5 for 'PRJNA849229' (full chain): 
2026-05-11 15:00:22,185 WARNING Retry 1/5 for 'PRJNA1111379' (full chain): 
2026-05-11 15:00:22,453 WARNING Retry 1/5 for 'PRJEB75453' (full chain): 
2026-05-11 15:00:22,587 WARNING Retry 1/5 for 'PRJNA984672' (full chain): 
2026-05-11 15:00:22,719 WARNING Retry 1/5 for 'PRJEB75573' (full chain): 
2026-05-11 15:00:23,795 WARNING Retry 1/5 for 'PRJNA1111399' (full chain): 
2026-05-11 15:00:24,062 WARNING Retry 1/5 for 'PRJNA849334' (full chain): 
2026-05-11 15:00:24,197 WARNING Retry 1/5 for 'PRJNA984742' (full chain): 
2026-05-11 15:00:24,335 WARNING Retry 1/5 for 'PRJEB76429' (full chain): 
2026-05-11 15:00:24,533 WARNING Retry 1/5 for 'PRJNA1111486' (full chain): 
2026-05-11 15:00:24,672 WARNING Retry 1/5 for 'PRJNA984745' (full chain): 
2026-05-11 15:00:24,803 WARNING Retry 1/5 for 'PRJNA849410' (full chain): 
2026-05-11 15:00:25,705 WARNING Retry 1/5 for 'PRJEB79002' (full chain): elink backend error in linksetdbhistories: 'callMLink: Query failed on MegaLink server'
2026-05-11 15:00:25,738 WARNING Retry 1/5 for 'PRJNA849598' (full chain): 
2026-05-11 15:00:26,557 WARNING Retry 1/5 for 'PRJEB14362' (full chain): 
2026-05-11 15:00:29,050 WARNING Retry 1/5 for 'PRJNA700455' (full chain): elink backend error in linksetdbhistories: 'callMLink: Query failed on MegaLink server'
2026-05-11 15:00:29,157 WARNING Retry 1/5 for 'PRJNA986069' (full chain): elink backend error in linksetdbhistories: 'callMLink: Query failed on MegaLink server'
2026-05-11 15:00:29,377 WARNING Retry 1/5 for 'PRJEB80305' (full chain): elink backend error in linksetdbhistories: 'callMLink: Query failed on MegaLink server'
2026-05-11 15:00:29,455 WARNING Retry 1/5 for 'PRJNA850413' (full chain): elink backend error in linksetdbhistories: 'callMLink: Query failed on MegaLink server'
2026-05-11 15:00:29,459 WARNING Retry 1/5 for 'PRJNA986109' (full chain): elink backend error in linksetdbhistories: 'callMLink: Query failed on MegaLink server'
2026-05-11 15:00:29,535 WARNING Retry 1/5 for 'PRJNA986096' (full chain): elink backend error in linksetdbhistories: 'callMLink: Query failed on MegaLink server'
2026-05-11 15:00:29,542 WARNING Retry 1/5 for 'PRJNA1267109' (full chain): elink backend error in linksetdbhistories: 'callMLink: Query failed on MegaLink server'
2026-05-11 15:00:29,616 WARNING Retry 1/5 for 'PRJNA1267120' (full chain): elink backend error in linksetdbhistories: 'callMLink: Query failed on MegaLink server'
2026-05-11 15:00:31,784 WARNING Retry 1/5 for 'PRJNA700084' (full chain): elink backend error in linksetdbhistories: 'callMLink: Query failed on MegaLink server'
2026-05-11 15:00:32,506 WARNING Retry 1/5 for 'PRJNA986118' (full chain): elink backend error in linksetdbhistories: 'callMLink: Query failed on MegaLink server'
2026-05-11 15:00:33,641 WARNING Retry 1/5 for 'PRJNA1112449' (full chain): elink backend error in linksetdbhistories: 'callMLink: Query failed on MegaLink server'
2026-05-11 15:00:33,860 WARNING Retry 1/5 for 'PRJNA1267172' (full chain): elink backend error in linksetdbhistories: 'callMLink: Query failed on MegaLink server'
2026-05-11 15:00:34,033 WARNING Retry 1/5 for 'PRJNA1268427' (full chain): elink backend error in linksetdbhistories: 'callMLink: Query failed on MegaLink server'
2026-05-11 15:00:34,034 WARNING Retry 1/5 for 'PRJNA1112451' (full chain): elink backend error in linksetdbhistories: 'callMLink: Query failed on MegaLink server'
2026-05-11 15:00:34,034 WARNING Retry 1/5 for 'PRJEB81304' (full chain): elink backend error in linksetdbhistories: 'callMLink: Query failed on MegaLink server'
2026-05-11 15:00:37,895 WARNING Retry 1/5 for 'PRJNA851108' (full chain): elink backend error in linksetdbhistories: 'callMLink: Query failed on MegaLink server'
2026-05-11 15:00:38,053 WARNING Retry 1/5 for 'PRJNA1112789' (full chain): elink backend error in linksetdbhistories: 'callMLink: Query failed on MegaLink server'
2026-05-11 15:00:38,100 WARNING Retry 1/5 for 'PRJNA701047' (full chain): elink backend error in linksetdbhistories: 'callMLink: Query failed on MegaLink server'
2026-05-11 15:00:40,337 WARNING Retry 1/5 for 'PRJNA1268552' (full chain): elink backend error in linksetdbhistories: 'callMLink: Query failed on MegaLink server'
2026-05-11 15:00:40,343 WARNING Retry 1/5 for 'PRJNA986539' (full chain): elink backend error in linksetdbhistories: 'callMLink: Query failed on MegaLink server'
2026-05-11 15:00:40,936 WARNING Retry 1/5 for 'PRJNA986538' (full chain): elink backend error in linksetdbhistories: 'callMLink: Query failed on MegaLink server'
2026-05-11 15:00:41,908 WARNING Retry 1/5 for 'PRJNA701396' (full chain): elink backend error in linksetdbhistories: 'callMLink: Query failed on MegaLink server'
2026-05-11 15:00:41,972 WARNING Retry 1/5 for 'PRJEB82073' (full chain): elink backend error in linksetdbhistories: 'callMLink: Query failed on MegaLink server'
2026-05-11 15:00:42,025 WARNING Retry 1/5 for 'PRJNA986887' (full chain): elink backend error in linksetdbhistories: 'callMLink: Query failed on MegaLink server'
2026-05-11 15:00:45,697 WARNING Retry 1/5 for 'PRJNA987560' (full chain): elink backend error in linksetdbhistories: 'callMLink: Query failed on MegaLink server'
2026-05-11 15:00:45,974 WARNING Retry 1/5 for 'PRJNA1269044' (full chain): elink backend error in linksetdbhistories: 'callMLink: Query failed on MegaLink server'
2026-05-11 15:00:45,996 WARNING Retry 1/5 for 'PRJNA987548' (full chain): elink backend error in linksetdbhistories: 'callMLink: Query failed on MegaLink server'
2026-05-11 15:00:48,254 WARNING Retry 1/5 for 'PRJEB83704' (full chain): elink backend error in linksetdbhistories: 'callMLink: Query failed on MegaLink server'
2026-05-11 15:00:48,277 WARNING Retry 1/5 for 'PRJNA851787' (full chain): elink backend error in linksetdbhistories: 'callMLink: Query failed on MegaLink server'
2026-05-11 15:00:48,787 WARNING Retry 1/5 for 'PRJNA1113554' (full chain): elink backend error in linksetdbhistories: 'callMLink: Query failed on MegaLink server'
2026-05-11 15:00:50,040 WARNING Retry 1/5 for 'PRJNA691569' (full chain): elink backend error in linksetdbhistories: 'callMLink: Query failed on MegaLink server'
2026-05-11 15:00:50,091 WARNING Retry 1/5 for 'PRJEB10543' (full chain): elink backend error in linksetdbhistories: 'callMLink: Query failed on MegaLink server'
2026-05-11 15:00:50,162 WARNING Retry 1/5 for 'PRJNA1269102' (full chain): elink backend error in linksetdbhistories: 'callMLink: Query failed on MegaLink server'
2026-05-11 15:00:50,173 WARNING Retry 1/5 for 'PRJNA701748' (full chain): elink backend error in linksetdbhistories: 'callMLink: Query failed on MegaLink server'
2026-05-11 15:00:52,248 WARNING Retry 1/5 for 'PRJNA987998' (full chain): elink backend error in linksetdbhistories: 'callMLink: Query failed on MegaLink server'
2026-05-11 15:00:54,681 WARNING Retry 1/5 for 'PRJNA701964' (full chain): elink backend error in linksetdbhistories: 'callMLink: Query failed on MegaLink server'
2026-05-11 15:00:55,839 WARNING Retry 1/5 for 'PRJNA852580' (full chain): elink backend error in linksetdbhistories: 'callMLink: Query failed on MegaLink server'
2026-05-11 15:01:14,073 WARNING Retry 1/5 for 'PRJNA1115225' (full chain): elink backend error in linksetdbhistories: 'callMLink: Query failed on MegaLink server'
2026-05-11 15:01:14,078 WARNING Retry 1/5 for 'PRJNA989030' (full chain): elink backend error in linksetdbhistories: 'callMLink: Query failed on MegaLink server'
2026-05-11 15:01:14,083 WARNING Retry 1/5 for 'PRJNA853793' (full chain): elink backend error in linksetdbhistories: 'callMLink: Query failed on MegaLink server'
2026-05-11 15:01:14,091 WARNING Retry 1/5 for 'PRJEB89700' (full chain): elink backend error in linksetdbhistories: 'callMLink: Query failed on MegaLink server'
2026-05-11 15:01:14,111 WARNING Retry 1/5 for 'PRJNA853789' (full chain): elink backend error in linksetdbhistories: 'callMLink: Query failed on MegaLink server'
2026-05-11 15:01:15,068 WARNING Retry 1/5 for 'PRJNA704343' (full chain): elink backend error in linksetdbhistories: 'callMLink: Query failed on MegaLink server'
2026-05-11 15:01:15,706 WARNING Retry 1/5 for 'PRJNA703937' (full chain): elink backend error in linksetdbhistories: 'callMLink: Query failed on MegaLink server'
2026-05-11 15:01:17,323 WARNING Retry 1/5 for 'PRJNA1272566' (full chain): elink backend error in linksetdbhistories: 'callMLink: Query failed on MegaLink server'
2026-05-11 15:01:18,278 WARNING Retry 1/5 for 'PRJNA989527' (full chain): elink backend error in linksetdbhistories: 'callMLink: Query failed on MegaLink server'
2026-05-11 15:01:20,592 WARNING Retry 1/5 for 'PRJNA1273005' (full chain): elink backend error in linksetdbhistories: 'callMLink: Query failed on MegaLink server'
2026-05-11 15:01:22,362 WARNING Retry 1/5 for 'PRJNA854903' (full chain): elink backend error in linksetdbhistories: 'callMLink: Query failed on MegaLink server'
2026-05-11 15:01:22,654 WARNING Retry 1/5 for 'PRJNA1273939' (full chain): elink backend error in linksetdbhistories: 'callMLink: Query failed on MegaLink server'
2026-05-11 15:01:23,460 WARNING Retry 1/5 for 'PRJNA990681' (full chain): elink backend error in linksetdbhistories: 'callMLink: Query failed on MegaLink server'
2026-05-11 15:01:24,973 WARNING Retry 1/5 for 'PRJNA854918' (full chain): elink backend error in linksetdbhistories: 'callMLink: Query failed on MegaLink server'
2026-05-11 15:01:26,535 WARNING Retry 1/5 for 'PRJNA1274394' (full chain): elink backend error in linksetdbhistories: 'callMLink: Query failed on MegaLink server'
2026-05-11 15:01:26,676 WARNING Retry 1/5 for 'PRJNA855491' (full chain): elink backend error in linksetdbhistories: 'callMLink: Query failed on MegaLink server'
2026-05-11 15:01:26,713 WARNING Retry 1/5 for 'PRJNA990809' (full chain): elink backend error in linksetdbhistories: 'callMLink: Query failed on MegaLink server'
2026-05-11 15:01:26,724 WARNING Retry 1/5 for 'PRJNA1274371' (full chain): elink backend error in linksetdbhistories: 'callMLink: Query failed on MegaLink server'
2026-05-11 15:01:26,930 WARNING Retry 1/5 for 'PRJNA990726' (full chain): elink backend error in linksetdbhistories: 'callMLink: Query failed on MegaLink server'
2026-05-11 15:01:26,990 WARNING Retry 1/5 for 'PRJNA854929' (full chain): elink backend error in linksetdbhistories: 'callMLink: Query failed on MegaLink server'
2026-05-11 15:01:26,993 WARNING Retry 1/5 for 'PRJNA1274413' (full chain): elink backend error in linksetdbhistories: 'callMLink: Query failed on MegaLink server'
2026-05-11 15:01:27,649 WARNING Retry 1/5 for 'PRJNA1274481' (full chain): elink backend error in linksetdbhistories: 'callMLink: Query failed on MegaLink server'
2026-05-11 15:01:28,531 WARNING Retry 1/5 for 'PRJNA705213' (full chain): elink backend error in linksetdbhistories: 'callMLink: Query failed on MegaLink server'
2026-05-11 15:01:29,831 WARNING Retry 1/5 for 'PRJNA855895' (full chain): elink backend error in linksetdbhistories: 'callMLink: Query failed on MegaLink server'
2026-05-11 15:01:31,563 WARNING Retry 1/5 for 'PRJNA1276567' (full chain): elink backend error in linksetdbhistories: 'callMLink: Query failed on MegaLink server'
2026-05-11 15:01:31,576 WARNING Retry 1/5 for 'PRJNA991598' (full chain): elink backend error in linksetdbhistories: 'callMLink: Query failed on MegaLink server'
2026-05-11 15:01:31,766 WARNING Retry 1/5 for 'PRJNA705648' (full chain): elink backend error in linksetdbhistories: 'callMLink: Query failed on MegaLink server'
2026-05-11 15:01:39,416 WARNING Retry 1/5 for 'PRJNA992495' (full chain): elink backend error in linksetdbhistories: 'callMLink: Query failed on MegaLink server'
2026-05-11 15:01:39,435 WARNING Retry 1/5 for 'PRJNA857004' (full chain): elink backend error in linksetdbhistories: 'callMLink: Query failed on MegaLink server'
2026-05-11 15:01:41,795 WARNING Retry 1/5 for 'PRJNA706700' (full chain): elink backend error in linksetdbhistories: 'callMLink: Query failed on MegaLink server'
2026-05-11 15:01:41,820 WARNING Retry 1/5 for 'PRJNA857039' (full chain): elink backend error in linksetdbhistories: 'callMLink: Query failed on MegaLink server'
2026-05-11 15:01:42,713 WARNING No SRA links found for 'PRJNA1280145'
2026-05-11 15:01:43,798 WARNING Retry 1/5 for 'PRJNA993165' (full chain): elink backend error in linksetdbhistories: 'callMLink: Query failed on MegaLink server'
2026-05-11 15:01:45,294 WARNING Retry 1/5 for 'PRJNA707311' (full chain): elink backend error in linksetdbhistories: 'callMLink: Query failed on MegaLink server'
2026-05-11 15:01:47,640 WARNING Retry 1/5 for 'PRJNA707604' (full chain): elink backend error in linksetdbhistories: 'callMLink: Query failed on MegaLink server'
2026-05-11 15:01:50,046 WARNING Retry 1/5 for 'PRJNA1281656' (full chain): elink backend error in linksetdbhistories: 'callMLink: Query failed on MegaLink server'
2026-05-11 15:01:50,072 WARNING Retry 1/5 for 'PRJNA707550' (full chain): elink backend error in linksetdbhistories: 'callMLink: Query failed on MegaLink server'
2026-05-11 15:01:51,670 WARNING Retry 1/5 for 'PRJNA858059' (full chain): elink backend error in linksetdbhistories: 'callMLink: Query failed on MegaLink server'
2026-05-11 15:01:51,698 WARNING Retry 1/5 for 'PRJNA1282070' (full chain): elink backend error in linksetdbhistories: 'callMLink: Query failed on MegaLink server'
2026-05-11 15:01:53,926 WARNING Retry 1/5 for 'PRJNA858443' (full chain): Client error '429 Too Many Requests' for url 'https://eutils.ncbi.nlm.nih.gov/entrez/eutils/elink.fcgi?dbfrom=bioproject&db=sra&WebEnv=MCID_6a01da9dc31ee962e704fc6e&query_key=1&cmd=neighbor_history&retmode=json&api_key=61e038518e781de982cddacff077ec29ae09'
For more information check: https://developer.mozilla.org/en-US/docs/Web/HTTP/Status/429
2026-05-11 15:01:54,009 WARNING Retry 1/5 for 'PRJNA1282103' (full chain): elink backend error in linksetdbhistories: 'callMLink: Query failed on MegaLink server'
2026-05-11 15:01:54,052 WARNING Retry 1/5 for 'PRJNA994449' (full chain): elink backend error in linksetdbhistories: 'callMLink: Query failed on MegaLink server'
2026-05-11 15:01:55,682 WARNING Retry 1/5 for 'PRJNA1282685' (full chain): elink backend error in linksetdbhistories: 'callMLink: Query failed on MegaLink server'
2026-05-11 15:01:55,695 WARNING Retry 1/5 for 'PRJNA994508' (full chain): elink backend error in linksetdbhistories: 'callMLink: Query failed on MegaLink server'
2026-05-11 15:02:00,390 WARNING Retry 1/5 for 'PRJNA994869' (full chain): elink backend error in linksetdbhistories: 'callMLink: Query failed on MegaLink server'
2026-05-11 15:02:00,432 WARNING Retry 1/5 for 'PRJNA714384' (full chain): elink backend error in linksetdbhistories: 'callMLink: Query failed on MegaLink server'
2026-05-11 15:02:04,895 WARNING Retry 1/5 for 'PRJNA1284846' (full chain): elink backend error in linksetdbhistories: 'callMLink: Query failed on MegaLink server'
2026-05-11 15:02:06,116 WARNING Retry 1/5 for 'PRJNA995519' (full chain): elink backend error in linksetdbhistories: 'callMLink: Query failed on MegaLink server'
2026-05-11 15:02:09,393 WARNING Retry 1/5 for 'PRJNA1284949' (full chain): elink backend error in linksetdbhistories: 'callMLink: Query failed on MegaLink server'
2026-05-11 15:02:10,303 WARNING No SRA links found for 'PRJEB100787'
2026-05-11 15:02:13,223 WARNING Retry 1/5 for 'PRJNA1117745' (full chain): elink backend error in linksetdbhistories: 'callMLink: Query failed on MegaLink server'
2026-05-11 15:02:17,414 WARNING Retry 1/5 for 'PRJNA1117907' (full chain): elink backend error in linksetdbhistories: 'callMLink: Query failed on MegaLink server'
2026-05-11 15:02:17,470 WARNING Retry 1/5 for 'PRJEB101486' (full chain): elink backend error in linksetdbhistories: 'callMLink: Query failed on MegaLink server'
2026-05-11 15:02:20,929 WARNING Retry 1/5 for 'PRJNA716096' (full chain): elink backend error in linksetdbhistories: 'callMLink: Query failed on MegaLink server'
2026-05-11 15:02:20,940 WARNING Retry 1/5 for 'PRJEB101900' (full chain): elink backend error in linksetdbhistories: 'callMLink: Query failed on MegaLink server'
2026-05-11 15:02:23,772 WARNING Retry 1/5 for 'PRJNA716274' (full chain): elink backend error in linksetdbhistories: 'callMLink: Query failed on MegaLink server'
2026-05-11 15:02:24,020 WARNING Retry 1/5 for 'PRJEB102066' (full chain): elink backend error in linksetdbhistories: 'callMLink: Query failed on MegaLink server'
2026-05-11 15:02:25,992 WARNING Retry 1/5 for 'PRJNA1118252' (full chain): elink backend error in linksetdbhistories: 'callMLink: Query failed on MegaLink server'
2026-05-11 15:02:27,398 WARNING No SRA links found for 'PRJEB102956'
2026-05-11 15:02:28,114 WARNING Retry 1/5 for 'PRJNA861843' (full chain): elink backend error in linksetdbhistories: 'callMLink: Query failed on MegaLink server'
2026-05-11 15:02:29,341 WARNING Bad JSON from elink (content-type: application/json; charset=UTF-8): '{"header":{"type":"elink","version":"0.3"},"linksets":[{"dbfrom":"bioproject","ids":["1357694"],"linksetdbhistories":[{"dbto":"sra","linkname":"bioproject_sra","ERROR":"callMLink: Failed MegaLink cal
2026-05-11 15:02:29,342 WARNING Retry 1/5 for 'PRJEB102089' (full chain): Invalid control character at: line 1 column 236 (char 235)
2026-05-11 15:02:32,162 WARNING Retry 1/5 for 'PRJNA861852' (full chain): elink backend error in linksetdbhistories: 'callMLink: Query failed on MegaLink server'
2026-05-11 15:02:32,352 WARNING Retry 1/5 for 'PRJNA862101' (full chain): elink backend error in linksetdbhistories: 'callMLink: Query failed on MegaLink server'
2026-05-11 15:02:32,809 WARNING Bad JSON from elink (content-type: application/json; charset=UTF-8): '{"header":{"type":"elink","version":"0.3"},"linksets":[{"dbfrom":"bioproject","ids":["1359196"],"linksetdbhistories":[{"dbto":"sra","linkname":"bioproject_sra","querykey":"2"},{"dbto":"sra","linkname
2026-05-11 15:02:32,809 WARNING Retry 1/5 for 'PRJEB102629' (full chain): Invalid control character at: line 1 column 298 (char 297)
2026-05-11 15:02:32,922 WARNING Bad JSON from elink (content-type: application/json; charset=UTF-8): '{"header":{"type":"elink","version":"0.3"},"linksets":[{"dbfrom":"bioproject","ids":["1364387"],"linksetdbhistories":[{"dbto":"sra","linkname":"bioproject_sra","querykey":"2"},{"dbto":"sra","linkname
2026-05-11 15:02:32,922 WARNING Retry 1/5 for 'PRJEB102286' (full chain): Invalid control character at: line 1 column 298 (char 297)
2026-05-11 15:02:35,781 WARNING No SRA links found for 'PRJEB104697'
2026-05-11 15:02:36,205 WARNING Retry 1/5 for 'PRJEB104347' (full chain): elink backend error in linksetdbhistories: 'callMLink: Query failed on MegaLink server'
2026-05-11 15:02:36,447 WARNING Retry 1/5 for 'PRJNA717174' (full chain): elink backend error in linksetdbhistories: 'callMLink: Query failed on MegaLink server'
2026-05-11 15:02:36,504 WARNING Retry 1/5 for 'PRJNA1289808' (full chain): elink backend error in linksetdbhistories: 'callMLink: Query failed on MegaLink server'
2026-05-11 15:02:36,645 WARNING Retry 1/5 for 'PRJNA997310' (full chain): elink backend error in linksetdbhistories: 'callMLink: Query failed on MegaLink server'
2026-05-11 15:02:39,372 WARNING Retry 1/5 for 'PRJNA1119369' (full chain): elink backend error in linksetdbhistories: 'callMLink: Query failed on MegaLink server'
2026-05-11 15:02:39,652 WARNING Retry 1/5 for 'PRJEB104928' (full chain): elink backend error in linksetdbhistories: 'callMLink: Query failed on MegaLink server'
2026-05-11 15:02:40,492 WARNING Retry 1/5 for 'PRJNA1119036' (full chain): elink backend error in linksetdbhistories: 'callMLink: Query failed on MegaLink server'
2026-05-11 15:02:40,595 WARNING Retry 1/5 for 'PRJNA827805' (full chain): elink backend error in linksetdbhistories: 'callMLink: Query failed on MegaLink server'
2026-05-11 15:02:41,260 WARNING Retry 1/5 for 'PRJNA1119469' (full chain): elink backend error in linksetdbhistories: 'callMLink: Query failed on MegaLink server'
2026-05-11 15:02:43,128 WARNING Retry 1/5 for 'PRJNA997342' (full chain): elink backend error in linksetdbhistories: 'callMLink: Query failed on MegaLink server'
2026-05-11 15:02:44,159 WARNING Retry 1/5 for 'PRJNA997360' (full chain): elink backend error in linksetdbhistories: 'callMLink: Query failed on MegaLink server'
2026-05-11 15:02:44,300 WARNING Retry 1/5 for 'PRJNA1118442' (full chain): elink backend error in linksetdbhistories: 'callMLink: Query failed on MegaLink server'
2026-05-11 15:02:44,327 WARNING Retry 1/5 for 'PRJNA1290389' (full chain): elink backend error in linksetdbhistories: 'callMLink: Query failed on MegaLink server'
2026-05-11 15:02:44,378 WARNING Retry 1/5 for 'PRJEB36592' (full chain): elink backend error in linksetdbhistories: 'callMLink: Query failed on MegaLink server'
2026-05-11 15:02:44,508 WARNING Retry 1/5 for 'PRJEB36252' (full chain): elink backend error in linksetdbhistories: 'callMLink: Query failed on MegaLink server'
2026-05-11 15:02:44,590 WARNING Retry 1/5 for 'PRJNA997957' (full chain): elink backend error in linksetdbhistories: 'callMLink: Query failed on MegaLink server'
2026-05-11 15:02:44,666 WARNING Retry 1/5 for 'PRJEB32740' (full chain): elink backend error in linksetdbhistories: 'callMLink: Query failed on MegaLink server'
2026-05-11 15:02:47,042 WARNING Retry 1/5 for 'PRJNA862883' (full chain): elink backend error in linksetdbhistories: 'callMLink: Query failed on MegaLink server'
2026-05-11 15:02:48,883 WARNING Retry 1/5 for 'PRJNA997956' (full chain): elink backend error in linksetdbhistories: 'callMLink: Query failed on MegaLink server'
2026-05-11 15:02:49,086 WARNING Retry 1/5 for 'PRJNA1120026' (full chain): elink backend error in linksetdbhistories: 'callMLink: Query failed on MegaLink server'
2026-05-11 15:02:52,835 WARNING Retry 1/5 for 'PRJEB39956' (full chain): elink backend error in linksetdbhistories: 'callMLink: Query failed on MegaLink server'
2026-05-11 15:02:53,073 WARNING Retry 1/5 for 'PRJNA718819' (full chain): elink backend error in linksetdbhistories: 'callMLink: Query failed on MegaLink server'
2026-05-11 15:02:55,298 WARNING Retry 1/5 for 'PRJNA718748' (full chain): elink backend error in linksetdbhistories: 'callMLink: Query failed on MegaLink server'
2026-05-11 15:02:55,537 WARNING Retry 1/5 for 'PRJNA863568' (full chain): elink backend error in linksetdbhistories: 'callMLink: Query failed on MegaLink server'
2026-05-11 15:02:57,104 WARNING Retry 1/5 for 'PRJNA863617' (full chain): elink backend error in linksetdbhistories: 'callMLink: Query failed on MegaLink server'
2026-05-11 15:02:57,193 WARNING Retry 1/5 for 'PRJEB40914' (full chain): elink backend error in linksetdbhistories: 'callMLink: Query failed on MegaLink server'
2026-05-11 15:02:58,955 WARNING Retry 1/5 for 'PRJNA998546' (full chain): elink backend error in linksetdbhistories: 'callMLink: Query failed on MegaLink server'
2026-05-11 15:02:59,291 WARNING Retry 1/5 for 'PRJEB40228' (full chain): elink backend error in linksetdbhistories: 'callMLink: Query failed on MegaLink server'
2026-05-11 15:02:59,598 WARNING Retry 1/5 for 'PRJNA998388' (full chain): elink backend error in linksetdbhistories: 'callMLink: Query failed on MegaLink server'
2026-05-11 15:03:01,162 WARNING Retry 1/5 for 'PRJNA1294141' (full chain): elink backend error in linksetdbhistories: 'callMLink: Query failed on MegaLink server'
2026-05-11 15:03:01,307 WARNING Retry 1/5 for 'PRJNA719158' (full chain): elink backend error in linksetdbhistories: 'callMLink: Query failed on MegaLink server'
2026-05-11 15:03:01,361 WARNING Retry 1/5 for 'PRJNA1121235' (full chain): elink backend error in linksetdbhistories: 'callMLink: Query failed on MegaLink server'
2026-05-11 15:03:01,371 WARNING Retry 1/5 for 'PRJNA719147' (full chain): elink backend error in linksetdbhistories: 'callMLink: Query failed on MegaLink server'
2026-05-11 15:03:03,861 WARNING Retry 1/5 for 'PRJNA1294180' (full chain): elink backend error in linksetdbhistories: 'callMLink: Query failed on MegaLink server'
2026-05-11 15:03:08,168 WARNING Retry 1/5 for 'PRJNA719418' (full chain): elink backend error in linksetdbhistories: 'callMLink: Query failed on MegaLink server'
2026-05-11 15:03:10,597 WARNING Retry 1/5 for 'PRJEB42512' (full chain): elink backend error in linksetdbhistories: 'callMLink: Query failed on MegaLink server'
2026-05-11 15:03:11,707 WARNING Retry 1/5 for 'PRJNA719826' (full chain): elink backend error in linksetdbhistories: 'callMLink: Query failed on MegaLink server'
2026-05-11 15:03:11,793 WARNING Retry 1/5 for 'PRJNA864799' (full chain): elink backend error in linksetdbhistories: 'callMLink: Query failed on MegaLink server'
2026-05-11 15:03:14,873 WARNING Retry 1/5 for 'PRJNA1114049' (full chain): elink backend error in linksetdbhistories: 'callMLink: Query failed on MegaLink server'
2026-05-11 15:03:14,901 WARNING Retry 1/5 for 'PRJNA865298' (full chain): elink backend error in linksetdbhistories: 'callMLink: Query failed on MegaLink server'
2026-05-11 15:03:16,060 WARNING Retry 1/5 for 'PRJNA1295985' (full chain): elink backend error in linksetdbhistories: 'callMLink: Query failed on MegaLink server'
2026-05-11 15:03:35,640 WARNING Retry 1/5 for 'PRJNA1301320' (full chain): elink backend error in linksetdbhistories: 'callMLink: Query failed on MegaLink server'
2026-05-11 15:03:40,097 WARNING Retry 1/5 for 'PRJNA1301905' (full chain): elink backend error in linksetdbhistories: 'callMLink: Query failed on MegaLink server'
2026-05-11 15:03:40,119 WARNING Retry 1/5 for 'PRJEB48242' (full chain): elink backend error in linksetdbhistories: 'callMLink: Query failed on MegaLink server'
2026-05-11 15:03:42,615 WARNING Retry 1/5 for 'PRJNA722540' (full chain): elink backend error in linksetdbhistories: 'callMLink: Query failed on MegaLink server'
2026-05-11 15:03:44,057 WARNING Retry 1/5 for 'PRJNA867406' (full chain): elink backend error in linksetdbhistories: 'callMLink: Query failed on MegaLink server'
2026-05-11 15:03:44,066 WARNING Retry 1/5 for 'PRJEB49006' (full chain): elink backend error in linksetdbhistories: 'callMLink: Query failed on MegaLink server'
2026-05-11 15:03:46,415 WARNING Retry 1/5 for 'PRJNA867680' (full chain): elink backend error in linksetdbhistories: 'callMLink: Query failed on MegaLink server'
2026-05-11 15:03:46,417 WARNING Retry 1/5 for 'PRJNA723191' (full chain): elink backend error in linksetdbhistories: 'callMLink: Query failed on MegaLink server'
2026-05-11 15:03:55,067 WARNING Retry 1/5 for 'PRJNA1305386' (full chain): elink backend error in linksetdbhistories: 'callMLink: Query failed on MegaLink server'
2026-05-11 15:03:56,226 WARNING Retry 1/5 for 'PRJNA1125494' (full chain): elink backend error in linksetdbhistories: 'callMLink: Query failed on MegaLink server'
2026-05-11 15:03:58,723 WARNING Retry 1/5 for 'PRJNA999204' (full chain): elink backend error in linksetdbhistories: 'callMLink: Query failed on MegaLink server'
2026-05-11 15:03:58,768 WARNING Retry 1/5 for 'PRJNA417193' (full chain): elink backend error in linksetdbhistories: 'callMLink: Query failed on MegaLink server'
2026-05-11 15:04:01,229 WARNING Retry 1/5 for 'PRJNA999285' (full chain): elink backend error in linksetdbhistories: 'callMLink: Query failed on MegaLink server'
2026-05-11 15:04:01,414 WARNING Retry 1/5 for 'PRJNA868792' (full chain): elink backend error in linksetdbhistories: 'callMLink: Query failed on MegaLink server'
2026-05-11 15:04:02,747 WARNING Retry 1/5 for 'PRJNA1125904' (full chain): elink backend error in linksetdbhistories: 'callMLink: Query failed on MegaLink server'
2026-05-11 15:04:02,753 WARNING Retry 1/5 for 'PRJNA1306179' (full chain): elink backend error in linksetdbhistories: 'callMLink: Query failed on MegaLink server'
2026-05-11 15:04:02,763 WARNING Retry 1/5 for 'PRJNA423077' (full chain): elink backend error in linksetdbhistories: 'callMLink: Query failed on MegaLink server'
2026-05-11 15:04:02,778 WARNING Retry 1/5 for 'PRJNA725159' (full chain): elink backend error in linksetdbhistories: 'callMLink: Query failed on MegaLink server'
2026-05-11 15:04:05,465 WARNING Retry 1/5 for 'PRJNA427212' (full chain): elink backend error in linksetdbhistories: 'callMLink: Query failed on MegaLink server'
2026-05-11 15:04:07,073 WARNING Retry 1/5 for 'PRJNA869671' (full chain): elink backend error in linksetdbhistories: 'callMLink: Query failed on MegaLink server'
2026-05-11 15:04:07,119 WARNING Retry 1/5 for 'PRJNA433864' (full chain): elink backend error in linksetdbhistories: 'callMLink: Query failed on MegaLink server'
2026-05-11 15:04:09,545 WARNING Retry 1/5 for 'PRJNA435591' (full chain): elink backend error in linksetdbhistories: 'callMLink: Query failed on MegaLink server'
2026-05-11 15:04:11,328 WARNING Retry 1/5 for 'PRJNA438211' (full chain): elink backend error in linksetdbhistories: 'callMLink: Query failed on MegaLink server'
2026-05-11 15:04:11,354 WARNING Retry 1/5 for 'PRJNA436710' (full chain): elink backend error in linksetdbhistories: 'callMLink: Query failed on MegaLink server'
2026-05-11 15:04:11,390 WARNING Retry 1/5 for 'PRJNA1308372' (full chain): elink backend error in linksetdbhistories: 'callMLink: Query failed on MegaLink server'
2026-05-11 15:04:11,425 WARNING Retry 1/5 for 'PRJNA1126390' (full chain): elink backend error in linksetdbhistories: 'callMLink: Query failed on MegaLink server'
2026-05-11 15:04:12,610 WARNING Retry 1/5 for 'PRJNA726170' (full chain): elink backend error in linksetdbhistories: 'callMLink: Query failed on MegaLink server'
2026-05-11 15:04:15,857 WARNING Retry 1/5 for 'PRJNA870091' (full chain): elink backend error in linksetdbhistories: 'callMLink: Query failed on MegaLink server'
2026-05-11 15:04:15,882 WARNING Retry 1/5 for 'PRJNA1310304' (full chain): elink backend error in linksetdbhistories: 'callMLink: Query failed on MegaLink server'
2026-05-11 15:04:24,468 WARNING Retry 1/5 for 'PRJNA1000634' (full chain): elink backend error in linksetdbhistories: 'callMLink: Query failed on MegaLink server'
2026-05-11 15:04:24,472 WARNING Retry 1/5 for 'PRJNA727569' (full chain): elink backend error in linksetdbhistories: 'callMLink: Query failed on MegaLink server'
2026-05-11 15:04:28,273 WARNING Retry 1/5 for 'PRJNA727663' (full chain): elink backend error in linksetdbhistories: 'callMLink: Query failed on MegaLink server'
2026-05-11 15:04:32,277 WARNING Retry 1/5 for 'PRJNA727856' (full chain): elink backend error in linksetdbhistories: 'callMLink: Query failed on MegaLink server'
2026-05-11 15:04:36,165 WARNING Retry 1/5 for 'PRJNA1001313' (full chain): elink backend error in linksetdbhistories: 'callMLink: Query failed on MegaLink server'
2026-05-11 15:04:37,247 WARNING Retry 1/5 for 'PRJNA728690' (full chain): elink backend error in linksetdbhistories: 'callMLink: Query failed on MegaLink server'
2026-05-11 15:04:37,272 WARNING Retry 1/5 for 'PRJNA1314761' (full chain): elink backend error in linksetdbhistories: 'callMLink: Query failed on MegaLink server'
2026-05-11 15:04:43,254 WARNING Retry 1/5 for 'PRJNA872165' (full chain): elink backend error in linksetdbhistories: 'callMLink: Query failed on MegaLink server'
2026-05-11 15:04:43,277 WARNING Retry 1/5 for 'PRJNA872178' (full chain): elink backend error in linksetdbhistories: 'callMLink: Query failed on MegaLink server'
2026-05-11 15:04:43,330 WARNING Retry 1/5 for 'PRJNA492890' (full chain): elink backend error in linksetdbhistories: 'callMLink: Query failed on MegaLink server'
2026-05-11 15:04:43,350 WARNING Retry 1/5 for 'PRJNA729038' (full chain): elink backend error in linksetdbhistories: 'callMLink: Query failed on MegaLink server'
2026-05-11 15:04:43,352 WARNING Retry 1/5 for 'PRJNA1001816' (full chain): elink backend error in linksetdbhistories: 'callMLink: Query failed on MegaLink server'
2026-05-11 15:04:43,386 WARNING Retry 1/5 for 'PRJNA1128624' (full chain): elink backend error in linksetdbhistories: 'callMLink: Query failed on MegaLink server'
2026-05-11 15:04:46,267 WARNING Retry 1/5 for 'PRJNA1322344' (full chain): elink backend error in linksetdbhistories: 'callMLink: Query failed on MegaLink server'
2026-05-11 15:04:47,370 WARNING Retry 1/5 for 'PRJNA494028' (full chain): elink backend error in linksetdbhistories: 'callMLink: Query failed on MegaLink server'
2026-05-11 15:04:47,443 WARNING Retry 1/5 for 'PRJNA1001898' (full chain): elink backend error in linksetdbhistories: 'callMLink: Query failed on MegaLink server'
2026-05-11 15:04:49,947 WARNING Retry 1/5 for 'PRJNA1128806' (full chain): elink backend error in linksetdbhistories: 'callMLink: Query failed on MegaLink server'
2026-05-11 15:04:50,348 WARNING Retry 1/5 for 'PRJNA1322415' (full chain): elink backend error in linksetdbhistories: 'callMLink: Query failed on MegaLink server'
2026-05-11 15:04:50,938 WARNING Retry 1/5 for 'PRJNA729525' (full chain): elink backend error in linksetdbhistories: 'callMLink: Query failed on MegaLink server'
2026-05-11 15:04:51,046 WARNING Retry 1/5 for 'PRJNA493026' (full chain): elink backend error in linksetdbhistories: 'callMLink: Query failed on MegaLink server'
2026-05-11 15:04:51,373 WARNING Retry 1/5 for 'PRJNA1001964' (full chain): elink backend error in linksetdbhistories: 'callMLink: Query failed on MegaLink server'
2026-05-11 15:04:51,432 WARNING Retry 1/5 for 'PRJNA1129023' (full chain): elink backend error in linksetdbhistories: 'callMLink: Query failed on MegaLink server'
2026-05-11 15:04:55,767 WARNING Retry 1/5 for 'PRJNA730005' (full chain): elink backend error in linksetdbhistories: 'callMLink: Query failed on MegaLink server'
2026-05-11 15:04:55,768 WARNING Retry 1/5 for 'PRJNA1327911' (full chain): elink backend error in linksetdbhistories: 'callMLink: Query failed on MegaLink server'
2026-05-11 15:04:55,786 WARNING Retry 1/5 for 'PRJNA1129111' (full chain): elink backend error in linksetdbhistories: 'callMLink: Query failed on MegaLink server'
2026-05-11 15:04:55,841 WARNING Retry 1/5 for 'PRJNA1002300' (full chain): elink backend error in linksetdbhistories: 'callMLink: Query failed on MegaLink server'
2026-05-11 15:04:55,944 WARNING Retry 1/5 for 'PRJNA1327797' (full chain): elink backend error in linksetdbhistories: 'callMLink: Query failed on MegaLink server'
2026-05-11 15:04:55,997 WARNING Retry 1/5 for 'PRJNA873273' (full chain): elink backend error in linksetdbhistories: 'callMLink: Query failed on MegaLink server'
2026-05-11 15:04:57,992 WARNING Retry 1/5 for 'PRJNA1002311' (full chain): elink backend error in linksetdbhistories: 'callMLink: Query failed on MegaLink server'
2026-05-11 15:04:58,141 WARNING Retry 1/5 for 'PRJNA1328504' (full chain): elink backend error in linksetdbhistories: 'callMLink: Query failed on MegaLink server'
2026-05-11 15:05:00,342 WARNING Retry 1/5 for 'PRJNA1003001' (full chain): elink backend error in linksetdbhistories: 'callMLink: Query failed on MegaLink server'
2026-05-11 15:05:00,354 WARNING Retry 1/5 for 'PRJNA1129505' (full chain): elink backend error in linksetdbhistories: 'callMLink: Query failed on MegaLink server'
2026-05-11 15:05:03,747 WARNING Retry 1/5 for 'PRJNA1129585' (full chain): elink backend error in linksetdbhistories: 'callMLink: Query failed on MegaLink server'
2026-05-11 15:05:03,872 WARNING Retry 1/5 for 'PRJNA731246' (full chain): elink backend error in linksetdbhistories: 'callMLink: Query failed on MegaLink server'
2026-05-11 15:05:03,874 WARNING Retry 1/5 for 'PRJNA1331566' (full chain): elink backend error in linksetdbhistories: 'callMLink: Query failed on MegaLink server'
2026-05-11 15:05:06,052 WARNING Retry 1/5 for 'PRJNA1003439' (full chain): elink backend error in linksetdbhistories: 'callMLink: Query failed on MegaLink server'
2026-05-11 15:05:08,231 WARNING Retry 1/5 for 'PRJNA1130089' (full chain): elink backend error in linksetdbhistories: 'callMLink: Query failed on MegaLink server'
2026-05-11 15:05:08,273 WARNING Retry 1/5 for 'PRJNA1003523' (full chain): elink backend error in linksetdbhistories: 'callMLink: Query failed on MegaLink server'
2026-05-11 15:05:08,352 WARNING Retry 1/5 for 'PRJNA1130078' (full chain): elink backend error in linksetdbhistories: 'callMLink: Query failed on MegaLink server'
2026-05-11 15:05:08,356 WARNING Retry 1/5 for 'PRJNA731527' (full chain): elink backend error in linksetdbhistories: 'callMLink: Query failed on MegaLink server'
2026-05-11 15:05:10,636 WARNING Retry 1/5 for 'PRJNA503896' (full chain): elink backend error in linksetdbhistories: 'callMLink: Query failed on MegaLink server'
2026-05-11 15:05:12,840 WARNING Retry 1/5 for 'PRJNA1333963' (full chain): elink backend error in linksetdbhistories: 'callMLink: Query failed on MegaLink server'
2026-05-11 15:05:12,902 WARNING Retry 1/5 for 'PRJNA1130496' (full chain): elink backend error in linksetdbhistories: 'callMLink: Query failed on MegaLink server'
2026-05-11 15:05:17,787 WARNING Retry 1/5 for 'PRJNA1130938' (full chain): elink backend error in linksetdbhistories: 'callMLink: Query failed on MegaLink server'
2026-05-11 15:05:17,799 WARNING Retry 1/5 for 'PRJNA1335380' (full chain): elink backend error in linksetdbhistories: 'callMLink: Query failed on MegaLink server'
2026-05-11 15:05:33,897 WARNING Retry 1/5 for 'PRJNA512202' (full chain): elink backend error in linksetdbhistories: 'callMLink: Query failed on MegaLink server'
2026-05-11 15:05:35,111 WARNING Retry 1/5 for 'PRJNA1006019' (full chain): elink backend error in linksetdbhistories: 'callMLink: Query failed on MegaLink server'
2026-05-11 15:05:37,328 WARNING Retry 1/5 for 'PRJNA1006303' (full chain): elink backend error in linksetdbhistories: 'callMLink: Query failed on MegaLink server'
2026-05-11 15:05:38,445 WARNING Retry 1/5 for 'PRJNA1132516' (full chain): elink backend error in linksetdbhistories: 'callMLink: Query failed on MegaLink server'
2026-05-11 15:05:41,509 WARNING Retry 1/5 for 'PRJNA514337' (full chain): elink backend error in linksetdbhistories: 'callMLink: Query failed on MegaLink server'
2026-05-11 15:05:45,065 WARNING Retry 1/5 for 'PRJNA1133629' (full chain): elink backend error in linksetdbhistories: 'callMLink: Query failed on MegaLink server'
2026-05-11 15:05:45,106 WARNING Retry 1/5 for 'PRJNA515724' (full chain): elink backend error in linksetdbhistories: 'callMLink: Query failed on MegaLink server'
2026-05-11 15:05:45,183 WARNING Retry 1/5 for 'PRJNA515751' (full chain): elink backend error in linksetdbhistories: 'callMLink: Query failed on MegaLink server'
2026-05-11 15:05:47,240 WARNING Retry 1/5 for 'PRJNA1133647' (full chain): elink backend error in linksetdbhistories: 'callMLink: Query failed on MegaLink server'
2026-05-11 15:05:47,387 WARNING Retry 1/5 for 'PRJNA515727' (full chain): elink backend error in linksetdbhistories: 'callMLink: Query failed on MegaLink server'
2026-05-11 15:05:48,633 WARNING Retry 1/5 for 'PRJNA1007664' (full chain): elink backend error in linksetdbhistories: 'callMLink: Query failed on MegaLink server'
2026-05-11 15:05:48,921 WARNING Retry 1/5 for 'PRJNA736322' (full chain): elink backend error in linksetdbhistories: 'callMLink: Query failed on MegaLink server'
2026-05-11 15:05:48,923 WARNING Retry 1/5 for 'PRJNA736634' (full chain): elink backend error in linksetdbhistories: 'callMLink: Query failed on MegaLink server'
2026-05-11 15:05:53,165 WARNING Retry 1/5 for 'PRJNA517076' (full chain): elink backend error in linksetdbhistories: 'callMLink: Query failed on MegaLink server'
2026-05-11 15:05:53,469 WARNING Retry 1/5 for 'PRJNA1134114' (full chain): elink backend error in linksetdbhistories: 'callMLink: Query failed on MegaLink server'
2026-05-11 15:05:53,596 WARNING Retry 1/5 for 'PRJNA1007763' (full chain): elink backend error in linksetdbhistories: 'callMLink: Query failed on MegaLink server'
2026-05-11 15:05:53,674 WARNING Retry 1/5 for 'PRJNA1370888' (full chain): elink backend error in linksetdbhistories: 'callMLink: Query failed on MegaLink server'
2026-05-11 15:05:56,784 WARNING Retry 1/5 for 'PRJNA874426' (full chain): elink backend error in linksetdbhistories: 'callMLink: Query failed on MegaLink server'
2026-05-11 15:05:56,892 WARNING Retry 1/5 for 'PRJNA521757' (full chain): elink backend error in linksetdbhistories: 'callMLink: Query failed on MegaLink server'
2026-05-11 15:05:59,274 WARNING Retry 1/5 for 'PRJNA522054' (full chain): elink backend error in linksetdbhistories: 'callMLink: Query failed on MegaLink server'
2026-05-11 15:06:00,677 WARNING Retry 1/5 for 'PRJNA522083' (full chain): elink backend error in linksetdbhistories: 'callMLink: Query failed on MegaLink server'
2026-05-11 15:06:00,873 WARNING Retry 1/5 for 'PRJNA1134667' (full chain): elink backend error in linksetdbhistories: 'callMLink: Query failed on MegaLink server'
2026-05-11 15:06:03,153 WARNING Retry 1/5 for 'PRJNA1008262' (full chain): elink backend error in linksetdbhistories: 'callMLink: Query failed on MegaLink server'
2026-05-11 15:06:03,302 WARNING Retry 1/5 for 'PRJNA1285289' (full chain): elink backend error in linksetdbhistories: 'callMLink: Query failed on MegaLink server'
2026-05-11 15:06:03,507 WARNING Retry 1/5 for 'PRJNA874693' (full chain): elink backend error in linksetdbhistories: 'callMLink: Query failed on MegaLink server'
2026-05-11 15:06:03,568 WARNING Retry 1/5 for 'PRJNA1134740' (full chain): elink backend error in linksetdbhistories: 'callMLink: Query failed on MegaLink server'
2026-05-11 15:06:04,246 WARNING Retry 1/5 for 'PRJNA874949' (full chain): elink backend error in linksetdbhistories: 'callMLink: Query failed on MegaLink server'
2026-05-11 15:06:05,068 WARNING Retry 1/5 for 'PRJNA875054' (full chain): elink backend error in linksetdbhistories: 'callMLink: Query failed on MegaLink server'
2026-05-11 15:06:05,348 WARNING Retry 1/5 for 'PRJNA1135080' (full chain): elink backend error in linksetdbhistories: 'callMLink: Query failed on MegaLink server'
2026-05-11 15:06:05,451 WARNING Retry 1/5 for 'PRJNA524860' (full chain): elink backend error in linksetdbhistories: 'callMLink: Query failed on MegaLink server'
2026-05-11 15:06:05,522 WARNING Retry 1/5 for 'PRJNA524484' (full chain): elink backend error in linksetdbhistories: 'callMLink: Query failed on MegaLink server'
2026-05-11 15:06:05,573 WARNING Retry 1/5 for 'PRJNA1378747' (full chain): elink backend error in linksetdbhistories: 'callMLink: Query failed on MegaLink server'
2026-05-11 15:06:05,620 WARNING Retry 1/5 for 'PRJNA525662' (full chain): elink backend error in linksetdbhistories: 'callMLink: Query failed on MegaLink server'
2026-05-11 15:06:09,089 WARNING Retry 1/5 for 'PRJNA1135105' (full chain): elink backend error in linksetdbhistories: 'callMLink: Query failed on MegaLink server'
2026-05-11 15:06:09,237 WARNING Retry 1/5 for 'PRJNA1008747' (full chain): elink backend error in linksetdbhistories: 'callMLink: Query failed on MegaLink server'
2026-05-11 15:06:09,307 WARNING Retry 1/5 for 'PRJNA875416' (full chain): elink backend error in linksetdbhistories: 'callMLink: Query failed on MegaLink server'
2026-05-11 15:06:13,161 WARNING Retry 1/5 for 'PRJNA1387217' (full chain): elink backend error in linksetdbhistories: 'callMLink: Query failed on MegaLink server'
2026-05-11 15:06:13,176 WARNING Retry 1/5 for 'PRJNA875490' (full chain): elink backend error in linksetdbhistories: 'callMLink: Query failed on MegaLink server'
2026-05-11 15:06:13,189 WARNING Retry 1/5 for 'PRJNA1320691' (full chain): elink backend error in linksetdbhistories: 'callMLink: Query failed on MegaLink server'
2026-05-11 15:06:13,190 WARNING Retry 1/5 for 'PRJNA875647' (full chain): elink backend error in linksetdbhistories: 'callMLink: Query failed on MegaLink server'
2026-05-11 15:06:13,414 WARNING Retry 1/5 for 'PRJNA875649' (full chain): elink backend error in linksetdbhistories: 'callMLink: Query failed on MegaLink server'
2026-05-11 15:06:13,622 WARNING Retry 1/5 for 'PRJNA526874' (full chain): elink backend error in linksetdbhistories: 'callMLink: Query failed on MegaLink server'
2026-05-11 15:06:16,305 WARNING Retry 1/5 for 'PRJNA1009131' (full chain): elink backend error in linksetdbhistories: 'callMLink: Query failed on MegaLink server'
2026-05-11 15:06:17,750 WARNING Retry 1/5 for 'PRJNA876108' (full chain): elink backend error in linksetdbhistories: 'callMLink: Query failed on MegaLink server'
2026-05-11 15:06:20,587 WARNING Retry 1/5 for 'PRJNA876121' (full chain): elink backend error in linksetdbhistories: 'callMLink: Query failed on MegaLink server'
2026-05-11 15:06:21,274 WARNING Retry 1/5 for 'PRJNA529204' (full chain): elink backend error in linksetdbhistories: 'callMLink: Query failed on MegaLink server'
2026-05-11 15:06:22,168 WARNING Retry 1/5 for 'PRJNA766517' (full chain): elink backend error in linksetdbhistories: 'callMLink: Query failed on MegaLink server'
2026-05-11 15:06:22,222 WARNING Retry 1/5 for 'PRJNA1010190' (full chain): elink backend error in linksetdbhistories: 'callMLink: Query failed on MegaLink server'
2026-05-11 15:06:24,500 WARNING Retry 1/5 for 'PRJNA529880' (full chain): elink backend error in linksetdbhistories: 'callMLink: Query failed on MegaLink server'
2026-05-11 15:06:35,314 WARNING Retry 1/5 for 'PRJNA532919' (full chain): elink backend error in linksetdbhistories: 'callMLink: Query failed on MegaLink server'
2026-05-11 15:06:38,926 WARNING Retry 1/5 for 'PRJNA1137339' (full chain): elink backend error in linksetdbhistories: 'callMLink: Query failed on MegaLink server'
2026-05-11 15:06:42,878 WARNING Retry 1/5 for 'PRJNA878760' (full chain): elink backend error in linksetdbhistories: 'callMLink: Query failed on MegaLink server'
2026-05-11 15:06:44,602 WARNING Retry 1/5 for 'PRJNA736973' (full chain): elink backend error in linksetdbhistories: 'callMLink: Query failed on MegaLink server'
2026-05-11 15:06:47,078 WARNING Retry 1/5 for 'PRJNA1011874' (full chain): elink backend error in linksetdbhistories: 'callMLink: Query failed on MegaLink server'
2026-05-11 15:06:48,025 WARNING Retry 1/5 for 'PRJNA737360' (full chain): elink backend error in linksetdbhistories: 'callMLink: Query failed on MegaLink server'
2026-05-11 15:06:49,017 WARNING Retry 1/5 for 'PRJNA1138765' (full chain): elink backend error in linksetdbhistories: 'callMLink: Query failed on MegaLink server'
2026-05-11 15:06:49,801 WARNING Retry 1/5 for 'PRJNA737768' (full chain): elink backend error in linksetdbhistories: 'callMLink: Query failed on MegaLink server'
2026-05-11 15:06:54,188 WARNING Retry 1/5 for 'PRJNA880327' (full chain): elink backend error in linksetdbhistories: 'callMLink: Query failed on MegaLink server'
2026-05-11 15:06:55,931 WARNING Retry 1/5 for 'PRJNA1139099' (full chain): elink backend error in linksetdbhistories: 'callMLink: Query failed on MegaLink server'
2026-05-11 15:06:58,353 WARNING Retry 1/5 for 'PRJNA541922' (full chain): elink backend error in linksetdbhistories: 'callMLink: Query failed on MegaLink server'
2026-05-11 15:06:58,574 WARNING Retry 1/5 for 'PRJNA1139138' (full chain): elink backend error in linksetdbhistories: 'callMLink: Query failed on MegaLink server'
2026-05-11 15:06:58,659 WARNING Retry 1/5 for 'PRJNA1139670' (full chain): elink backend error in linksetdbhistories: 'callMLink: Query failed on MegaLink server'
2026-05-11 15:07:01,514 WARNING Retry 1/5 for 'PRJNA738518' (full chain): elink backend error in linksetdbhistories: 'callMLink: Query failed on MegaLink server'
2026-05-11 15:07:02,122 WARNING Retry 1/5 for 'PRJNA880644' (full chain): elink backend error in linksetdbhistories: 'callMLink: Query failed on MegaLink server'
2026-05-11 15:07:02,248 WARNING Retry 1/5 for 'PRJNA880827' (full chain): elink backend error in linksetdbhistories: 'callMLink: Query failed on MegaLink server'
2026-05-11 15:07:06,333 WARNING Bad JSON from elink (content-type: application/json; charset=UTF-8): '{"header":{"type":"elink","version":"0.3"},"linksets":[{"dbfrom":"bioproject","ids":["880618"],"linksetdbhistories":[{"dbto":"sra","linkname":"bioproject_sra","ERROR":"callMLink: Failed MegaLink call
2026-05-11 15:07:06,333 WARNING Retry 1/5 for 'PRJNA880618' (full chain): Invalid control character at: line 1 column 235 (char 234)
2026-05-11 15:07:06,352 WARNING Retry 1/5 for 'PRJNA543536' (full chain): elink backend error in linksetdbhistories: 'callMLink: Query failed on MegaLink server'
2026-05-11 15:07:06,880 WARNING Retry 1/5 for 'PRJNA739681' (full chain): elink backend error in linksetdbhistories: 'callMLink: Query failed on MegaLink server'
2026-05-11 15:07:06,882 WARNING Retry 1/5 for 'PRJNA1013994' (full chain): elink backend error in linksetdbhistories: 'callMLink: Query failed on MegaLink server'
2026-05-11 15:07:09,261 WARNING Retry 1/5 for 'PRJNA542664' (full chain): elink backend error in linksetdbhistories: 'callMLink: Query failed on MegaLink server'
2026-05-11 15:07:09,274 WARNING Retry 1/5 for 'PRJNA543884' (full chain): elink backend error in linksetdbhistories: 'callMLink: Query failed on MegaLink server'
2026-05-11 15:07:09,279 WARNING Retry 1/5 for 'PRJNA1140191' (full chain): elink backend error in linksetdbhistories: 'callMLink: Query failed on MegaLink server'
2026-05-11 15:07:09,506 WARNING Retry 1/5 for 'PRJNA543981' (full chain): elink backend error in linksetdbhistories: 'callMLink: Query failed on MegaLink server'
2026-05-11 15:07:09,774 WARNING Bad JSON from elink (content-type: application/json; charset=UTF-8): '{"header":{"type":"elink","version":"0.3"},"linksets":[{"dbfrom":"bioproject","ids":["1139766"],"linksetdbhistories":[{"dbto":"sra","linkname":"bioproject_sra","ERROR":"callMLink: Failed MegaLink cal
2026-05-11 15:07:09,774 WARNING Retry 1/5 for 'PRJNA1139766' (full chain): Invalid control character at: line 1 column 236 (char 235)
2026-05-11 15:07:10,113 WARNING Retry 1/5 for 'PRJNA1014394' (full chain): elink backend error in linksetdbhistories: 'callMLink: Query failed on MegaLink server'
2026-05-11 15:07:12,530 WARNING Retry 1/5 for 'PRJNA881380' (full chain): elink backend error in linksetdbhistories: 'callMLink: Query failed on MegaLink server'
2026-05-11 15:07:13,421 WARNING Retry 1/5 for 'PRJNA544566' (full chain): elink backend error in linksetdbhistories: 'callMLink: Query failed on MegaLink server'
2026-05-11 15:07:13,647 WARNING Retry 1/5 for 'PRJNA881744' (full chain): elink backend error in linksetdbhistories: 'callMLink: Query failed on MegaLink server'
2026-05-11 15:07:13,685 WARNING Retry 1/5 for 'PRJNA1014407' (full chain): elink backend error in linksetdbhistories: 'callMLink: Query failed on MegaLink server'
2026-05-11 15:07:14,452 WARNING Retry 1/5 for 'PRJNA544957' (full chain): elink backend error in linksetdbhistories: 'callMLink: Query failed on MegaLink server'
2026-05-11 15:07:14,726 WARNING Retry 1/5 for 'PRJNA1140564' (full chain): elink backend error in linksetdbhistories: 'callMLink: Query failed on MegaLink server'
2026-05-11 15:07:14,862 WARNING Retry 1/5 for 'PRJNA882069' (full chain): elink backend error in linksetdbhistories: 'callMLink: Query failed on MegaLink server'
2026-05-11 15:07:18,603 WARNING Retry 1/5 for 'PRJNA545652' (full chain): elink backend error in linksetdbhistories: 'callMLink: Query failed on MegaLink server'
2026-05-11 15:07:18,651 WARNING Retry 1/5 for 'PRJNA1140879' (full chain): elink backend error in linksetdbhistories: 'callMLink: Query failed on MegaLink server'
2026-05-11 15:07:19,962 WARNING Retry 1/5 for 'PRJNA882403' (full chain): elink backend error in linksetdbhistories: 'callMLink: Query failed on MegaLink server'
2026-05-11 15:07:20,028 WARNING Retry 1/5 for 'PRJNA741522' (full chain): elink backend error in linksetdbhistories: 'callMLink: Query failed on MegaLink server'
2026-05-11 15:07:21,616 WARNING Retry 1/5 for 'PRJNA545730' (full chain): elink backend error in linksetdbhistories: 'callMLink: Query failed on MegaLink server'
2026-05-11 15:07:21,763 WARNING Retry 1/5 for 'PRJNA882398' (full chain): elink backend error in linksetdbhistories: 'callMLink: Query failed on MegaLink server'
2026-05-11 15:07:22,857 WARNING Retry 1/5 for 'PRJNA546000' (full chain): elink backend error in linksetdbhistories: 'callMLink: Query failed on MegaLink server'
2026-05-11 15:07:23,019 WARNING Retry 1/5 for 'PRJNA741996' (full chain): elink backend error in linksetdbhistories: 'callMLink: Query failed on MegaLink server'
2026-05-11 15:07:23,234 WARNING Retry 1/5 for 'PRJNA546020' (full chain): elink backend error in linksetdbhistories: 'callMLink: Query failed on MegaLink server'
2026-05-11 15:07:23,555 WARNING Retry 1/5 for 'PRJNA882668' (full chain): elink backend error in linksetdbhistories: 'callMLink: Query failed on MegaLink server'
2026-05-11 15:07:26,192 WARNING No SRA links found for 'PRJNA1141463'
2026-05-11 15:07:26,961 WARNING Retry 1/5 for 'PRJNA546271' (full chain): elink backend error in linksetdbhistories: 'callMLink: Query failed on MegaLink server'
2026-05-11 15:07:27,797 WARNING Retry 1/5 for 'PRJNA1067553' (full chain): elink backend error in linksetdbhistories: 'callMLink: Query failed on MegaLink server'
2026-05-11 15:07:30,103 WARNING Retry 1/5 for 'PRJNA882878' (full chain): elink backend error in linksetdbhistories: 'callMLink: Query failed on MegaLink server'
2026-05-11 15:07:31,678 WARNING Retry 1/5 for 'PRJNA548318' (full chain): elink backend error in linksetdbhistories: 'callMLink: Query failed on MegaLink server'
2026-05-11 15:07:32,962 WARNING Retry 1/5 for 'PRJNA1142029' (full chain): elink backend error in linksetdbhistories: 'callMLink: Query failed on MegaLink server'
2026-05-11 15:07:35,817 WARNING Retry 1/5 for 'PRJNA743437' (full chain): elink backend error in linksetdbhistories: 'callMLink: Query failed on MegaLink server'
2026-05-11 15:07:35,841 WARNING Retry 1/5 for 'PRJNA1016253' (full chain): elink backend error in linksetdbhistories: 'callMLink: Query failed on MegaLink server'
2026-05-11 15:07:36,240 WARNING Retry 1/5 for 'PRJNA743535' (full chain): elink backend error in linksetdbhistories: 'callMLink: Query failed on MegaLink server'
2026-05-11 15:07:39,029 WARNING Retry 1/5 for 'PRJNA793914' (full chain): elink backend error in linksetdbhistories: 'callMLink: Query failed on MegaLink server'
2026-05-11 15:07:39,907 WARNING Retry 1/5 for 'PRJNA795276' (full chain): elink backend error in linksetdbhistories: 'callMLink: Query failed on MegaLink server'
2026-05-11 15:07:43,623 WARNING Retry 1/5 for 'PRJNA759387' (full chain): elink backend error in linksetdbhistories: 'callMLink: Query failed on MegaLink server'
2026-05-11 15:07:45,243 WARNING Retry 1/5 for 'PRJNA1017865' (full chain): elink backend error in linksetdbhistories: 'callMLink: Query failed on MegaLink server'
2026-05-11 15:07:47,306 WARNING Retry 1/5 for 'PRJNA885309' (full chain): elink backend error in linksetdbhistories: 'callMLink: Query failed on MegaLink server'
2026-05-11 15:07:47,339 WARNING Retry 1/5 for 'PRJNA745465' (full chain): elink backend error in linksetdbhistories: 'callMLink: Query failed on MegaLink server'
2026-05-11 15:07:48,827 WARNING Retry 1/5 for 'PRJNA885430' (full chain): elink backend error in linksetdbhistories: 'callMLink: Query failed on MegaLink server'
2026-05-11 15:07:48,843 WARNING Retry 1/5 for 'PRJNA885418' (full chain): elink backend error in linksetdbhistories: 'callMLink: Query failed on MegaLink server'
2026-05-11 15:07:53,116 WARNING Retry 1/5 for 'PRJNA1018579' (full chain): elink backend error in linksetdbhistories: 'callMLink: Query failed on MegaLink server'
2026-05-11 15:07:54,211 WARNING Retry 1/5 for 'PRJNA746332' (full chain): elink backend error in linksetdbhistories: 'callMLink: Query failed on MegaLink server'
2026-05-11 15:07:54,287 WARNING Retry 1/5 for 'PRJNA819057' (full chain): elink backend error in linksetdbhistories: 'callMLink: Query failed on MegaLink server'
2026-05-11 15:07:56,781 WARNING Retry 1/5 for 'PRJNA746566' (full chain): elink backend error in linksetdbhistories: 'callMLink: Query failed on MegaLink server'
2026-05-11 15:07:57,044 WARNING Retry 1/5 for 'PRJNA1018898' (full chain): elink backend error in linksetdbhistories: 'callMLink: Query failed on MegaLink server'
2026-05-11 15:07:57,946 WARNING Retry 1/5 for 'PRJNA1018934' (full chain): elink backend error in linksetdbhistories: 'callMLink: Query failed on MegaLink server'
2026-05-11 15:07:57,989 WARNING Retry 1/5 for 'PRJNA830496' (full chain): elink backend error in linksetdbhistories: 'callMLink: Query failed on MegaLink server'
2026-05-11 15:07:59,481 WARNING Retry 1/5 for 'PRJNA886428' (full chain): elink backend error in linksetdbhistories: 'callMLink: Query failed on MegaLink server'
2026-05-11 15:08:00,148 WARNING Retry 1/5 for 'PRJNA886687' (full chain): elink backend error in linksetdbhistories: 'callMLink: Query failed on MegaLink server'
2026-05-11 15:08:00,229 WARNING Retry 1/5 for 'PRJNA1019240' (full chain): elink backend error in linksetdbhistories: 'callMLink: Query failed on MegaLink server'
2026-05-11 15:08:02,545 WARNING Retry 1/5 for 'PRJNA746994' (full chain): elink backend error in linksetdbhistories: 'callMLink: Query failed on MegaLink server'
2026-05-11 15:08:03,341 WARNING Retry 1/5 for 'PRJNA835590' (full chain): elink backend error in linksetdbhistories: 'callMLink: Query failed on MegaLink server'
2026-05-11 15:08:03,427 WARNING Retry 1/5 for 'PRJNA747695' (full chain): elink backend error in linksetdbhistories: 'callMLink: Query failed on MegaLink server'
2026-05-11 15:08:04,531 WARNING Retry 1/5 for 'PRJNA747702' (full chain): elink backend error in linksetdbhistories: 'callMLink: Query failed on MegaLink server'
2026-05-11 15:08:04,544 WARNING Retry 1/5 for 'PRJNA886980' (full chain): elink backend error in linksetdbhistories: 'callMLink: Query failed on MegaLink server'
2026-05-11 15:08:08,448 WARNING Retry 1/5 for 'PRJNA843087' (full chain): elink backend error in linksetdbhistories: 'callMLink: Query failed on MegaLink server'
2026-05-11 15:08:10,928 WARNING Retry 1/5 for 'PRJNA843856' (full chain): elink backend error in linksetdbhistories: 'callMLink: Query failed on MegaLink server'
2026-05-11 15:08:11,488 WARNING Retry 1/5 for 'PRJNA887720' (full chain): elink backend error in linksetdbhistories: 'callMLink: Query failed on MegaLink server'
2026-05-11 15:08:12,466 WARNING Retry 1/5 for 'PRJNA887414' (full chain): elink backend error in linksetdbhistories: 'callMLink: Query failed on MegaLink server'
2026-05-11 15:08:12,542 WARNING Retry 1/5 for 'PRJNA748669' (full chain): elink backend error in linksetdbhistories: 'callMLink: Query failed on MegaLink server'
2026-05-11 15:08:12,696 WARNING Retry 1/5 for 'PRJNA849722' (full chain): elink backend error in linksetdbhistories: 'callMLink: Query failed on MegaLink server'
2026-05-11 15:08:15,066 WARNING Retry 1/5 for 'PRJNA749015' (full chain): elink backend error in linksetdbhistories: 'callMLink: Query failed on MegaLink server'
2026-05-11 15:08:15,545 WARNING Retry 1/5 for 'PRJNA1020590' (full chain): elink backend error in linksetdbhistories: 'callMLink: Query failed on MegaLink server'
2026-05-11 15:08:15,863 WARNING Retry 1/5 for 'PRJNA749041' (full chain): elink backend error in linksetdbhistories: 'callMLink: Query failed on MegaLink server'
2026-05-11 15:08:16,053 WARNING Retry 1/5 for 'PRJNA1020891' (full chain): elink backend error in linksetdbhistories: 'callMLink: Query failed on MegaLink server'
2026-05-11 15:08:19,200 WARNING Retry 1/5 for 'PRJNA548532' (full chain): elink backend error in linksetdbhistories: 'callMLink: Query failed on MegaLink server'
2026-05-11 15:08:19,672 WARNING Retry 1/5 for 'PRJNA1020896' (full chain): elink backend error in linksetdbhistories: 'callMLink: Query failed on MegaLink server'
2026-05-11 15:08:20,379 WARNING Retry 1/5 for 'PRJNA861336' (full chain): elink backend error in linksetdbhistories: 'callMLink: Query failed on MegaLink server'
2026-05-11 15:08:20,473 WARNING Retry 1/5 for 'PRJNA1142407' (full chain): elink backend error in linksetdbhistories: 'callMLink: Query failed on MegaLink server'
2026-05-11 15:08:20,627 WARNING Retry 1/5 for 'PRJNA887819' (full chain): elink backend error in linksetdbhistories: 'callMLink: Query failed on MegaLink server'
2026-05-11 15:08:20,720 WARNING Retry 1/5 for 'PRJNA1142499' (full chain): elink backend error in linksetdbhistories: 'callMLink: Query failed on MegaLink server'
2026-05-11 15:08:20,757 WARNING Retry 1/5 for 'PRJNA749303' (full chain): elink backend error in linksetdbhistories: 'callMLink: Query failed on MegaLink server'
2026-05-11 15:08:21,783 WARNING Retry 1/5 for 'PRJNA861849' (full chain): elink backend error in linksetdbhistories: 'callMLink: Query failed on MegaLink server'
2026-05-11 15:08:24,604 WARNING Retry 1/5 for 'PRJNA888788' (full chain): elink backend error in linksetdbhistories: 'callMLink: Query failed on MegaLink server'
2026-05-11 15:08:25,694 WARNING Retry 1/5 for 'PRJNA1021257' (full chain): elink backend error in linksetdbhistories: 'callMLink: Query failed on MegaLink server'
2026-05-11 15:08:27,510 WARNING Retry 1/5 for 'PRJNA549081' (full chain): elink backend error in linksetdbhistories: 'callMLink: Query failed on MegaLink server'
2026-05-11 15:08:28,366 WARNING Retry 1/5 for 'PRJNA888802' (full chain): elink backend error in linksetdbhistories: 'callMLink: Query failed on MegaLink server'
2026-05-11 15:08:28,461 WARNING Retry 1/5 for 'PRJNA862451' (full chain): elink backend error in linksetdbhistories: 'callMLink: Query failed on MegaLink server'
2026-05-11 15:08:28,600 WARNING Retry 1/5 for 'PRJNA750048' (full chain): elink backend error in linksetdbhistories: 'callMLink: Query failed on MegaLink server'
2026-05-11 15:08:28,644 WARNING Retry 1/5 for 'PRJNA1021559' (full chain): elink backend error in linksetdbhistories: 'callMLink: Query failed on MegaLink server'
2026-05-11 15:08:28,703 WARNING Retry 1/5 for 'PRJNA750102' (full chain): elink backend error in linksetdbhistories: 'callMLink: Query failed on MegaLink server'
2026-05-11 15:08:30,955 WARNING Retry 1/5 for 'PRJNA871128' (full chain): elink backend error in linksetdbhistories: 'callMLink: Query failed on MegaLink server'
2026-05-11 15:08:31,583 WARNING Retry 1/5 for 'PRJNA889034' (full chain): elink backend error in linksetdbhistories: 'callMLink: Query failed on MegaLink server'
2026-05-11 15:08:33,051 WARNING Retry 1/5 for 'PRJNA750145' (full chain): elink backend error in linksetdbhistories: 'callMLink: Query failed on MegaLink server'
2026-05-11 15:08:33,185 WARNING Retry 1/5 for 'PRJNA549914' (full chain): elink backend error in linksetdbhistories: 'callMLink: Query failed on MegaLink server'
2026-05-11 15:08:34,207 WARNING Retry 1/5 for 'PRJNA750128' (full chain): elink backend error in linksetdbhistories: 'callMLink: Query failed on MegaLink server'
2026-05-11 15:08:35,425 WARNING Retry 1/5 for 'PRJNA1143044' (full chain): elink backend error in linksetdbhistories: 'callMLink: Query failed on MegaLink server'
2026-05-11 15:08:36,176 WARNING Retry 1/5 for 'PRJNA1021957' (full chain): elink backend error in linksetdbhistories: 'callMLink: Query failed on MegaLink server'
2026-05-11 15:08:36,331 WARNING Retry 1/5 for 'PRJNA750137' (full chain): elink backend error in linksetdbhistories: 'callMLink: Query failed on MegaLink server'
2026-05-11 15:08:36,932 WARNING Retry 1/5 for 'PRJNA750650' (full chain): elink backend error in linksetdbhistories: 'callMLink: Query failed on MegaLink server'
2026-05-11 15:08:41,589 WARNING Retry 1/5 for 'PRJNA890164' (full chain): elink backend error in linksetdbhistories: 'callMLink: Query failed on MegaLink server'
2026-05-11 15:08:41,617 WARNING Retry 1/5 for 'PRJNA885258' (full chain): elink backend error in linksetdbhistories: 'callMLink: Query failed on MegaLink server'
2026-05-11 15:08:41,624 WARNING Retry 1/5 for 'PRJNA1022036' (full chain): elink backend error in linksetdbhistories: 'callMLink: Query failed on MegaLink server'
2026-05-11 15:08:50,485 WARNING Retry 1/5 for 'PRJNA751229' (full chain): elink backend error in linksetdbhistories: 'callMLink: Query failed on MegaLink server'
2026-05-11 15:08:55,984 WARNING Retry 1/5 for 'PRJNA1144920' (full chain): elink backend error in linksetdbhistories: 'callMLink: Query failed on MegaLink server'
2026-05-11 15:08:58,910 WARNING Retry 1/5 for 'PRJNA1023245' (full chain): elink backend error in linksetdbhistories: 'callMLink: Query failed on MegaLink server'
2026-05-11 15:09:00,092 WARNING Retry 1/5 for 'PRJNA751615' (full chain): elink backend error in linksetdbhistories: 'callMLink: Query failed on MegaLink server'
2026-05-11 15:09:02,845 WARNING Retry 1/5 for 'PRJNA899867' (full chain): elink backend error in linksetdbhistories: 'callMLink: Query failed on MegaLink server'
2026-05-11 15:09:02,883 WARNING Retry 1/5 for 'PRJNA556609' (full chain): elink backend error in linksetdbhistories: 'callMLink: Query failed on MegaLink server'
2026-05-11 15:09:08,313 WARNING Retry 1/5 for 'PRJNA1145909' (full chain): elink backend error in linksetdbhistories: 'callMLink: Query failed on MegaLink server'
2026-05-11 15:09:10,193 WARNING Retry 1/5 for 'PRJNA558375' (full chain): elink backend error in linksetdbhistories: 'callMLink: Query failed on MegaLink server'
2026-05-11 15:09:13,773 WARNING Retry 1/5 for 'PRJNA892142' (full chain): elink backend error in linksetdbhistories: 'callMLink: Query failed on MegaLink server'
2026-05-11 15:09:15,881 WARNING Retry 1/5 for 'PRJNA1023958' (full chain): elink backend error in linksetdbhistories: 'callMLink: Query failed on MegaLink server'
2026-05-11 15:09:17,005 WARNING Retry 1/5 for 'PRJNA1146416' (full chain): elink backend error in linksetdbhistories: 'callMLink: Query failed on MegaLink server'
2026-05-11 15:09:18,084 WARNING Retry 1/5 for 'PRJNA911229' (full chain): elink backend error in linksetdbhistories: 'callMLink: Query failed on MegaLink server'
2026-05-11 15:09:21,839 WARNING Retry 1/5 for 'PRJNA892527' (full chain): elink backend error in linksetdbhistories: 'callMLink: Query failed on MegaLink server'
2026-05-11 15:09:22,146 WARNING Retry 1/5 for 'PRJNA892924' (full chain): elink backend error in linksetdbhistories: 'callMLink: Query failed on MegaLink server'
2026-05-11 15:09:22,196 WARNING Retry 1/5 for 'PRJNA1147184' (full chain): elink backend error in linksetdbhistories: 'callMLink: Query failed on MegaLink server'
2026-05-11 15:09:24,752 WARNING Retry 1/5 for 'PRJNA915621' (full chain): elink backend error in linksetdbhistories: 'callMLink: Query failed on MegaLink server'
2026-05-11 15:09:25,475 WARNING Retry 1/5 for 'PRJNA918416' (full chain): elink backend error in linksetdbhistories: 'callMLink: Query failed on MegaLink server'
2026-05-11 15:09:25,869 WARNING Retry 1/5 for 'PRJNA753828' (full chain): elink backend error in linksetdbhistories: 'callMLink: Query failed on MegaLink server'
2026-05-11 15:09:25,892 WARNING Retry 1/5 for 'PRJNA753832' (full chain): elink backend error in linksetdbhistories: 'callMLink: Query failed on MegaLink server'
2026-05-11 15:09:25,989 WARNING Retry 1/5 for 'PRJNA753477' (full chain): elink backend error in linksetdbhistories: 'callMLink: Query failed on MegaLink server'
2026-05-11 15:09:27,952 WARNING Retry 1/5 for 'PRJNA753861' (full chain): elink backend error in linksetdbhistories: 'callMLink: Query failed on MegaLink server'
2026-05-11 15:09:29,691 WARNING Retry 1/5 for 'PRJNA559801' (full chain): elink backend error in linksetdbhistories: 'callMLink: Query failed on MegaLink server'
2026-05-11 15:09:29,747 WARNING Retry 1/5 for 'PRJNA1147269' (full chain): elink backend error in linksetdbhistories: 'callMLink: Query failed on MegaLink server'
2026-05-11 15:09:29,765 WARNING Retry 1/5 for 'PRJNA1147658' (full chain): elink backend error in linksetdbhistories: 'callMLink: Query failed on MegaLink server'
2026-05-11 15:09:29,847 WARNING Retry 1/5 for 'PRJNA1147327' (full chain): elink backend error in linksetdbhistories: 'callMLink: Query failed on MegaLink server'
2026-05-11 15:09:29,911 WARNING Retry 1/5 for 'PRJNA753949' (full chain): elink backend error in linksetdbhistories: 'callMLink: Query failed on MegaLink server'
2026-05-11 15:09:29,987 WARNING Retry 1/5 for 'PRJNA893557' (full chain): elink backend error in linksetdbhistories: 'callMLink: Query failed on MegaLink server'
2026-05-11 15:09:30,808 WARNING Retry 1/5 for 'PRJNA893396' (full chain): elink backend error in linksetdbhistories: 'callMLink: Query failed on MegaLink server'
2026-05-11 15:09:31,193 WARNING Retry 1/5 for 'PRJNA754135' (full chain): elink backend error in linksetdbhistories: 'callMLink: Query failed on MegaLink server'
2026-05-11 15:09:33,874 WARNING Retry 1/5 for 'PRJNA893609' (full chain): elink backend error in linksetdbhistories: 'callMLink: Query failed on MegaLink server'
2026-05-11 15:09:33,931 WARNING Retry 1/5 for 'PRJNA754160' (full chain): elink backend error in linksetdbhistories: 'callMLink: Query failed on MegaLink server'
2026-05-11 15:09:33,983 WARNING Retry 1/5 for 'PRJNA561378' (full chain): elink backend error in linksetdbhistories: 'callMLink: Query failed on MegaLink server'
2026-05-11 15:09:34,099 WARNING Retry 1/5 for 'PRJNA1148035' (full chain): elink backend error in linksetdbhistories: 'callMLink: Query failed on MegaLink server'
2026-05-11 15:09:34,171 WARNING Retry 1/5 for 'PRJNA754190' (full chain): elink backend error in linksetdbhistories: 'callMLink: Query failed on MegaLink server'
2026-05-11 15:09:38,655 WARNING Retry 1/5 for 'PRJNA934186' (full chain): elink backend error in linksetdbhistories: 'callMLink: Query failed on MegaLink server'
2026-05-11 15:09:41,108 WARNING Retry 1/5 for 'PRJNA1148155' (full chain): elink backend error in linksetdbhistories: 'callMLink: Query failed on MegaLink server'
2026-05-11 15:09:41,146 WARNING Retry 1/5 for 'PRJNA754767' (full chain): elink backend error in linksetdbhistories: 'callMLink: Query failed on MegaLink server'
2026-05-11 15:09:41,647 WARNING Retry 1/5 for 'PRJNA935143' (full chain): elink backend error in linksetdbhistories: 'callMLink: Query failed on MegaLink server'
2026-05-11 15:09:42,613 WARNING Retry 1/5 for 'PRJNA932038' (full chain): elink backend error in linksetdbhistories: 'callMLink: Query failed on MegaLink server'
2026-05-11 15:09:42,658 WARNING Retry 1/5 for 'PRJNA894512' (full chain): elink backend error in linksetdbhistories: 'callMLink: Query failed on MegaLink server'
2026-05-11 15:09:42,676 WARNING Retry 1/5 for 'PRJNA563328' (full chain): elink backend error in linksetdbhistories: 'callMLink: Query failed on MegaLink server'
2026-05-11 15:09:42,830 WARNING Retry 1/5 for 'PRJNA1148487' (full chain): elink backend error in linksetdbhistories: 'callMLink: Query failed on MegaLink server'
2026-05-11 15:09:44,896 WARNING Retry 1/5 for 'PRJNA1148479' (full chain): elink backend error in linksetdbhistories: 'callMLink: Query failed on MegaLink server'
2026-05-11 15:09:46,913 WARNING Retry 1/5 for 'PRJNA1148642' (full chain): elink backend error in linksetdbhistories: 'callMLink: Query failed on MegaLink server'
2026-05-11 15:09:48,052 WARNING Retry 1/5 for 'PRJNA564275' (full chain): elink backend error in linksetdbhistories: 'callMLink: Query failed on MegaLink server'
2026-05-11 15:09:50,400 WARNING Retry 1/5 for 'PRJNA942977' (full chain): elink backend error in linksetdbhistories: 'callMLink: Query failed on MegaLink server'
2026-05-11 15:09:51,461 WARNING Retry 1/5 for 'PRJNA1148998' (full chain): elink backend error in linksetdbhistories: 'callMLink: Query failed on MegaLink server'
2026-05-11 15:09:51,508 WARNING Retry 1/5 for 'PRJNA895466' (full chain): elink backend error in linksetdbhistories: 'callMLink: Query failed on MegaLink server'
2026-05-11 15:09:55,835 WARNING Retry 1/5 for 'PRJNA896162' (full chain): elink backend error in linksetdbhistories: 'callMLink: Query failed on MegaLink server'
2026-05-11 15:09:59,885 WARNING Retry 1/5 for 'PRJNA954438' (full chain): elink backend error in linksetdbhistories: 'callMLink: Query failed on MegaLink server'
2026-05-11 15:10:01,005 WARNING Retry 1/5 for 'PRJNA896215' (full chain): elink backend error in linksetdbhistories: 'callMLink: Query failed on MegaLink server'
2026-05-11 15:10:01,339 WARNING No SRA links found for 'PRJNA1149772'
2026-05-11 15:10:05,383 WARNING Retry 1/5 for 'PRJNA568200' (full chain): elink backend error in linksetdbhistories: 'callMLink: Query failed on MegaLink server'
2026-05-11 15:10:08,262 WARNING Retry 1/5 for 'PRJNA573954' (full chain): elink backend error in linksetdbhistories: 'callMLink: Query failed on MegaLink server'
2026-05-11 15:10:08,265 WARNING Retry 1/5 for 'PRJNA963403' (full chain): elink backend error in linksetdbhistories: 'callMLink: Query failed on MegaLink server'
2026-05-11 15:10:12,126 WARNING Retry 1/5 for 'PRJNA1024448' (full chain): elink backend error in linksetdbhistories: 'callMLink: Query failed on MegaLink server'
2026-05-11 15:10:14,128 WARNING Retry 1/5 for 'PRJNA1024455' (full chain): elink backend error in linksetdbhistories: 'callMLink: Query failed on MegaLink server'
2026-05-11 15:10:14,826 WARNING Retry 1/5 for 'PRJNA1150494' (full chain): elink backend error in linksetdbhistories: 'callMLink: Query failed on MegaLink server'
2026-05-11 15:10:15,460 WARNING Retry 1/5 for 'PRJNA575752' (full chain): elink backend error in linksetdbhistories: 'callMLink: Query failed on MegaLink server'
2026-05-11 15:10:15,462 WARNING Retry 1/5 for 'PRJNA897928' (full chain): elink backend error in linksetdbhistories: 'callMLink: Query failed on MegaLink server'
2026-05-11 15:10:16,113 WARNING Retry 1/5 for 'PRJNA1024502' (full chain): elink backend error in linksetdbhistories: 'callMLink: Query failed on MegaLink server'
2026-05-11 15:10:17,410 WARNING Retry 1/5 for 'PRJNA970943' (full chain): elink backend error in linksetdbhistories: 'callMLink: Query failed on MegaLink server'
2026-05-11 15:10:19,384 WARNING Retry 1/5 for 'PRJNA1151063' (full chain): elink backend error in linksetdbhistories: 'callMLink: Query failed on MegaLink server'
2026-05-11 15:10:19,886 WARNING Retry 1/5 for 'PRJNA898265' (full chain): elink backend error in linksetdbhistories: 'callMLink: Query failed on MegaLink server'
2026-05-11 15:10:24,190 WARNING Retry 1/5 for 'PRJNA1151661' (full chain): elink backend error in linksetdbhistories: 'callMLink: Query failed on MegaLink server'
2026-05-11 15:10:25,251 WARNING Retry 1/5 for 'PRJNA758407' (full chain): elink backend error in linksetdbhistories: 'callMLink: Query failed on MegaLink server'
2026-05-11 15:10:32,741 WARNING Retry 1/5 for 'PRJNA986661' (full chain): elink backend error in linksetdbhistories: 'callMLink: Query failed on MegaLink server'
2026-05-11 15:10:32,852 WARNING Retry 1/5 for 'PRJNA988009' (full chain): elink backend error in linksetdbhistories: 'callMLink: Query failed on MegaLink server'
2026-05-11 15:10:34,010 WARNING Retry 1/5 for 'PRJNA577916' (full chain): elink backend error in linksetdbhistories: 'callMLink: Query failed on MegaLink server'
2026-05-11 15:10:35,681 WARNING Retry 1/5 for 'PRJNA1152563' (full chain): elink backend error in linksetdbhistories: 'callMLink: Query failed on MegaLink server'
2026-05-11 15:10:35,866 WARNING Retry 1/5 for 'PRJNA899114' (full chain): elink backend error in linksetdbhistories: 'callMLink: Query failed on MegaLink server'
2026-05-11 15:10:36,504 WARNING Retry 1/5 for 'PRJNA578356' (full chain): elink backend error in linksetdbhistories: 'callMLink: Query failed on MegaLink server'
2026-05-11 15:10:37,672 WARNING Retry 1/5 for 'PRJNA1026905' (full chain): elink backend error in linksetdbhistories: 'callMLink: Query failed on MegaLink server'
2026-05-11 15:10:39,795 WARNING Retry 1/5 for 'PRJNA993664' (full chain): elink backend error in linksetdbhistories: 'callMLink: Query failed on MegaLink server'
2026-05-11 15:10:40,643 WARNING Retry 1/5 for 'PRJNA1026954' (full chain): elink backend error in linksetdbhistories: 'callMLink: Query failed on MegaLink server'
2026-05-11 15:10:41,133 WARNING Retry 1/5 for 'PRJNA1026955' (full chain): elink backend error in linksetdbhistories: 'callMLink: Query failed on MegaLink server'
2026-05-11 15:10:41,799 WARNING Retry 1/5 for 'PRJNA899792' (full chain): elink backend error in linksetdbhistories: 'callMLink: Query failed on MegaLink server'
2026-05-11 15:10:45,099 WARNING Retry 1/5 for 'PRJNA899816' (full chain): elink backend error in linksetdbhistories: 'callMLink: Query failed on MegaLink server'
2026-05-11 15:10:49,304 WARNING Retry 1/5 for 'PRJNA1153376' (full chain): elink backend error in linksetdbhistories: 'callMLink: Query failed on MegaLink server'
2026-05-11 15:10:50,556 WARNING Retry 1/5 for 'PRJNA900196' (full chain): elink backend error in linksetdbhistories: 'callMLink: Query failed on MegaLink server'
2026-05-11 15:10:56,204 WARNING Retry 1/5 for 'PRJNA1027847' (full chain): elink backend error in linksetdbhistories: 'callMLink: Query failed on MegaLink server'
2026-05-11 15:10:57,464 WARNING Retry 1/5 for 'PRJNA900576' (full chain): elink backend error in linksetdbhistories: 'callMLink: Query failed on MegaLink server'
2026-05-11 15:11:00,245 WARNING Retry 1/5 for 'PRJNA900882' (full chain): elink backend error in linksetdbhistories: 'callMLink: Query failed on MegaLink server'
2026-05-11 15:11:00,363 WARNING Retry 1/5 for 'PRJNA1153994' (full chain): elink backend error in linksetdbhistories: 'callMLink: Query failed on MegaLink server'
2026-05-11 15:11:01,696 WARNING Retry 1/5 for 'PRJNA762077' (full chain): elink backend error in linksetdbhistories: 'callMLink: Query failed on MegaLink server'
2026-05-11 15:11:01,765 WARNING Retry 1/5 for 'PRJNA901009' (full chain): elink backend error in linksetdbhistories: 'callMLink: Query failed on MegaLink server'
2026-05-11 15:11:04,116 WARNING Retry 1/5 for 'PRJNA1012302' (full chain): elink backend error in linksetdbhistories: 'callMLink: Query failed on MegaLink server'
2026-05-11 15:11:08,357 WARNING Retry 1/5 for 'PRJNA763099' (full chain): elink backend error in linksetdbhistories: 'callMLink: Query failed on MegaLink server'
2026-05-11 15:11:10,238 WARNING Retry 1/5 for 'PRJNA1028557' (full chain): elink backend error in linksetdbhistories: 'callMLink: Query failed on MegaLink server'
2026-05-11 15:11:16,041 WARNING Retry 1/5 for 'PRJNA901378' (full chain): elink backend error in linksetdbhistories: 'callMLink: Query failed on MegaLink server'
2026-05-11 15:11:16,121 WARNING Retry 1/5 for 'PRJNA901402' (full chain): elink backend error in linksetdbhistories: 'callMLink: Query failed on MegaLink server'
2026-05-11 15:11:16,239 WARNING Retry 1/5 for 'PRJNA1029188' (full chain): elink backend error in linksetdbhistories: 'callMLink: Query failed on MegaLink server'
2026-05-11 15:11:16,244 WARNING Retry 1/5 for 'PRJNA1156027' (full chain): elink backend error in linksetdbhistories: 'callMLink: Query failed on MegaLink server'
2026-05-11 15:11:16,246 WARNING Retry 1/5 for 'PRJNA763217' (full chain): elink backend error in linksetdbhistories: 'callMLink: Query failed on MegaLink server'
2026-05-11 15:11:16,325 WARNING Retry 1/5 for 'PRJNA1155223' (full chain): elink backend error in linksetdbhistories: 'callMLink: Query failed on MegaLink server'
2026-05-11 15:11:19,438 WARNING Retry 1/5 for 'PRJNA1028971' (full chain): elink backend error in linksetdbhistories: 'callMLink: Query failed on MegaLink server'
2026-05-11 15:11:19,930 WARNING Retry 1/5 for 'PRJNA763905' (full chain): elink backend error in linksetdbhistories: 'callMLink: Query failed on MegaLink server'
2026-05-11 15:11:20,314 WARNING Retry 1/5 for 'PRJNA1022459' (full chain): elink backend error in linksetdbhistories: 'callMLink: Query failed on MegaLink server'
2026-05-11 15:11:20,413 WARNING Bad JSON from elink (content-type: application/json; charset=UTF-8): '{"header":{"type":"elink","version":"0.3"},"linksets":[{"dbfrom":"bioproject","ids":["1155708"],"linksetdbhistories":[{"dbto":"sra","linkname":"bioproject_sra","querykey":"2"},{"dbto":"sra","linkname
2026-05-11 15:11:20,413 WARNING Retry 1/5 for 'PRJNA1155708' (full chain): Invalid control character at: line 1 column 298 (char 297)
2026-05-11 15:11:20,449 WARNING Retry 1/5 for 'PRJNA1029000' (full chain): elink backend error in linksetdbhistories: 'callMLink: Query failed on MegaLink server'
2026-05-11 15:11:20,625 WARNING Retry 1/5 for 'PRJNA763224' (full chain): elink backend error in linksetdbhistories: 'callMLink: Query failed on MegaLink server'
2026-05-11 15:11:23,687 WARNING Retry 1/5 for 'PRJNA1156768' (full chain): elink backend error in linksetdbhistories: 'callMLink: Query failed on MegaLink server'
2026-05-11 15:11:23,811 WARNING Retry 1/5 for 'PRJNA1029607' (full chain): elink backend error in linksetdbhistories: 'callMLink: Query failed on MegaLink server'
2026-05-11 15:11:24,163 WARNING Retry 1/5 for 'PRJNA1029625' (full chain): elink backend error in linksetdbhistories: 'callMLink: Query failed on MegaLink server'
2026-05-11 15:11:24,205 WARNING Retry 1/5 for 'PRJNA1025905' (full chain): elink backend error in linksetdbhistories: 'callMLink: Query failed on MegaLink server'
2026-05-11 15:11:24,356 WARNING Retry 1/5 for 'PRJNA1029641' (full chain): elink backend error in linksetdbhistories: 'callMLink: Query failed on MegaLink server'
2026-05-11 15:11:24,583 WARNING Retry 1/5 for 'PRJNA1157768' (full chain): elink backend error in linksetdbhistories: 'callMLink: Query failed on MegaLink server'
2026-05-11 15:11:25,569 WARNING Bad JSON from elink (content-type: application/json; charset=UTF-8): '{"header":{"type":"elink","version":"0.3"},"linksets":[{"dbfrom":"bioproject","ids":["764084"],"linksetdbhistories":[{"dbto":"sra","linkname":"bioproject_sra","querykey":"2"},{"dbto":"sra","linkname"
2026-05-11 15:11:25,570 WARNING Retry 1/5 for 'PRJNA764084' (full chain): Invalid control character at: line 1 column 297 (char 296)
2026-05-11 15:11:26,172 WARNING Bad JSON from elink (content-type: application/json; charset=UTF-8): '{"header":{"type":"elink","version":"0.3"},"linksets":[{"dbfrom":"bioproject","ids":["764195"],"linksetdbhistories":[{"dbto":"sra","linkname":"bioproject_sra","ERROR":"callMLink: Failed MegaLink call
2026-05-11 15:11:26,172 WARNING Retry 1/5 for 'PRJNA764195' (full chain): Invalid control character at: line 1 column 235 (char 234)
2026-05-11 15:11:27,710 WARNING Retry 1/5 for 'PRJNA764524' (full chain): elink backend error in linksetdbhistories: 'callMLink: Query failed on MegaLink server'
2026-05-11 15:11:31,319 WARNING Retry 1/5 for 'PRJNA593826' (full chain): elink backend error in linksetdbhistories: 'callMLink: Query failed on MegaLink server'
2026-05-11 15:11:31,932 WARNING Retry 1/5 for 'PRJNA1030023' (full chain): elink backend error in linksetdbhistories: 'callMLink: Query failed on MegaLink server'
2026-05-11 15:11:32,051 WARNING Retry 1/5 for 'PRJNA1157844' (full chain): elink backend error in linksetdbhistories: 'callMLink: Query failed on MegaLink server'
2026-05-11 15:11:32,056 WARNING Retry 1/5 for 'PRJNA1030286' (full chain): elink backend error in linksetdbhistories: 'callMLink: Query failed on MegaLink server'
2026-05-11 15:11:32,100 WARNING Retry 1/5 for 'PRJNA1030004' (full chain): elink backend error in linksetdbhistories: 'callMLink: Query failed on MegaLink server'
2026-05-11 15:11:32,103 WARNING Retry 1/5 for 'PRJNA594724' (full chain): elink backend error in linksetdbhistories: 'callMLink: Query failed on MegaLink server'
2026-05-11 15:11:32,357 WARNING Retry 1/5 for 'PRJNA593825' (full chain): elink backend error in linksetdbhistories: 'callMLink: Query failed on MegaLink server'
2026-05-11 15:11:32,720 WARNING Bad JSON from elink (content-type: application/json; charset=UTF-8): '{"header":{"type":"elink","version":"0.3"},"linksets":[{"dbfrom":"bioproject","ids":["593861"],"linksetdbhistories":[{"dbto":"sra","linkname":"bioproject_sra","ERROR":"callMLink: Query failed on Mega
2026-05-11 15:11:32,721 WARNING Retry 1/5 for 'PRJNA593861' (full chain): Invalid control character at: line 1 column 335 (char 334)
2026-05-11 15:11:32,727 WARNING Bad JSON from elink (content-type: application/json; charset=UTF-8): '{"header":{"type":"elink","version":"0.3"},"linksets":[{"dbfrom":"bioproject","ids":["1157865"],"linksetdbhistories":[{"dbto":"sra","linkname":"bioproject_sra","ERROR":"callMLink: Query failed on Meg
2026-05-11 15:11:32,729 WARNING Retry 1/5 for 'PRJNA1157865' (full chain): Invalid control character at: line 1 column 336 (char 335)
2026-05-11 15:11:32,755 WARNING Bad JSON from elink (content-type: application/json; charset=UTF-8): '{"header":{"type":"elink","version":"0.3"},"linksets":[{"dbfrom":"bioproject","ids":["764733"],"linksetdbhistories":[{"dbto":"sra","linkname":"bioproject_sra","ERROR":"callMLink: Query failed on Mega
2026-05-11 15:11:32,756 WARNING Retry 1/5 for 'PRJNA764733' (full chain): Invalid control character at: line 1 column 335 (char 334)
2026-05-11 15:11:33,609 WARNING Retry 1/5 for 'PRJNA1043813' (full chain): elink backend error in linksetdbhistories: 'callMLink: Query failed on MegaLink server'
2026-05-11 15:11:36,448 WARNING Retry 1/5 for 'PRJNA595864' (full chain): elink backend error in linksetdbhistories: 'callMLink: Query failed on MegaLink server'
2026-05-11 15:11:36,811 WARNING Retry 1/5 for 'PRJNA1031140' (full chain): elink backend error in linksetdbhistories: 'callMLink: Query failed on MegaLink server'
2026-05-11 15:11:36,814 WARNING Bad JSON from elink (content-type: application/json; charset=UTF-8): '{"header":{"type":"elink","version":"0.3"},"linksets":[{"dbfrom":"bioproject","ids":["1033703"],"linksetdbhistories":[{"dbto":"sra","linkname":"bioproject_sra","ERROR":"callMLink: Failed MegaLink cal
2026-05-11 15:11:36,815 WARNING Retry 1/5 for 'PRJNA1033703' (full chain): Invalid control character at: line 1 column 236 (char 235)
2026-05-11 15:11:36,824 WARNING Retry 1/5 for 'PRJNA765023' (full chain): elink backend error in linksetdbhistories: 'callMLink: Query failed on MegaLink server'
2026-05-11 15:11:37,663 WARNING Retry 1/5 for 'PRJNA1031322' (full chain): elink backend error in linksetdbhistories: 'callMLink: Query failed on MegaLink server'
2026-05-11 15:11:40,260 WARNING Retry 1/5 for 'PRJNA1051284' (full chain): elink backend error in linksetdbhistories: 'callMLink: Query failed on MegaLink server'
2026-05-11 15:11:40,457 WARNING Retry 1/5 for 'PRJNA596465' (full chain): elink backend error in linksetdbhistories: 'callMLink: Query failed on MegaLink server'
2026-05-11 15:11:41,111 WARNING Retry 1/5 for 'PRJNA1158800' (full chain): elink backend error in linksetdbhistories: 'callMLink: Query failed on MegaLink server'
2026-05-11 15:11:42,416 WARNING Retry 1/5 for 'PRJNA596675' (full chain): elink backend error in linksetdbhistories: 'callMLink: Query failed on MegaLink server'
2026-05-11 15:11:43,228 WARNING Retry 1/5 for 'PRJNA765691' (full chain): elink backend error in linksetdbhistories: 'callMLink: Query failed on MegaLink server'
2026-05-11 15:11:44,304 WARNING Retry 1/5 for 'PRJNA766554' (full chain): elink backend error in linksetdbhistories: 'callMLink: Query failed on MegaLink server'
2026-05-11 15:11:44,318 WARNING Retry 1/5 for 'PRJNA1158868' (full chain): elink backend error in linksetdbhistories: 'callMLink: Query failed on MegaLink server'
2026-05-11 15:11:44,343 WARNING Retry 1/5 for 'PRJNA1049823' (full chain): elink backend error in linksetdbhistories: 'callMLink: Query failed on MegaLink server'
2026-05-11 15:11:44,727 WARNING Retry 1/5 for 'PRJNA766682' (full chain): elink backend error in linksetdbhistories: 'callMLink: Query failed on MegaLink server'
2026-05-11 15:11:44,816 WARNING Retry 1/5 for 'PRJNA1031681' (full chain): elink backend error in linksetdbhistories: 'callMLink: Query failed on MegaLink server'
2026-05-11 15:11:45,209 WARNING Retry 1/5 for 'PRJNA1055574' (full chain): elink backend error in linksetdbhistories: 'callMLink: Query failed on MegaLink server'
2026-05-11 15:11:48,481 WARNING Retry 1/5 for 'PRJNA1159356' (full chain): elink backend error in linksetdbhistories: 'callMLink: Query failed on MegaLink server'
2026-05-11 15:11:49,037 WARNING Retry 1/5 for 'PRJNA1159374' (full chain): elink backend error in linksetdbhistories: 'callMLink: Query failed on MegaLink server'
2026-05-11 15:11:49,049 WARNING Retry 1/5 for 'PRJNA1064628' (full chain): elink backend error in linksetdbhistories: 'callMLink: Query failed on MegaLink server'
2026-05-11 15:11:49,295 WARNING Retry 1/5 for 'PRJNA597471' (full chain): elink backend error in linksetdbhistories: 'callMLink: Query failed on MegaLink server'
2026-05-11 15:11:49,483 WARNING Retry 1/5 for 'PRJNA1032122' (full chain): elink backend error in linksetdbhistories: 'callMLink: Query failed on MegaLink server'
2026-05-11 15:11:49,626 WARNING Retry 1/5 for 'PRJNA597534' (full chain): elink backend error in linksetdbhistories: 'callMLink: Query failed on MegaLink server'
2026-05-11 15:11:49,646 WARNING Retry 1/5 for 'PRJNA1032112' (full chain): elink backend error in linksetdbhistories: 'callMLink: Query failed on MegaLink server'
2026-05-11 15:11:50,529 WARNING Retry 1/5 for 'PRJNA767285' (full chain): elink backend error in linksetdbhistories: 'callMLink: Query failed on MegaLink server'
2026-05-11 15:11:53,412 WARNING Retry 1/5 for 'PRJNA598224' (full chain): elink backend error in linksetdbhistories: 'callMLink: Query failed on MegaLink server'
2026-05-11 15:11:53,438 WARNING Retry 1/5 for 'PRJNA767066' (full chain): elink backend error in linksetdbhistories: 'callMLink: Query failed on MegaLink server'
2026-05-11 15:11:53,525 WARNING Retry 1/5 for 'PRJNA767420' (full chain): elink backend error in linksetdbhistories: 'callMLink: Query failed on MegaLink server'
2026-05-11 15:11:54,452 WARNING Retry 1/5 for 'PRJNA1067846' (full chain): elink backend error in linksetdbhistories: 'callMLink: Query failed on MegaLink server'
2026-05-11 15:11:54,884 WARNING Retry 1/5 for 'PRJNA835458' (full chain): elink backend error in linksetdbhistories: 'callMLink: Query failed on MegaLink server'
2026-05-11 15:11:56,962 WARNING Retry 1/5 for 'PRJNA598336' (full chain): elink backend error in linksetdbhistories: 'callMLink: Query failed on MegaLink server'
2026-05-11 15:11:57,217 WARNING Retry 1/5 for 'PRJNA767536' (full chain): elink backend error in linksetdbhistories: 'callMLink: Query failed on MegaLink server'
2026-05-11 15:11:58,615 WARNING Retry 1/5 for 'PRJNA598614' (full chain): elink backend error in linksetdbhistories: 'callMLink: Query failed on MegaLink server'
2026-05-11 15:11:59,734 WARNING Retry 1/5 for 'PRJNA598719' (full chain): elink backend error in linksetdbhistories: 'callMLink: Query failed on MegaLink server'
2026-05-11 15:12:00,695 WARNING Retry 1/5 for 'PRJNA1160814' (full chain): elink backend error in linksetdbhistories: 'callMLink: Query failed on MegaLink server'
2026-05-11 15:12:01,157 WARNING Retry 1/5 for 'PRJNA1032972' (full chain): elink backend error in linksetdbhistories: 'callMLink: Query failed on MegaLink server'
2026-05-11 15:12:01,277 WARNING Retry 1/5 for 'PRJNA599139' (full chain): elink backend error in linksetdbhistories: 'callMLink: Query failed on MegaLink server'
2026-05-11 15:12:01,371 WARNING Retry 1/5 for 'PRJNA767844' (full chain): elink backend error in linksetdbhistories: 'callMLink: Query failed on MegaLink server'
2026-05-11 15:12:01,382 WARNING Bad JSON from elink (content-type: application/json; charset=UTF-8): '{"header":{"type":"elink","version":"0.3"},"linksets":[{"dbfrom":"bioproject","ids":["767546"],"linksetdbhistories":[{"dbto":"sra","linkname":"bioproject_sra","ERROR":"callMLink: Query failed on Mega
2026-05-11 15:12:01,383 WARNING Retry 1/5 for 'PRJNA767546' (full chain): Invalid control character at: line 1 column 335 (char 334)
2026-05-11 15:12:01,444 WARNING Retry 1/5 for 'PRJNA767674' (full chain): elink backend error in linksetdbhistories: 'callMLink: Query failed on MegaLink server'
2026-05-11 15:12:02,342 WARNING Retry 1/5 for 'PRJNA1073528' (full chain): elink backend error in linksetdbhistories: 'callMLink: Query failed on MegaLink server'
2026-05-11 15:12:02,611 WARNING Retry 1/5 for 'PRJNA767856' (full chain): elink backend error in linksetdbhistories: 'callMLink: Query failed on MegaLink server'
2026-05-11 15:12:04,205 WARNING Retry 1/5 for 'PRJNA1033183' (full chain): elink backend error in linksetdbhistories: 'callMLink: Query failed on MegaLink server'
2026-05-11 15:12:05,277 WARNING Retry 1/5 for 'PRJNA1033588' (full chain): elink backend error in linksetdbhistories: 'callMLink: Query failed on MegaLink server'
2026-05-11 15:12:05,298 WARNING Retry 1/5 for 'PRJNA1160882' (full chain): elink backend error in linksetdbhistories: 'callMLink: Query failed on MegaLink server'
2026-05-11 15:12:05,391 WARNING Bad JSON from elink (content-type: application/json; charset=UTF-8): '{"header":{"type":"elink","version":"0.3"},"linksets":[{"dbfrom":"bioproject","ids":["767550"],"linksetdbhistories":[{"dbto":"sra","linkname":"bioproject_sra","querykey":"2"},{"dbto":"sra","linkname"
2026-05-11 15:12:05,392 WARNING Retry 1/5 for 'PRJNA767550' (full chain): Invalid control character at: line 1 column 297 (char 296)
2026-05-11 15:12:05,414 WARNING Retry 1/5 for 'PRJNA1161178' (full chain): elink backend error in linksetdbhistories: 'callMLink: Query failed on MegaLink server'
2026-05-11 15:12:05,477 WARNING Bad JSON from elink (content-type: application/json; charset=UTF-8): '{"header":{"type":"elink","version":"0.3"},"linksets":[{"dbfrom":"bioproject","ids":["599155"],"linksetdbhistories":[{"dbto":"sra","linkname":"bioproject_sra","querykey":"2"},{"dbto":"sra","linkname"
2026-05-11 15:12:05,478 WARNING Retry 1/5 for 'PRJNA599155' (full chain): Invalid control character at: line 1 column 297 (char 296)
2026-05-11 15:12:05,481 WARNING Bad JSON from elink (content-type: application/json; charset=UTF-8): '{"header":{"type":"elink","version":"0.3"},"linksets":[{"dbfrom":"bioproject","ids":["767653"],"linksetdbhistories":[{"dbto":"sra","linkname":"bioproject_sra","querykey":"2"},{"dbto":"sra","linkname"
2026-05-11 15:12:05,482 WARNING Retry 1/5 for 'PRJNA767653' (full chain): Invalid control character at: line 1 column 297 (char 296)
2026-05-11 15:12:05,491 WARNING Bad JSON from elink (content-type: application/json; charset=UTF-8): '{"header":{"type":"elink","version":"0.3"},"linksets":[{"dbfrom":"bioproject","ids":["1160875"],"linksetdbhistories":[{"dbto":"sra","linkname":"bioproject_sra","querykey":"2"},{"dbto":"sra","linkname
2026-05-11 15:12:05,492 WARNING Retry 1/5 for 'PRJNA1160875' (full chain): Invalid control character at: line 1 column 298 (char 297)
2026-05-11 15:12:05,557 WARNING Retry 1/5 for 'PRJNA1160890' (full chain): elink backend error in linksetdbhistories: 'callMLink: Query failed on MegaLink server'
2026-05-11 15:12:09,610 WARNING Bad JSON from elink (content-type: application/json; charset=UTF-8): '{"header":{"type":"elink","version":"0.3"},"linksets":[{"dbfrom":"bioproject","ids":["1033344"],"linksetdbhistories":[{"dbto":"sra","linkname":"bioproject_sra","querykey":"2"},{"dbto":"sra","linkname
2026-05-11 15:12:09,610 WARNING Retry 1/5 for 'PRJNA1033344' (full chain): Invalid control character at: line 1 column 298 (char 297)
2026-05-11 15:33:26,791 WARNING Retry 1/5 for 'PRJNA1334415' (full chain): Client error '429 Too Many Requests' for url 'https://eutils.ncbi.nlm.nih.gov/entrez/eutils/efetch.fcgi?db=sra&WebEnv=MCID_6a01db676cd53ec473013c7c&query_key=3&rettype=runinfo&retmode=text&api_key=61e038518e781de982cddacff077ec29ae09'
For more information check: https://developer.mozilla.org/en-US/docs/Web/HTTP/Status/429
2026-05-11 15:34:21,948 WARNING Retry 1/5 for 'PRJNA517508' (full chain): Server error '500 Internal Server Error' for url 'https://eutils.ncbi.nlm.nih.gov/entrez/eutils/efetch.fcgi?db=sra&WebEnv=MCID_6a01db8b4cd86f786706d19b&query_key=3&rettype=runinfo&retmode=text&api_key=61e038518e781de982cddacff077ec29ae09'
For more information check: https://developer.mozilla.org/en-US/docs/Web/HTTP/Status/500
2026-05-11 15:35:05,927 WARNING Retry 1/5 for 'PRJNA1012805' (full chain): elink backend error in linksetdbhistories: 'callMLink: Query failed on MegaLink server'
2026-05-11 15:35:08,571 WARNING Retry 1/5 for 'PRJNA1138785' (full chain): elink backend error in linksetdbhistories: 'callMLink: Query failed on MegaLink server'
2026-05-11 15:40:19,836 WARNING Retry 2/5 for 'PRJNA1076139' (full chain): elink backend error in linksetdbhistories: 'callMLink: Query failed on MegaLink server'
2026-05-11 15:40:19,889 WARNING Retry 2/5 for 'PRJNA903159' (full chain): elink backend error in linksetdbhistories: 'callMLink: Query failed on MegaLink server'
2026-05-11 15:40:22,095 WARNING Retry 2/5 for 'PRJNA1040180' (full chain): elink backend error in linksetdbhistories: 'callMLink: Query failed on MegaLink server'
2026-05-11 15:40:28,224 WARNING Retry 2/5 for 'PRJNA1044045' (full chain): elink backend error in linksetdbhistories: 'callMLink: Query failed on MegaLink server'
2026-05-11 15:40:28,406 WARNING Retry 2/5 for 'PRJNA909608' (full chain): elink backend error in linksetdbhistories: 'callMLink: Query failed on MegaLink server'
2026-05-11 15:40:29,617 WARNING Retry 2/5 for 'PRJNA768275' (full chain): elink backend error in linksetdbhistories: 'callMLink: Query failed on MegaLink server'
2026-05-11 15:40:29,703 WARNING Retry 2/5 for 'PRJNA1045693' (full chain): elink backend error in linksetdbhistories: 'callMLink: Query failed on MegaLink server'
2026-05-11 15:40:31,055 WARNING Retry 2/5 for 'PRJNA774795' (full chain): elink backend error in linksetdbhistories: 'callMLink: Query failed on MegaLink server'
2026-05-11 15:40:33,367 WARNING Retry 2/5 for 'PRJNA613275' (full chain): elink backend error in linksetdbhistories: 'callMLink: Query failed on MegaLink server'
2026-05-11 15:40:35,263 WARNING Retry 2/5 for 'PRJNA1048387' (full chain): elink backend error in linksetdbhistories: 'callMLink: Query failed on MegaLink server'
2026-05-11 15:40:35,683 WARNING Retry 2/5 for 'PRJNA613927' (full chain): elink backend error in linksetdbhistories: 'callMLink: Query failed on MegaLink server'
2026-05-11 15:40:37,372 WARNING Retry 2/5 for 'PRJNA623424' (full chain): elink backend error in linksetdbhistories: 'callMLink: Query failed on MegaLink server'
2026-05-11 15:40:37,687 WARNING Retry 2/5 for 'PRJNA912182' (full chain): elink backend error in linksetdbhistories: 'callMLink: Query failed on MegaLink server'
2026-05-11 15:40:38,655 WARNING Retry 2/5 for 'PRJNA778207' (full chain): elink backend error in linksetdbhistories: 'callMLink: Query failed on MegaLink server'
2026-05-11 15:40:40,910 WARNING Retry 2/5 for 'PRJNA1177493' (full chain): elink backend error in linksetdbhistories: 'callMLink: Query failed on MegaLink server'
2026-05-11 15:40:41,230 WARNING Retry 2/5 for 'PRJNA1048937' (full chain): elink backend error in linksetdbhistories: 'callMLink: Query failed on MegaLink server'
2026-05-11 15:40:45,814 WARNING Retry 2/5 for 'PRJNA624779' (full chain): elink backend error in linksetdbhistories: 'callMLink: Query failed on MegaLink server'
2026-05-11 15:40:45,817 WARNING Retry 2/5 for 'PRJNA1171021' (full chain): elink backend error in linksetdbhistories: 'callMLink: Query failed on MegaLink server'
2026-05-11 15:40:45,849 WARNING Bad JSON from elink (content-type: application/json; charset=UTF-8): '{"header":{"type":"elink","version":"0.3"},"linksets":[{"dbfrom":"bioproject","ids":["624651"],"linksetdbhistories":[{"dbto":"sra","linkname":"bioproject_sra","querykey":"2"},{"dbto":"sra","linkname"
2026-05-11 15:40:45,853 WARNING Retry 2/5 for 'PRJNA624651' (full chain): Invalid control character at: line 1 column 297 (char 296)
2026-05-11 15:40:50,925 WARNING Retry 2/5 for 'PRJNA1050597' (full chain): elink backend error in linksetdbhistories: 'callMLink: Query failed on MegaLink server'
2026-05-11 15:40:53,892 WARNING Retry 2/5 for 'PRJNA915640' (full chain): elink backend error in linksetdbhistories: 'callMLink: Query failed on MegaLink server'
2026-05-11 15:40:53,925 WARNING Bad JSON from elink (content-type: application/json; charset=UTF-8): '{"header":{"type":"elink","version":"0.3"},"linksets":[{"dbfrom":"bioproject","ids":["779447"],"linksetdbhistories":[{"dbto":"sra","linkname":"bioproject_sra","ERROR":"callMLink: Failed MegaLink call
2026-05-11 15:40:53,927 WARNING Retry 2/5 for 'PRJNA779447' (full chain): Invalid control character at: line 1 column 235 (char 234)
2026-05-11 15:40:57,958 WARNING Bad JSON from elink (content-type: application/json; charset=UTF-8): '{"header":{"type":"elink","version":"0.3"},"linksets":[{"dbfrom":"bioproject","ids":["781914"],"linksetdbhistories":[{"dbto":"sra","linkname":"bioproject_sra","ERROR":"callMLink: Query failed on Mega
2026-05-11 15:40:57,959 WARNING Retry 2/5 for 'PRJNA781914' (full chain): Invalid control character at: line 1 column 335 (char 334)
2026-05-11 15:40:58,078 WARNING Bad JSON from elink (content-type: application/json; charset=UTF-8): '{"header":{"type":"elink","version":"0.3"},"linksets":[{"dbfrom":"bioproject","ids":["915078"],"linksetdbhistories":[{"dbto":"sra","linkname":"bioproject_sra","ERROR":"callMLink: Failed MegaLink call
2026-05-11 15:40:58,079 WARNING Retry 2/5 for 'PRJNA915078' (full chain): Invalid control character at: line 1 column 235 (char 234)
2026-05-11 15:41:05,821 WARNING Retry 2/5 for 'PRJNA1265861' (full chain): elink backend error in linksetdbhistories: 'callMLink: Query failed on MegaLink server'
2026-05-11 15:41:06,111 WARNING Retry 2/5 for 'PRJNA1263897' (full chain): elink backend error in linksetdbhistories: 'callMLink: Query failed on MegaLink server'
2026-05-11 15:41:06,299 WARNING Bad JSON from elink (content-type: application/json; charset=UTF-8): '{"header":{"type":"elink","version":"0.3"},"linksets":[{"dbfrom":"bioproject","ids":["918417"],"linksetdbhistories":[{"dbto":"sra","linkname":"bioproject_sra","ERROR":"callMLink: Failed MegaLink call
2026-05-11 15:41:06,300 WARNING Retry 2/5 for 'PRJNA918417' (full chain): Invalid control character at: line 1 column 235 (char 234)
2026-05-11 15:41:06,393 WARNING Retry 2/5 for 'PRJNA921879' (full chain): elink backend error in linksetdbhistories: 'callMLink: Query failed on MegaLink server'
2026-05-11 15:41:09,417 WARNING Retry 2/5 for 'PRJNA923805' (full chain): elink backend error in linksetdbhistories: 'callMLink: Query failed on MegaLink server'
2026-05-11 15:41:10,382 WARNING Bad JSON from elink (content-type: application/json; charset=UTF-8): '{"header":{"type":"elink","version":"0.3"},"linksets":[{"dbfrom":"bioproject","ids":["922897"],"linksetdbhistories":[{"dbto":"sra","linkname":"bioproject_sra","ERROR":"callMLink: Query failed on Mega
2026-05-11 15:41:10,383 WARNING Retry 2/5 for 'PRJNA922897' (full chain): Invalid control character at: line 1 column 335 (char 334)
2026-05-11 15:41:11,618 WARNING Retry 2/5 for 'PRJNA1285998' (full chain): elink backend error in linksetdbhistories: 'callMLink: Query failed on MegaLink server'
2026-05-11 15:41:14,349 WARNING Bad JSON from elink (content-type: application/json; charset=UTF-8): '{"header":{"type":"elink","version":"0.3"},"linksets":[{"dbfrom":"bioproject","ids":["1273890"],"linksetdbhistories":[{"dbto":"sra","linkname":"bioproject_sra","querykey":"2"},{"dbto":"sra","linkname
2026-05-11 15:41:14,350 WARNING Retry 2/5 for 'PRJNA1273890' (full chain): Invalid control character at: line 1 column 298 (char 297)
2026-05-11 15:41:14,413 WARNING Bad JSON from elink (content-type: application/json; charset=UTF-8): '{"header":{"type":"elink","version":"0.3"},"linksets":[{"dbfrom":"bioproject","ids":["922998"],"linksetdbhistories":[{"dbto":"sra","linkname":"bioproject_sra","ERROR":"callMLink: Failed MegaLink call
2026-05-11 15:41:14,413 WARNING Retry 2/5 for 'PRJNA922998' (full chain): Invalid control character at: line 1 column 235 (char 234)
2026-05-11 15:41:16,691 WARNING Retry 2/5 for 'PRJNA631752' (full chain): elink backend error in linksetdbhistories: 'callMLink: Query failed on MegaLink server'
2026-05-11 15:41:18,546 WARNING Bad JSON from elink (content-type: application/json; charset=UTF-8): '{"header":{"type":"elink","version":"0.3"},"linksets":[{"dbfrom":"bioproject","ids":["785801"],"linksetdbhistories":[{"dbto":"sra","linkname":"bioproject_sra","ERROR":"callMLink: Failed MegaLink call
2026-05-11 15:41:18,547 WARNING Retry 2/5 for 'PRJNA785801' (full chain): Invalid control character at: line 1 column 235 (char 234)
2026-05-11 15:41:19,962 WARNING Retry 2/5 for 'PRJNA633387' (full chain): elink backend error in linksetdbhistories: 'callMLink: Query failed on MegaLink server'
2026-05-11 15:41:21,563 WARNING Retry 2/5 for 'PRJNA1365505' (full chain): elink backend error in linksetdbhistories: 'callMLink: Query failed on MegaLink server'
2026-05-11 15:41:22,609 WARNING Bad JSON from elink (content-type: application/json; charset=UTF-8): '{"header":{"type":"elink","version":"0.3"},"linksets":[{"dbfrom":"bioproject","ids":["787272"],"linksetdbhistories":[{"dbto":"sra","linkname":"bioproject_sra","ERROR":"callMLink: Failed MegaLink call
2026-05-11 15:41:22,610 WARNING Retry 2/5 for 'PRJNA787272' (full chain): Invalid control character at: line 1 column 235 (char 234)
2026-05-11 15:41:28,425 WARNING Retry 2/5 for 'PRJNA634529' (full chain): 
2026-05-11 15:41:30,816 WARNING Retry 2/5 for 'PRJNA1192295' (full chain): elink backend error in linksetdbhistories: 'callMLink: Query failed on MegaLink server'
2026-05-11 15:41:30,820 WARNING Retry 2/5 for 'PRJNA577794' (full chain): elink backend error in linksetdbhistories: 'callMLink: Query failed on MegaLink server'
2026-05-11 15:41:36,765 WARNING Retry 2/5 for 'PRJNA604573' (full chain): elink backend error in linksetdbhistories: 'callMLink: Query failed on MegaLink server'
2026-05-11 15:41:38,117 WARNING Bad JSON from elink (content-type: application/json; charset=UTF-8): '{"header":{"type":"elink","version":"0.3"},"linksets":[{"dbfrom":"bioproject","ids":["934315"],"linksetdbhistories":[{"dbto":"sra","linkname":"bioproject_sra","ERROR":"callMLink: Failed MegaLink call
2026-05-11 15:41:38,118 WARNING Retry 2/5 for 'PRJNA934315' (full chain): Invalid control character at: line 1 column 235 (char 234)
2026-05-11 15:41:39,028 WARNING Bad JSON from elink (content-type: application/json; charset=UTF-8): '{"header":{"type":"elink","version":"0.3"},"linksets":[{"dbfrom":"bioproject","ids":["795652"],"linksetdbhistories":[{"dbto":"sra","linkname":"bioproject_sra","ERROR":"callMLink: Failed MegaLink call
2026-05-11 15:41:39,028 WARNING Retry 2/5 for 'PRJNA795652' (full chain): Invalid control character at: line 1 column 235 (char 234)
2026-05-11 15:41:39,042 WARNING No SRA links found for 'PRJNA641428'
2026-05-11 15:41:39,245 WARNING Bad JSON from elink (content-type: application/json; charset=UTF-8): '{"header":{"type":"elink","version":"0.3"},"linksets":[{"dbfrom":"bioproject","ids":["796328"],"linksetdbhistories":[{"dbto":"sra","linkname":"bioproject_sra","ERROR":"callMLink: Failed MegaLink call
2026-05-11 15:41:39,245 WARNING Retry 2/5 for 'PRJNA796328' (full chain): Invalid control character at: line 1 column 235 (char 234)
2026-05-11 15:41:42,036 WARNING Bad JSON from elink (content-type: application/json; charset=UTF-8): '{"header":{"type":"elink","version":"0.3"},"linksets":[{"dbfrom":"bioproject","ids":["1064909"],"linksetdbhistories":[{"dbto":"sra","linkname":"bioproject_sra","querykey":"2"},{"dbto":"sra","linkname
2026-05-11 15:41:42,037 WARNING Retry 2/5 for 'PRJNA1064909' (full chain): Invalid control character at: line 1 column 298 (char 297)
2026-05-11 15:41:42,273 WARNING No SRA links found for 'PRJNA641440'
2026-05-11 15:41:43,478 WARNING No SRA links found for 'PRJNA641434'
2026-05-11 15:41:44,991 WARNING Bad JSON from elink (content-type: application/json; charset=UTF-8): '{"header":{"type":"elink","version":"0.3"},"linksets":[{"dbfrom":"bioproject","ids":["1065377"],"linksetdbhistories":[{"dbto":"sra","linkname":"bioproject_sra","ERROR":"callMLink: Failed MegaLink cal
2026-05-11 15:41:44,993 WARNING Retry 2/5 for 'PRJNA1065377' (full chain): Invalid control character at: line 1 column 236 (char 235)
2026-05-11 15:41:47,113 WARNING Retry 2/5 for 'PRJNA1198872' (full chain): elink backend error in linksetdbhistories: 'callMLink: Query failed on MegaLink server'
2026-05-11 15:41:47,230 WARNING Retry 2/5 for 'PRJNA642837' (full chain): elink backend error in linksetdbhistories: 'callMLink: Query failed on MegaLink server'
2026-05-11 15:41:47,559 WARNING Bad JSON from elink (content-type: application/json; charset=UTF-8): '{"header":{"type":"elink","version":"0.3"},"linksets":[{"dbfrom":"bioproject","ids":["612627"],"linksetdbhistories":[{"dbto":"sra","linkname":"bioproject_sra","ERROR":"callMLink: Failed MegaLink call
2026-05-11 15:41:47,559 WARNING Retry 2/5 for 'PRJNA612627' (full chain): Invalid control character at: line 1 column 235 (char 234)
2026-05-11 15:41:47,729 WARNING Retry 2/5 for 'PRJNA1066327' (full chain): elink backend error in linksetdbhistories: 'callMLink: Query failed on MegaLink server'
2026-05-11 15:41:49,541 WARNING Retry 2/5 for 'PRJNA660827' (full chain): elink backend error in linksetdbhistories: 'callMLink: Query failed on MegaLink server'
2026-05-11 15:41:50,416 WARNING Bad JSON from elink (content-type: application/json; charset=UTF-8): '{"header":{"type":"elink","version":"0.3"},"linksets":[{"dbfrom":"bioproject","ids":["650549"],"linksetdbhistories":[{"dbto":"sra","linkname":"bioproject_sra","ERROR":"callMLink: Failed MegaLink call
2026-05-11 15:41:50,417 WARNING Retry 2/5 for 'PRJNA650549' (full chain): Invalid control character at: line 1 column 235 (char 234)
2026-05-11 15:41:50,729 WARNING Retry 2/5 for 'PRJNA642164' (full chain): elink backend error in linksetdbhistories: 'callMLink: Query failed on MegaLink server'
2026-05-11 15:41:51,331 WARNING Retry 2/5 for 'PRJNA644294' (full chain): elink backend error in linksetdbhistories: 'callMLink: Query failed on MegaLink server'
2026-05-11 15:41:51,351 WARNING Bad JSON from elink (content-type: application/json; charset=UTF-8): '{"header":{"type":"elink","version":"0.3"},"linksets":[{"dbfrom":"bioproject","ids":["799059"],"linksetdbhistories":[{"dbto":"sra","linkname":"bioproject_sra","querykey":"2"},{"dbto":"sra","linkname"
2026-05-11 15:41:51,352 WARNING Retry 2/5 for 'PRJNA799059' (full chain): Invalid control character at: line 1 column 297 (char 296)
2026-05-11 15:41:52,328 WARNING Retry 2/5 for 'PRJNA1068607' (full chain): elink backend error in linksetdbhistories: 'callMLink: Query failed on MegaLink server'
2026-05-11 15:41:53,345 WARNING Bad JSON from elink (content-type: application/json; charset=UTF-8): '{"header":{"type":"elink","version":"0.3"},"linksets":[{"dbfrom":"bioproject","ids":["644787"],"linksetdbhistories":[{"dbto":"sra","linkname":"bioproject_sra","querykey":"2"},{"dbto":"sra","linkname"
2026-05-11 15:41:53,346 WARNING Retry 2/5 for 'PRJNA644787' (full chain): Invalid control character at: line 1 column 297 (char 296)
2026-05-11 15:41:54,140 WARNING Retry 2/5 for 'PRJNA668200' (full chain): elink backend error in linksetdbhistories: 'callMLink: Query failed on MegaLink server'
2026-05-11 15:41:54,314 WARNING Retry 2/5 for 'PRJNA936175' (full chain): elink backend error in linksetdbhistories: 'callMLink: Query failed on MegaLink server'
2026-05-11 15:41:55,521 WARNING Bad JSON from elink (content-type: application/json; charset=UTF-8): '{"header":{"type":"elink","version":"0.3"},"linksets":[{"dbfrom":"bioproject","ids":["662018"],"linksetdbhistories":[{"dbto":"sra","linkname":"bioproject_sra","ERROR":"callMLink: Failed MegaLink call
2026-05-11 15:41:55,522 WARNING Retry 2/5 for 'PRJNA662018' (full chain): Invalid control character at: line 1 column 235 (char 234)
2026-05-11 15:41:58,824 WARNING Retry 2/5 for 'PRJNA1206712' (full chain): elink backend error in linksetdbhistories: 'callMLink: Query failed on MegaLink server'
2026-05-11 15:41:58,973 WARNING Retry 2/5 for 'PRJNA1206157' (full chain): elink backend error in linksetdbhistories: 'callMLink: Query failed on MegaLink server'
2026-05-11 15:42:00,250 WARNING Retry 2/5 for 'PRJNA938750' (full chain): elink backend error in linksetdbhistories: 'callMLink: Query failed on MegaLink server'
2026-05-11 15:42:00,317 WARNING Retry 2/5 for 'PRJNA1071152' (full chain): elink backend error in linksetdbhistories: 'callMLink: Query failed on MegaLink server'
2026-05-11 15:42:03,633 WARNING Retry 2/5 for 'PRJNA806200' (full chain): elink backend error in linksetdbhistories: 'callMLink: Query failed on MegaLink server'
2026-05-11 15:42:03,643 WARNING Bad JSON from elink (content-type: application/json; charset=UTF-8): '{"header":{"type":"elink","version":"0.3"},"linksets":[{"dbfrom":"bioproject","ids":["938499"],"linksetdbhistories":[{"dbto":"sra","linkname":"bioproject_sra","ERROR":"callMLink: Query failed on Mega
2026-05-11 15:42:03,643 WARNING Retry 2/5 for 'PRJNA938499' (full chain): Invalid control character at: line 1 column 335 (char 334)
2026-05-11 15:42:03,659 WARNING Retry 2/5 for 'PRJNA1068057' (full chain): elink backend error in linksetdbhistories: 'callMLink: Query failed on MegaLink server'
2026-05-11 15:42:03,790 WARNING Retry 2/5 for 'PRJNA1073249' (full chain): Client error '429 Too Many Requests' for url 'https://eutils.ncbi.nlm.nih.gov/entrez/eutils/elink.fcgi?dbfrom=bioproject&db=sra&WebEnv=MCID_6a01e5ae00f465af050dd237&query_key=1&cmd=neighbor_history&retmode=json&api_key=61e038518e781de982cddacff077ec29ae09'
For more information check: https://developer.mozilla.org/en-US/docs/Web/HTTP/Status/429
2026-05-11 15:42:03,795 WARNING Retry 2/5 for 'PRJNA1071159' (full chain): elink backend error in linksetdbhistories: 'callMLink: Query failed on MegaLink server'
2026-05-11 15:42:04,169 WARNING Retry 2/5 for 'PRJNA805109' (full chain): elink backend error in linksetdbhistories: 'callMLink: Query failed on MegaLink server'
2026-05-11 15:42:04,215 WARNING Retry 2/5 for 'PRJNA940107' (full chain): elink backend error in linksetdbhistories: 'callMLink: Query failed on MegaLink server'
2026-05-11 15:42:06,709 WARNING Retry 2/5 for 'PRJNA1073532' (full chain): elink backend error in linksetdbhistories: 'callMLink: Query failed on MegaLink server'
2026-05-11 15:42:07,035 WARNING Retry 2/5 for 'PRJNA656248' (full chain): elink backend error in linksetdbhistories: 'callMLink: Query failed on MegaLink server'
2026-05-11 15:42:07,942 WARNING Retry 2/5 for 'PRJNA737188' (full chain): elink backend error in linksetdbhistories: 'callMLink: Query failed on MegaLink server'
2026-05-11 15:42:11,924 WARNING Retry 2/5 for 'PRJNA1076495' (full chain): elink backend error in linksetdbhistories: 'callMLink: Query failed on MegaLink server'
2026-05-11 15:42:12,002 WARNING Retry 2/5 for 'PRJNA1080578' (full chain): elink backend error in linksetdbhistories: 'callMLink: Query failed on MegaLink server'
2026-05-11 15:42:12,020 WARNING Retry 2/5 for 'PRJNA949613' (full chain): elink backend error in linksetdbhistories: 'callMLink: Query failed on MegaLink server'
2026-05-11 15:42:15,643 WARNING Retry 2/5 for 'PRJNA952660' (full chain): elink backend error in linksetdbhistories: 'callMLink: Query failed on MegaLink server'
2026-05-11 15:42:15,648 WARNING Retry 2/5 for 'PRJNA662927' (full chain): elink backend error in linksetdbhistories: 'callMLink: Query failed on MegaLink server'
2026-05-11 15:42:16,911 WARNING Bad JSON from elink (content-type: application/json; charset=UTF-8): '{"header":{"type":"elink","version":"0.3"},"linksets":[{"dbfrom":"bioproject","ids":["813543"],"linksetdbhistories":[{"dbto":"sra","linkname":"bioproject_sra","ERROR":"callMLink: Failed MegaLink call
2026-05-11 15:42:16,912 WARNING Retry 2/5 for 'PRJNA813543' (full chain): Invalid control character at: line 1 column 235 (char 234)
2026-05-11 15:42:16,982 WARNING Retry 2/5 for 'PRJNA818260' (full chain): elink backend error in linksetdbhistories: 'callMLink: Query failed on MegaLink server'
2026-05-11 15:42:19,032 WARNING Bad JSON from elink (content-type: application/json; charset=UTF-8): '{"header":{"type":"elink","version":"0.3"},"linksets":[{"dbfrom":"bioproject","ids":["815819"],"linksetdbhistories":[{"dbto":"sra","linkname":"bioproject_sra","ERROR":"callMLink: Failed MegaLink call
2026-05-11 15:42:19,033 WARNING Retry 2/5 for 'PRJNA815819' (full chain): Invalid control character at: line 1 column 235 (char 234)
2026-05-11 15:42:19,917 WARNING Retry 2/5 for 'PRJNA666199' (full chain): elink backend error in linksetdbhistories: 'callMLink: Query failed on MegaLink server'
2026-05-11 15:42:19,927 WARNING Retry 2/5 for 'PRJNA816557' (full chain): elink backend error in linksetdbhistories: 'callMLink: Query failed on MegaLink server'
2026-05-11 15:42:20,457 WARNING Retry 2/5 for 'PRJNA1222873' (full chain): elink backend error in linksetdbhistories: 'callMLink: Query failed on MegaLink server'
2026-05-11 15:42:24,139 WARNING Retry 2/5 for 'PRJNA666217' (full chain): elink backend error in linksetdbhistories: 'callMLink: Query failed on MegaLink server'
2026-05-11 15:42:24,190 WARNING Retry 2/5 for 'PRJNA817182' (full chain): elink backend error in linksetdbhistories: 'callMLink: Query failed on MegaLink server'
2026-05-11 15:42:24,194 WARNING Retry 2/5 for 'PRJNA667785' (full chain): elink backend error in linksetdbhistories: 'callMLink: Query failed on MegaLink server'
2026-05-11 15:42:24,209 WARNING Retry 2/5 for 'PRJNA820747' (full chain): elink backend error in linksetdbhistories: 'callMLink: Query failed on MegaLink server'
2026-05-11 15:42:24,407 WARNING Retry 2/5 for 'PRJNA819445' (full chain): elink backend error in linksetdbhistories: 'callMLink: Query failed on MegaLink server'
2026-05-11 15:42:24,459 WARNING Retry 2/5 for 'PRJNA957276' (full chain): elink backend error in linksetdbhistories: 'callMLink: Query failed on MegaLink server'
2026-05-11 15:42:28,215 WARNING Bad JSON from elink (content-type: application/json; charset=UTF-8): '{"header":{"type":"elink","version":"0.3"},"linksets":[{"dbfrom":"bioproject","ids":["666650"],"linksetdbhistories":[{"dbto":"sra","linkname":"bioproject_sra","querykey":"2"},{"dbto":"sra","linkname"
2026-05-11 15:42:28,216 WARNING Retry 2/5 for 'PRJNA666650' (full chain): Invalid control character at: line 1 column 297 (char 296)
2026-05-11 15:42:28,584 WARNING Retry 2/5 for 'PRJNA1226171' (full chain): elink backend error in linksetdbhistories: 'callMLink: Query failed on MegaLink server'
2026-05-11 15:42:31,675 WARNING Retry 2/5 for 'PRJNA1088541' (full chain): elink backend error in linksetdbhistories: 'callMLink: Query failed on MegaLink server'
2026-05-11 15:42:32,195 WARNING Retry 2/5 for 'PRJNA826467' (full chain): elink backend error in linksetdbhistories: 'callMLink: Query failed on MegaLink server'
2026-05-11 15:42:32,214 WARNING Retry 2/5 for 'PRJNA678734' (full chain): elink backend error in linksetdbhistories: 'callMLink: Query failed on MegaLink server'
2026-05-11 15:42:32,367 WARNING No SRA links found for 'PRJNA831886'
2026-05-11 15:42:32,482 WARNING Retry 2/5 for 'PRJNA1236318' (full chain): elink backend error in linksetdbhistories: 'callMLink: Query failed on MegaLink server'
2026-05-11 15:42:33,211 WARNING Bad JSON from elink (content-type: application/json; charset=UTF-8): '{"header":{"type":"elink","version":"0.3"},"linksets":[{"dbfrom":"bioproject","ids":["962924"],"linksetdbhistories":[{"dbto":"sra","linkname":"bioproject_sra","querykey":"2"},{"dbto":"sra","linkname"
2026-05-11 15:42:33,212 WARNING Retry 2/5 for 'PRJNA962924' (full chain): Invalid control character at: line 1 column 297 (char 296)
2026-05-11 15:42:35,233 WARNING Bad JSON from elink (content-type: application/json; charset=UTF-8): '{"header":{"type":"elink","version":"0.3"},"linksets":[{"dbfrom":"bioproject","ids":["1087348"],"linksetdbhistories":[{"dbto":"sra","linkname":"bioproject_sra","ERROR":"callMLink: Failed MegaLink cal
2026-05-11 15:42:35,234 WARNING Retry 2/5 for 'PRJNA1087348' (full chain): Invalid control character at: line 1 column 236 (char 235)
2026-05-11 15:42:36,123 WARNING Retry 2/5 for 'PRJNA832946' (full chain): elink backend error in linksetdbhistories: 'callMLink: Query failed on MegaLink server'
2026-05-11 15:42:36,243 WARNING Bad JSON from elink (content-type: application/json; charset=UTF-8): '{"header":{"type":"elink","version":"0.3"},"linksets":[{"dbfrom":"bioproject","ids":["1184230"],"linksetdbhistories":[{"dbto":"sra","linkname":"bioproject_sra","querykey":"2"},{"dbto":"sra","linkname
2026-05-11 15:42:36,244 WARNING Retry 2/5 for 'PRJDB17987' (full chain): Invalid control character at: line 1 column 298 (char 297)
2026-05-11 15:42:36,260 WARNING Bad JSON from elink (content-type: application/json; charset=UTF-8): '{"header":{"type":"elink","version":"0.3"},"linksets":[{"dbfrom":"bioproject","ids":["1091652"],"linksetdbhistories":[{"dbto":"sra","linkname":"bioproject_sra","querykey":"2"},{"dbto":"sra","linkname
2026-05-11 15:42:36,261 WARNING Retry 2/5 for 'PRJNA1091652' (full chain): Invalid control character at: line 1 column 298 (char 297)
2026-05-11 15:42:36,337 WARNING Bad JSON from elink (content-type: application/json; charset=UTF-8): '{"header":{"type":"elink","version":"0.3"},"linksets":[{"dbfrom":"bioproject","ids":["962821"],"linksetdbhistories":[{"dbto":"sra","linkname":"bioproject_sra","ERROR":"callMLink: Failed MegaLink call
2026-05-11 15:42:36,337 WARNING Retry 2/5 for 'PRJNA962821' (full chain): Invalid control character at: line 1 column 235 (char 234)
2026-05-11 15:42:38,721 WARNING Bad JSON from elink (content-type: application/json; charset=UTF-8): '{"header":{"type":"elink","version":"0.3"},"linksets":[{"dbfrom":"bioproject","ids":["1363503"],"linksetdbhistories":[{"dbto":"sra","linkname":"bioproject_sra","ERROR":"callMLink: Failed MegaLink cal
2026-05-11 15:42:38,723 WARNING Retry 2/5 for 'PRJDB37006' (full chain): Invalid control character at: line 1 column 236 (char 235)
2026-05-11 15:42:39,771 WARNING Retry 2/5 for 'PRJNA989235' (full chain): elink backend error in linksetdbhistories: 'callMLink: Query failed on MegaLink server'
2026-05-11 15:42:39,997 WARNING Retry 2/5 for 'PRJNA967628' (full chain): elink backend error in linksetdbhistories: 'callMLink: Query failed on MegaLink server'
2026-05-11 15:42:40,314 WARNING Bad JSON from elink (content-type: application/json; charset=UTF-8): '{"header":{"type":"elink","version":"0.3"},"linksets":[{"dbfrom":"bioproject","ids":["967262"],"linksetdbhistories":[{"dbto":"sra","linkname":"bioproject_sra","querykey":"2"},{"dbto":"sra","linkname"
2026-05-11 15:42:40,314 WARNING Retry 2/5 for 'PRJNA967262' (full chain): Invalid control character at: line 1 column 297 (char 296)
2026-05-11 15:42:40,317 WARNING Bad JSON from elink (content-type: application/json; charset=UTF-8): '{"header":{"type":"elink","version":"0.3"},"linksets":[{"dbfrom":"bioproject","ids":["1092255"],"linksetdbhistories":[{"dbto":"sra","linkname":"bioproject_sra","ERROR":"callMLink: Query failed on Meg
2026-05-11 15:42:40,317 WARNING Retry 2/5 for 'PRJNA1092255' (full chain): Invalid control character at: line 1 column 336 (char 335)
2026-05-11 15:42:40,367 WARNING Bad JSON from elink (content-type: application/json; charset=UTF-8): '{"header":{"type":"elink","version":"0.3"},"linksets":[{"dbfrom":"bioproject","ids":["1071273"],"linksetdbhistories":[{"dbto":"sra","linkname":"bioproject_sra","ERROR":"callMLink: Failed MegaLink cal
2026-05-11 15:42:40,367 WARNING Retry 2/5 for 'PRJNA1071273' (full chain): Invalid control character at: line 1 column 236 (char 235)
2026-05-11 15:42:40,370 WARNING Bad JSON from elink (content-type: application/json; charset=UTF-8): '{"header":{"type":"elink","version":"0.3"},"linksets":[{"dbfrom":"bioproject","ids":["681604"],"linksetdbhistories":[{"dbto":"sra","linkname":"bioproject_sra","querykey":"2"},{"dbto":"sra","linkname"
2026-05-11 15:42:40,371 WARNING Retry 2/5 for 'PRJNA681604' (full chain): Invalid control character at: line 1 column 297 (char 296)
2026-05-11 15:42:40,476 WARNING Bad JSON from elink (content-type: application/json; charset=UTF-8): '{"header":{"type":"elink","version":"0.3"},"linksets":[{"dbfrom":"bioproject","ids":["681820"],"linksetdbhistories":[{"dbto":"sra","linkname":"bioproject_sra","querykey":"2"},{"dbto":"sra","linkname"
2026-05-11 15:42:40,477 WARNING Retry 2/5 for 'PRJNA681820' (full chain): Invalid control character at: line 1 column 297 (char 296)
2026-05-11 15:42:40,487 WARNING Retry 2/5 for 'PRJNA682432' (full chain): elink backend error in linksetdbhistories: 'callMLink: Query failed on MegaLink server'
2026-05-11 15:42:40,553 WARNING Retry 2/5 for 'PRJNA682337' (full chain): elink backend error in linksetdbhistories: 'callMLink: Query failed on MegaLink server'
2026-05-11 15:42:40,943 WARNING Retry 2/5 for 'PRJNA682615' (full chain): elink backend error in linksetdbhistories: 'callMLink: Query failed on MegaLink server'
2026-05-11 15:42:43,472 WARNING Bad JSON from elink (content-type: application/json; charset=UTF-8): '{"header":{"type":"elink","version":"0.3"},"linksets":[{"dbfrom":"bioproject","ids":["1363225"],"linksetdbhistories":[{"dbto":"sra","linkname":"bioproject_sra","ERROR":"callMLink: Failed MegaLink cal
2026-05-11 15:42:43,473 WARNING Retry 2/5 for 'PRJDB28436' (full chain): Invalid control character at: line 1 column 236 (char 235)
2026-05-11 15:42:44,449 WARNING Bad JSON from elink (content-type: application/json; charset=UTF-8): '{"header":{"type":"elink","version":"0.3"},"linksets":[{"dbfrom":"bioproject","ids":["1250282"],"linksetdbhistories":[{"dbto":"sra","linkname":"bioproject_sra","querykey":"2"},{"dbto":"sra","linkname
2026-05-11 15:42:44,450 WARNING Retry 2/5 for 'PRJNA1250282' (full chain): Invalid control character at: line 1 column 298 (char 297)
2026-05-11 15:42:44,466 WARNING Retry 2/5 for 'PRJNA838602' (full chain): elink backend error in linksetdbhistories: 'callMLink: Query failed on MegaLink server'
2026-05-11 15:42:45,088 WARNING Retry 2/5 for 'PRJEB52040' (full chain): elink backend error in linksetdbhistories: 'callMLink: Query failed on MegaLink server'
2026-05-11 15:42:47,290 WARNING Retry 2/5 for 'PRJNA1100500' (full chain): elink backend error in linksetdbhistories: 'callMLink: Query failed on MegaLink server'
2026-05-11 15:42:48,826 WARNING Retry 2/5 for 'PRJNA689219' (full chain): elink backend error in linksetdbhistories: 'callMLink: Query failed on MegaLink server'
2026-05-11 15:42:48,858 WARNING Bad JSON from elink (content-type: application/json; charset=UTF-8): '{"header":{"type":"elink","version":"0.3"},"linksets":[{"dbfrom":"bioproject","ids":["972126"],"linksetdbhistories":[{"dbto":"sra","linkname":"bioproject_sra","ERROR":"callMLink: Failed MegaLink call
2026-05-11 15:42:48,865 WARNING Retry 2/5 for 'PRJNA972126' (full chain): Invalid control character at: line 1 column 235 (char 234)
2026-05-11 15:42:48,935 WARNING Retry 2/5 for 'PRJNA1101064' (full chain): elink backend error in linksetdbhistories: 'callMLink: Query failed on MegaLink server'
2026-05-11 15:42:48,963 WARNING Retry 2/5 for 'PRJNA1098757' (full chain): elink backend error in linksetdbhistories: 'callMLink: Query failed on MegaLink server'
2026-05-11 15:42:48,987 WARNING Retry 2/5 for 'PRJNA1101512' (full chain): elink backend error in linksetdbhistories: 'callMLink: Query failed on MegaLink server'
2026-05-11 15:42:49,046 WARNING Retry 2/5 for 'PRJNA973674' (full chain): elink backend error in linksetdbhistories: 'callMLink: Query failed on MegaLink server'
2026-05-11 15:42:49,242 WARNING Retry 2/5 for 'PRJNA1101548' (full chain): elink backend error in linksetdbhistories: 'callMLink: Query failed on MegaLink server'
2026-05-11 15:42:49,298 WARNING Retry 2/5 for 'PRJNA1253748' (full chain): elink backend error in linksetdbhistories: 'callMLink: Query failed on MegaLink server'
2026-05-11 15:42:52,376 WARNING Retry 2/5 for 'PRJNA975200' (full chain): elink backend error in linksetdbhistories: 'callMLink: Query failed on MegaLink server'
2026-05-11 15:42:52,435 WARNING Retry 2/5 for 'PRJNA1101568' (full chain): elink backend error in linksetdbhistories: 'callMLink: Query failed on MegaLink server'
2026-05-11 15:42:52,593 WARNING Retry 2/5 for 'PRJNA692726' (full chain): elink backend error in linksetdbhistories: 'callMLink: Query failed on MegaLink server'
2026-05-11 15:42:52,610 WARNING Retry 2/5 for 'PRJNA1256273' (full chain): elink backend error in linksetdbhistories: 'callMLink: Query failed on MegaLink server'
2026-05-11 15:42:53,998 WARNING Retry 2/5 for 'PRJNA1259907' (full chain): elink backend error in linksetdbhistories: 'callMLink: Query failed on MegaLink server'
2026-05-11 15:42:54,999 WARNING Bad JSON from elink (content-type: application/json; charset=UTF-8): '{"header":{"type":"elink","version":"0.3"},"linksets":[{"dbfrom":"bioproject","ids":["975171"],"linksetdbhistories":[{"dbto":"sra","linkname":"bioproject_sra","ERROR":"callMLink: Failed MegaLink call
2026-05-11 15:42:55,000 WARNING Retry 2/5 for 'PRJNA975171' (full chain): Invalid control character at: line 1 column 235 (char 234)
2026-05-11 15:42:55,931 WARNING Bad JSON from elink (content-type: application/json; charset=UTF-8): '{"header":{"type":"elink","version":"0.3"},"linksets":[{"dbfrom":"bioproject","ids":["1103089"],"linksetdbhistories":[{"dbto":"sra","linkname":"bioproject_sra","ERROR":"callMLink: Failed MegaLink cal
2026-05-11 15:42:55,932 WARNING Retry 2/5 for 'PRJNA1103089' (full chain): Invalid control character at: line 1 column 236 (char 235)
2026-05-11 15:42:56,879 WARNING Retry 2/5 for 'PRJEB63299' (full chain): elink backend error in linksetdbhistories: 'callMLink: Query failed on MegaLink server'
2026-05-11 15:42:56,900 WARNING Retry 2/5 for 'PRJNA1102029' (full chain): elink backend error in linksetdbhistories: 'callMLink: Query failed on MegaLink server'
2026-05-11 15:42:56,925 WARNING Retry 2/5 for 'PRJNA692496' (full chain): elink backend error in linksetdbhistories: 'callMLink: Query failed on MegaLink server'
2026-05-11 15:42:57,439 WARNING Retry 2/5 for 'PRJNA848796' (full chain): elink backend error in linksetdbhistories: 'callMLink: Query failed on MegaLink server'
2026-05-11 15:43:00,081 WARNING Retry 2/5 for 'PRJNA1106538' (full chain): elink backend error in linksetdbhistories: 'callMLink: Query failed on MegaLink server'
2026-05-11 15:43:00,249 WARNING Retry 2/5 for 'PRJNA1105070' (full chain): elink backend error in linksetdbhistories: 'callMLink: Query failed on MegaLink server'
2026-05-11 15:43:00,978 WARNING Bad JSON from elink (content-type: application/json; charset=UTF-8): '{"header":{"type":"elink","version":"0.3"},"linksets":[{"dbfrom":"bioproject","ids":["977681"],"linksetdbhistories":[{"dbto":"sra","linkname":"bioproject_sra","querykey":"2"},{"dbto":"sra","linkname"
2026-05-11 15:43:00,979 WARNING Retry 2/5 for 'PRJNA977681' (full chain): Invalid control character at: line 1 column 297 (char 296)
2026-05-11 15:43:00,987 WARNING Retry 2/5 for 'PRJNA984311' (full chain): elink backend error in linksetdbhistories: 'callMLink: Query failed on MegaLink server'
2026-05-11 15:43:01,198 WARNING Retry 2/5 for 'PRJNA849410' (full chain): elink backend error in linksetdbhistories: 'callMLink: Query failed on MegaLink server'
2026-05-11 15:43:01,416 WARNING Retry 2/5 for 'PRJNA1111363' (full chain): elink backend error in linksetdbhistories: 'callMLink: Query failed on MegaLink server'
2026-05-11 15:43:01,991 WARNING Bad JSON from elink (content-type: application/json; charset=UTF-8): '{"header":{"type":"elink","version":"0.3"},"linksets":[{"dbfrom":"bioproject","ids":["841584"],"linksetdbhistories":[{"dbto":"sra","linkname":"bioproject_sra","ERROR":"callMLink: Failed MegaLink call
2026-05-11 15:43:01,991 WARNING Retry 2/5 for 'PRJNA841584' (full chain): Invalid control character at: line 1 column 235 (char 234)
2026-05-11 15:43:03,964 WARNING Retry 2/5 for 'PRJNA986096' (full chain): elink backend error in linksetdbhistories: 'callMLink: Query failed on MegaLink server'
2026-05-11 15:43:03,996 WARNING Bad JSON from elink (content-type: application/json; charset=UTF-8): '{"header":{"type":"elink","version":"0.3"},"linksets":[{"dbfrom":"bioproject","ids":["849229"],"linksetdbhistories":[{"dbto":"sra","linkname":"bioproject_sra","querykey":"2"},{"dbto":"sra","linkname"
2026-05-11 15:43:03,997 WARNING Retry 2/5 for 'PRJNA849229' (full chain): Invalid control character at: line 1 column 297 (char 296)
2026-05-11 15:43:04,969 WARNING Retry 2/5 for 'PRJNA1267120' (full chain): elink backend error in linksetdbhistories: 'callMLink: Query failed on MegaLink server'
2026-05-11 15:43:05,171 WARNING Retry 2/5 for 'PRJNA1269102' (full chain): elink backend error in linksetdbhistories: 'callMLink: Query failed on MegaLink server'
2026-05-11 15:43:05,175 WARNING Retry 2/5 for 'PRJNA984664' (full chain): elink backend error in linksetdbhistories: 'callMLink: Query failed on MegaLink server'
2026-05-11 15:43:05,329 WARNING Retry 2/5 for 'PRJNA850413' (full chain): elink backend error in linksetdbhistories: 'callMLink: Query failed on MegaLink server'
2026-05-11 15:43:05,428 WARNING Retry 2/5 for 'PRJEB14362' (full chain): elink backend error in linksetdbhistories: 'callMLink: Query failed on MegaLink server'
2026-05-11 15:43:07,340 WARNING Retry 2/5 for 'PRJNA852580' (full chain): elink backend error in linksetdbhistories: 'callMLink: Query failed on MegaLink server'
2026-05-11 15:43:13,150 WARNING Retry 2/5 for 'PRJNA707604' (full chain): elink backend error in linksetdbhistories: 'callMLink: Query failed on MegaLink server'
2026-05-11 15:43:14,091 WARNING Retry 2/5 for 'PRJEB102286' (full chain): elink backend error in linksetdbhistories: 'callMLink: Query failed on MegaLink server'
2026-05-11 15:43:15,188 WARNING Retry 2/5 for 'PRJNA1289808' (full chain): elink backend error in linksetdbhistories: 'callMLink: Query failed on MegaLink server'
2026-05-11 15:43:17,495 WARNING Retry 2/5 for 'PRJEB40914' (full chain): elink backend error in linksetdbhistories: 'callMLink: Query failed on MegaLink server'
2026-05-11 15:43:17,517 WARNING Retry 2/5 for 'PRJNA863617' (full chain): elink backend error in linksetdbhistories: 'callMLink: Query failed on MegaLink server'
2026-05-11 15:43:17,720 WARNING Retry 2/5 for 'PRJEB39956' (full chain): elink backend error in linksetdbhistories: 'callMLink: Query failed on MegaLink server'
2026-05-11 15:43:17,831 WARNING Retry 2/5 for 'PRJEB36252' (full chain): elink backend error in linksetdbhistories: 'callMLink: Query failed on MegaLink server'
2026-05-11 15:43:18,758 WARNING Retry 2/5 for 'PRJNA1294180' (full chain): elink backend error in linksetdbhistories: 'callMLink: Query failed on MegaLink server'
2026-05-11 15:43:19,942 WARNING Retry 2/5 for 'PRJNA719826' (full chain): elink backend error in linksetdbhistories: 'callMLink: Query failed on MegaLink server'
2026-05-11 15:43:22,001 WARNING Retry 2/5 for 'PRJNA427212' (full chain): elink backend error in linksetdbhistories: 'callMLink: Query failed on MegaLink server'
2026-05-11 15:43:22,350 WARNING Retry 2/5 for 'PRJNA869671' (full chain): elink backend error in linksetdbhistories: 'callMLink: Query failed on MegaLink server'
2026-05-11 15:43:24,692 WARNING Retry 2/5 for 'PRJNA435591' (full chain): elink backend error in linksetdbhistories: 'callMLink: Query failed on MegaLink server'
2026-05-11 15:43:25,889 WARNING Retry 2/5 for 'PRJNA729525' (full chain): elink backend error in linksetdbhistories: 'callMLink: Query failed on MegaLink server'
2026-05-11 15:43:25,910 WARNING Retry 2/5 for 'PRJNA1322415' (full chain): elink backend error in linksetdbhistories: 'callMLink: Query failed on MegaLink server'
2026-05-11 15:43:29,717 WARNING Retry 2/5 for 'PRJNA731527' (full chain): elink backend error in linksetdbhistories: 'callMLink: Query failed on MegaLink server'
2026-05-11 15:43:30,345 WARNING Retry 2/5 for 'PRJNA1006303' (full chain): elink backend error in linksetdbhistories: 'callMLink: Query failed on MegaLink server'
2026-05-11 15:43:38,466 WARNING Retry 2/5 for 'PRJNA736973' (full chain): elink backend error in linksetdbhistories: 'callMLink: Query failed on MegaLink server'
2026-05-11 15:43:44,135 WARNING Retry 2/5 for 'PRJNA882878' (full chain): elink backend error in linksetdbhistories: 'callMLink: Query failed on MegaLink server'
2026-05-11 15:43:46,863 WARNING Retry 2/5 for 'PRJNA737360' (full chain): 
2026-05-11 15:43:49,152 WARNING Retry 2/5 for 'PRJNA542664' (full chain): 
2026-05-11 15:43:49,817 WARNING Retry 2/5 for 'PRJNA793914' (full chain): elink backend error in linksetdbhistories: 'callMLink: Query failed on MegaLink server'
2026-05-11 15:43:50,737 WARNING Retry 2/5 for 'PRJNA1142499' (full chain): elink backend error in linksetdbhistories: 'callMLink: Query failed on MegaLink server'
2026-05-11 15:43:51,505 WARNING Retry 2/5 for 'PRJNA1021257' (full chain): elink backend error in linksetdbhistories: 'callMLink: Query failed on MegaLink server'
2026-05-11 15:43:51,573 WARNING Retry 2/5 for 'PRJNA882398' (full chain): 
2026-05-11 15:43:52,114 WARNING Retry 2/5 for 'PRJNA882668' (full chain): 
2026-05-11 15:43:54,720 WARNING Retry 2/5 for 'PRJNA559801' (full chain): elink backend error in linksetdbhistories: 'callMLink: Query failed on MegaLink server'
2026-05-11 15:43:54,769 WARNING Retry 2/5 for 'PRJNA915621' (full chain): elink backend error in linksetdbhistories: 'callMLink: Query failed on MegaLink server'
2026-05-11 15:43:54,779 WARNING Retry 2/5 for 'PRJNA753832' (full chain): elink backend error in linksetdbhistories: 'callMLink: Query failed on MegaLink server'
2026-05-11 15:43:55,100 WARNING Retry 2/5 for 'PRJNA1023245' (full chain): elink backend error in linksetdbhistories: 'callMLink: Query failed on MegaLink server'
2026-05-11 15:43:55,594 WARNING Retry 2/5 for 'PRJNA861336' (full chain): elink backend error in linksetdbhistories: 'callMLink: Query failed on MegaLink server'
2026-05-11 15:43:59,003 WARNING Retry 2/5 for 'PRJNA963403' (full chain): elink backend error in linksetdbhistories: 'callMLink: Query failed on MegaLink server'
2026-05-11 15:43:59,445 WARNING Retry 2/5 for 'PRJNA862451' (full chain): 
2026-05-11 15:44:01,133 WARNING Retry 2/5 for 'PRJNA890164' (full chain): 
2026-05-11 15:44:01,291 WARNING Retry 2/5 for 'PRJNA1151063' (full chain): elink backend error in linksetdbhistories: 'callMLink: Query failed on MegaLink server'
2026-05-11 15:44:01,539 WARNING Retry 2/5 for 'PRJNA751229' (full chain): 
2026-05-11 15:44:02,133 WARNING Retry 2/5 for 'PRJNA1024448' (full chain): elink backend error in linksetdbhistories: 'callMLink: Query failed on MegaLink server'
2026-05-11 15:44:02,866 WARNING Retry 2/5 for 'PRJNA1153994' (full chain): elink backend error in linksetdbhistories: 'callMLink: Query failed on MegaLink server'
2026-05-11 15:44:03,834 WARNING Retry 2/5 for 'PRJNA1028557' (full chain): elink backend error in linksetdbhistories: 'callMLink: Query failed on MegaLink server'
2026-05-11 15:44:04,374 WARNING Retry 2/5 for 'PRJNA934186' (full chain): elink backend error in linksetdbhistories: 'callMLink: Query failed on MegaLink server'
2026-05-11 15:44:07,008 WARNING Retry 2/5 for 'PRJNA1030023' (full chain): elink backend error in linksetdbhistories: 'callMLink: Query failed on MegaLink server'
2026-05-11 15:44:09,606 WARNING Retry 2/5 for 'PRJNA970943' (full chain): 
2026-05-11 15:44:10,974 WARNING Retry 2/5 for 'PRJNA597534' (full chain): elink backend error in linksetdbhistories: 'callMLink: Query failed on MegaLink server'
2026-05-11 15:44:11,520 WARNING Retry 2/5 for 'PRJNA598224' (full chain): elink backend error in linksetdbhistories: 'callMLink: Query failed on MegaLink server'
2026-05-11 15:44:14,875 WARNING Retry 2/5 for 'PRJNA1067846' (full chain): elink backend error in linksetdbhistories: 'callMLink: Query failed on MegaLink server'
2026-05-11 15:47:35,890 WARNING Retry 2/5 for 'PRJNA1138785' (full chain): elink backend error in linksetdbhistories: 'callMLink: Query failed on MegaLink server'
2026-05-11 15:48:13,075 WARNING Retry 3/5 for 'PRJNA909608' (full chain): elink backend error in linksetdbhistories: 'callMLink: Query failed on MegaLink server'
2026-05-11 15:48:16,668 WARNING Retry 3/5 for 'PRJNA768275' (full chain): elink backend error in linksetdbhistories: 'callMLink: Query failed on MegaLink server'
2026-05-11 15:48:17,058 WARNING Retry 3/5 for 'PRJNA1365505' (full chain): elink backend error in linksetdbhistories: 'callMLink: Query failed on MegaLink server'
2026-05-11 15:48:21,101 WARNING Retry 3/5 for 'PRJNA938499' (full chain): elink backend error in linksetdbhistories: 'callMLink: Query failed on MegaLink server'
2026-05-11 15:48:22,202 WARNING Retry 3/5 for 'PRJNA633387' (full chain): elink backend error in linksetdbhistories: 'callMLink: Query failed on MegaLink server'
2026-05-11 15:48:24,578 WARNING Retry 3/5 for 'PRJNA1071159' (full chain): elink backend error in linksetdbhistories: 'callMLink: Query failed on MegaLink server'
2026-05-11 15:48:24,886 WARNING Retry 3/5 for 'PRJNA666199' (full chain): elink backend error in linksetdbhistories: 'callMLink: Query failed on MegaLink server'
2026-05-11 15:48:25,130 WARNING Retry 3/5 for 'PRJNA949613' (full chain): elink backend error in linksetdbhistories: 'callMLink: Query failed on MegaLink server'
2026-05-11 15:48:25,149 WARNING Retry 3/5 for 'PRJNA678734' (full chain): elink backend error in linksetdbhistories: 'callMLink: Query failed on MegaLink server'
2026-05-11 15:48:33,354 WARNING Retry 3/5 for 'PRJNA1289808' (full chain): elink backend error in linksetdbhistories: 'callMLink: Query failed on MegaLink server'
2026-05-11 15:48:37,608 WARNING Retry 3/5 for 'PRJEB14362' (full chain): elink backend error in linksetdbhistories: 'callMLink: Query failed on MegaLink server'
2026-05-11 15:48:41,325 WARNING Retry 3/5 for 'PRJNA1028557' (full chain): elink backend error in linksetdbhistories: 'callMLink: Query failed on MegaLink server'
